{
  "target_type": "binary",
  "num_samples": 163,
  "decision_threshold": 0.5,
  "precision": 0.7162162162162162,
  "recall": 0.8833333333333333,
  "f1": 0.7910447761194029,
  "auc": 0.9064724919093851
}