{
  "target_type": "regression",
  "num_samples": 166,
  "mae": 0.8051600116024534,
  "rmse": 1.0941520556965383
}