snapshot_id,webcam_id,label_source,label_value,target_label,split,image_path_or_url,phase,captured_at,rating_count,source,llm_model
119498,5649571,gold,0.75,0.75,train,https://storage.googleapis.com/sunrisesunset-32a25.firebasestorage.app/snapshots/5649571/1785510963755.jpg,sunset,2026-07-31 15:16:04.165465+00:00,0,webcam,
119501,93,gold,0.0,0.0,train,https://storage.googleapis.com/sunrisesunset-32a25.firebasestorage.app/snapshots/93/1785512765365.jpg,sunset,2026-07-31 15:46:05.717915+00:00,0,webcam,
119510,29051458,gold,0.75,0.75,train,https://storage.googleapis.com/sunrisesunset-32a25.firebasestorage.app/snapshots/29051458/1785514570295.jpg,sunset,2026-07-31 16:16:11.068853+00:00,0,webcam,
119511,27075159,gold,1.0,1.0,train,https://storage.googleapis.com/sunrisesunset-32a25.firebasestorage.app/snapshots/27075159/1785514570978.jpg,sunset,2026-07-31 16:16:11.340956+00:00,0,webcam,
119512,29051458,gold,0.5,0.5,train,https://storage.googleapis.com/sunrisesunset-32a25.firebasestorage.app/snapshots/29051458/1785515465605.jpg,sunset,2026-07-31 16:31:06.311077+00:00,0,webcam,
119514,27075159,gold,1.0,1.0,train,https://storage.googleapis.com/sunrisesunset-32a25.firebasestorage.app/snapshots/27075159/1785515465984.jpg,sunset,2026-07-31 16:31:06.601925+00:00,0,webcam,
119516,331,gold,0.25,0.25,train,https://storage.googleapis.com/sunrisesunset-32a25.firebasestorage.app/snapshots/331/1785515468860.jpg,sunset,2026-07-31 16:31:09.157225+00:00,0,webcam,
119521,13233845,gold,0.25,0.25,train,https://storage.googleapis.com/sunrisesunset-32a25.firebasestorage.app/snapshots/13233845/1785517308237.jpg,sunset,2026-07-31 17:01:49.661394+00:00,0,webcam,
119527,29039291,gold,0.75,0.75,train,https://storage.googleapis.com/sunrisesunset-32a25.firebasestorage.app/snapshots/29039291/1785520921438.jpg,sunset,2026-07-31 18:02:01.812930+00:00,0,webcam,
119530,15569,gold,0.5,0.5,train,https://storage.googleapis.com/sunrisesunset-32a25.firebasestorage.app/snapshots/15569/1785521766724.jpg,sunset,2026-07-31 18:16:07.767070+00:00,0,webcam,
119532,29039291,gold,0.5,0.5,train,https://storage.googleapis.com/sunrisesunset-32a25.firebasestorage.app/snapshots/29039291/1785522721855.jpg,sunset,2026-07-31 18:32:02.292286+00:00,0,webcam,
119534,18487,gold,0.5,0.5,train,https://storage.googleapis.com/sunrisesunset-32a25.firebasestorage.app/snapshots/18487/1785523571275.jpg,sunset,2026-07-31 18:46:11.730306+00:00,0,webcam,
119537,387,gold,0.5,0.5,train,https://storage.googleapis.com/sunrisesunset-32a25.firebasestorage.app/snapshots/387/1785524479672.jpg,sunset,2026-07-31 19:01:20.672767+00:00,0,webcam,
119538,18487,gold,0.25,0.25,train,https://storage.googleapis.com/sunrisesunset-32a25.firebasestorage.app/snapshots/18487/1785524480569.jpg,sunset,2026-07-31 19:01:20.912511+00:00,0,webcam,
119541,18487,gold,0.25,0.25,train,https://storage.googleapis.com/sunrisesunset-32a25.firebasestorage.app/snapshots/18487/1785525368249.jpg,sunset,2026-07-31 19:16:08.774169+00:00,0,webcam,
119547,29038768,gold,0.0,0.0,train,https://storage.googleapis.com/sunrisesunset-32a25.firebasestorage.app/snapshots/29038768/1785528130750.jpg,sunset,2026-07-31 20:02:11.167806+00:00,0,webcam,
119548,449,gold,0.25,0.25,train,https://storage.googleapis.com/sunrisesunset-32a25.firebasestorage.app/snapshots/449/1785528132117.jpg,sunset,2026-07-31 20:02:12.441711+00:00,0,webcam,
119553,29038768,gold,0.75,0.75,train,https://storage.googleapis.com/sunrisesunset-32a25.firebasestorage.app/snapshots/29038768/1785528979055.jpg,sunset,2026-07-31 20:16:19.714227+00:00,0,webcam,
119554,772735,gold,0.5,0.5,train,https://storage.googleapis.com/sunrisesunset-32a25.firebasestorage.app/snapshots/772735/1785529857035.jpg,sunset,2026-07-31 20:30:57.968319+00:00,0,webcam,
119559,2937958,gold,0.75,0.75,train,https://storage.googleapis.com/sunrisesunset-32a25.firebasestorage.app/snapshots/2937958/1785530782003.jpg,sunset,2026-07-31 20:46:22.367637+00:00,0,webcam,
119560,29163873,gold,0.75,0.75,train,https://storage.googleapis.com/sunrisesunset-32a25.firebasestorage.app/snapshots/29163873/1785531714597.jpg,sunset,2026-07-31 21:01:55.018305+00:00,0,webcam,
119562,931,gold,1.0,1.0,train,https://storage.googleapis.com/sunrisesunset-32a25.firebasestorage.app/snapshots/931/1785531736241.jpg,sunset,2026-07-31 21:02:17.100109+00:00,0,webcam,
119563,2937958,gold,0.5,0.5,train,https://storage.googleapis.com/sunrisesunset-32a25.firebasestorage.app/snapshots/2937958/1785531736957.jpg,sunset,2026-07-31 21:02:17.390809+00:00,0,webcam,
119564,3459,gold,0.5,0.5,train,https://storage.googleapis.com/sunrisesunset-32a25.firebasestorage.app/snapshots/3459/1785531739217.jpg,sunset,2026-07-31 21:02:19.959448+00:00,0,webcam,
119569,4842,gold,0.25,0.25,train,https://storage.googleapis.com/sunrisesunset-32a25.firebasestorage.app/snapshots/4842/1785533456906.jpg,sunset,2026-07-31 21:30:57.285067+00:00,0,webcam,
119572,3203023,gold,0.0,0.0,train,https://storage.googleapis.com/sunrisesunset-32a25.firebasestorage.app/snapshots/3203023/1785533471862.jpg,sunset,2026-07-31 21:31:12.369014+00:00,0,webcam,
119573,19678,gold,0.5,0.5,train,https://storage.googleapis.com/sunrisesunset-32a25.firebasestorage.app/snapshots/19678/1785533477027.jpg,sunset,2026-07-31 21:31:17.335810+00:00,0,webcam,
119574,931,gold,0.75,0.75,train,https://storage.googleapis.com/sunrisesunset-32a25.firebasestorage.app/snapshots/931/1785533480724.jpg,sunset,2026-07-31 21:31:21.059343+00:00,0,webcam,
119575,3170470,gold,0.5,0.5,train,https://storage.googleapis.com/sunrisesunset-32a25.firebasestorage.app/snapshots/3170470/1785533483429.jpg,sunset,2026-07-31 21:31:24.148725+00:00,0,webcam,
119578,13588772,gold,0.75,0.75,train,https://storage.googleapis.com/sunrisesunset-32a25.firebasestorage.app/snapshots/13588772/1785534361350.jpg,sunset,2026-07-31 21:46:02.186118+00:00,0,webcam,
119577,4842,gold,0.75,0.75,train,https://storage.googleapis.com/sunrisesunset-32a25.firebasestorage.app/snapshots/4842/1785534358756.jpg,sunset,2026-07-31 21:45:59.147462+00:00,0,webcam,
119582,931,gold,0.25,0.25,train,https://storage.googleapis.com/sunrisesunset-32a25.firebasestorage.app/snapshots/931/1785534371251.jpg,sunset,2026-07-31 21:46:11.861338+00:00,0,webcam,
119583,4842,gold,0.5,0.5,train,https://storage.googleapis.com/sunrisesunset-32a25.firebasestorage.app/snapshots/4842/1785535316773.jpg,sunset,2026-07-31 22:01:57.539346+00:00,0,webcam,
119590,29160763,gold,0.25,0.25,train,https://storage.googleapis.com/sunrisesunset-32a25.firebasestorage.app/snapshots/29160763/1785536167794.jpg,sunset,2026-07-31 22:16:08.491929+00:00,0,webcam,
119593,19678,gold,0.25,0.25,train,https://storage.googleapis.com/sunrisesunset-32a25.firebasestorage.app/snapshots/19678/1785536170089.jpg,sunset,2026-07-31 22:16:10.407475+00:00,0,webcam,
119594,2412333,gold,0.75,0.75,train,https://storage.googleapis.com/sunrisesunset-32a25.firebasestorage.app/snapshots/2412333/1785536170549.jpg,sunset,2026-07-31 22:16:11.196036+00:00,0,webcam,
119598,363,gold,0.75,0.75,train,https://storage.googleapis.com/sunrisesunset-32a25.firebasestorage.app/snapshots/363/1785537068053.jpg,sunset,2026-07-31 22:31:08.542337+00:00,0,webcam,
119599,29160763,gold,0.0,0.0,train,https://storage.googleapis.com/sunrisesunset-32a25.firebasestorage.app/snapshots/29160763/1785537072121.jpg,sunset,2026-07-31 22:31:12.502463+00:00,0,webcam,
119602,363,gold,0.5,0.5,train,https://storage.googleapis.com/sunrisesunset-32a25.firebasestorage.app/snapshots/363/1785537964319.jpg,sunset,2026-07-31 22:46:04.747205+00:00,0,webcam,
119603,19678,gold,0.75,0.75,train,https://storage.googleapis.com/sunrisesunset-32a25.firebasestorage.app/snapshots/19678/1785537964517.jpg,sunset,2026-07-31 22:46:04.918787+00:00,0,webcam,
119606,5134693,gold,0.5,0.5,train,https://storage.googleapis.com/sunrisesunset-32a25.firebasestorage.app/snapshots/5134693/1785538921110.jpg,sunset,2026-07-31 23:02:01.405040+00:00,0,webcam,
119607,363,gold,1.0,1.0,train,https://storage.googleapis.com/sunrisesunset-32a25.firebasestorage.app/snapshots/363/1785538922315.jpg,sunset,2026-07-31 23:02:03.005083+00:00,0,webcam,
119608,19678,gold,0.75,0.75,train,https://storage.googleapis.com/sunrisesunset-32a25.firebasestorage.app/snapshots/19678/1785538922927.jpg,sunset,2026-07-31 23:02:03.234077+00:00,0,webcam,
119609,6373,gold,0.75,0.75,train,https://storage.googleapis.com/sunrisesunset-32a25.firebasestorage.app/snapshots/6373/1785538925632.jpg,sunset,2026-07-31 23:02:06.160865+00:00,0,webcam,
119616,4752639,gold,0.5,0.5,train,https://storage.googleapis.com/sunrisesunset-32a25.firebasestorage.app/snapshots/4752639/1785542516619.jpg,sunset,2026-08-01 00:01:57.862957+00:00,0,webcam,
119617,10149176,gold,0.0,0.0,train,https://storage.googleapis.com/sunrisesunset-32a25.firebasestorage.app/snapshots/10149176/1785542523223.jpg,sunset,2026-08-01 00:02:03.589033+00:00,0,webcam,
119622,16041375,gold,0.75,0.75,train,https://storage.googleapis.com/sunrisesunset-32a25.firebasestorage.app/snapshots/16041375/1785545167209.jpg,sunset,2026-08-01 00:46:08.091792+00:00,0,webcam,
119644,12586,gold,0.75,0.75,train,https://storage.googleapis.com/sunrisesunset-32a25.firebasestorage.app/snapshots/12586/1785551457853.jpg,sunset,2026-08-01 02:30:58.339835+00:00,0,webcam,
119643,5961510,gold,0.5,0.5,train,https://storage.googleapis.com/sunrisesunset-32a25.firebasestorage.app/snapshots/5961510/1785551457492.jpg,sunset,2026-08-01 02:30:58.339316+00:00,0,webcam,
119650,2921377,gold,0.5,0.5,train,https://storage.googleapis.com/sunrisesunset-32a25.firebasestorage.app/snapshots/2921377/1785551479915.jpg,sunset,2026-08-01 02:31:20.258199+00:00,0,webcam,
119651,12586,gold,0.75,0.75,train,https://storage.googleapis.com/sunrisesunset-32a25.firebasestorage.app/snapshots/12586/1785552339642.jpg,sunset,2026-08-01 02:45:40.366339+00:00,0,webcam,
119652,5961510,gold,1.0,1.0,train,https://storage.googleapis.com/sunrisesunset-32a25.firebasestorage.app/snapshots/5961510/1785552339924.jpg,sunset,2026-08-01 02:45:40.401195+00:00,0,webcam,
119654,28326341,gold,0.25,0.25,train,https://storage.googleapis.com/sunrisesunset-32a25.firebasestorage.app/snapshots/28326341/1785552360586.jpg,sunset,2026-08-01 02:46:00.907155+00:00,0,webcam,
119656,2921377,gold,0.5,0.5,train,https://storage.googleapis.com/sunrisesunset-32a25.firebasestorage.app/snapshots/2921377/1785552361481.jpg,sunset,2026-08-01 02:46:01.781332+00:00,0,webcam,
119658,28326341,gold,0.25,0.25,train,https://storage.googleapis.com/sunrisesunset-32a25.firebasestorage.app/snapshots/28326341/1785552365480.jpg,sunset,2026-08-01 02:46:05.917542+00:00,0,webcam,
119659,2921377,gold,0.5,0.5,train,https://storage.googleapis.com/sunrisesunset-32a25.firebasestorage.app/snapshots/2921377/1785552366386.jpg,sunset,2026-08-01 02:46:06.679648+00:00,0,webcam,
119660,12586,gold,1.0,1.0,train,https://storage.googleapis.com/sunrisesunset-32a25.firebasestorage.app/snapshots/12586/1785553272100.jpg,sunset,2026-08-01 03:01:12.834071+00:00,0,webcam,
119665,27645536,gold,0.0,0.0,train,https://storage.googleapis.com/sunrisesunset-32a25.firebasestorage.app/snapshots/27645536/1785553294238.jpg,sunset,2026-08-01 03:01:34.517716+00:00,0,webcam,
119669,29048102,gold,0.75,0.75,train,https://storage.googleapis.com/sunrisesunset-32a25.firebasestorage.app/snapshots/29048102/1785554156380.jpg,sunset,2026-08-01 03:15:56.735513+00:00,0,webcam,
119670,14268267,gold,0.0,0.0,train,https://storage.googleapis.com/sunrisesunset-32a25.firebasestorage.app/snapshots/14268267/1785554159038.jpg,sunset,2026-08-01 03:15:59.367533+00:00,0,webcam,
119682,7052758,gold,0.75,0.75,train,https://storage.googleapis.com/sunrisesunset-32a25.firebasestorage.app/snapshots/7052758/1785556878411.jpg,sunset,2026-08-01 04:01:18.738302+00:00,0,webcam,
119689,2969639,gold,0.0,0.0,train,https://storage.googleapis.com/sunrisesunset-32a25.firebasestorage.app/snapshots/2969639/1785557735561.jpg,sunset,2026-08-01 04:15:35.966827+00:00,0,webcam,
119694,28767507,gold,0.25,0.25,train,https://storage.googleapis.com/sunrisesunset-32a25.firebasestorage.app/snapshots/28767507/1785559523319.jpg,sunset,2026-08-01 04:45:23.957794+00:00,0,webcam,
119698,331,gold,0.5,0.5,train,https://storage.googleapis.com/sunrisesunset-32a25.firebasestorage.app/snapshots/331/1785560479401.jpg,sunset,2026-08-01 05:01:19.780674+00:00,0,webcam,
119703,21605540,gold,0.25,0.25,train,https://storage.googleapis.com/sunrisesunset-32a25.firebasestorage.app/snapshots/21605540/1785561333093.jpg,sunset,2026-08-01 05:15:33.854004+00:00,0,webcam,
119716,2923203,gold,0.75,0.75,train,https://storage.googleapis.com/sunrisesunset-32a25.firebasestorage.app/snapshots/2923203/1785569486552.jpg,sunset,2026-08-01 07:31:26.992446+00:00,0,webcam,
119719,2923203,gold,0.25,0.25,train,https://storage.googleapis.com/sunrisesunset-32a25.firebasestorage.app/snapshots/2923203/1785570330075.jpg,sunset,2026-08-01 07:45:30.451086+00:00,0,webcam,
119723,28886023,gold,0.75,0.75,train,https://storage.googleapis.com/sunrisesunset-32a25.firebasestorage.app/snapshots/28886023/1785572132277.jpg,sunset,2026-08-01 08:15:32.653324+00:00,0,webcam,
119726,29120716,gold,0.75,0.75,train,https://storage.googleapis.com/sunrisesunset-32a25.firebasestorage.app/snapshots/29120716/1785572133797.jpg,sunset,2026-08-01 08:15:34.078388+00:00,0,webcam,
119732,4641273,gold,0.0,0.0,train,https://storage.googleapis.com/sunrisesunset-32a25.firebasestorage.app/snapshots/4641273/1785573932849.jpg,sunset,2026-08-01 08:45:33.151611+00:00,0,webcam,
119741,3963339,gold,0.75,0.75,train,https://storage.googleapis.com/sunrisesunset-32a25.firebasestorage.app/snapshots/3963339/1785576692900.jpg,sunset,2026-08-01 09:31:33.254611+00:00,0,webcam,
119742,2412333,gold,1.0,1.0,train,https://storage.googleapis.com/sunrisesunset-32a25.firebasestorage.app/snapshots/2412333/1785577522405.jpg,sunset,2026-08-01 09:45:22.779883+00:00,0,webcam,
119743,3741,gold,0.75,0.75,train,https://storage.googleapis.com/sunrisesunset-32a25.firebasestorage.app/snapshots/3741/1785577533237.jpg,sunset,2026-08-01 09:45:34.274988+00:00,0,webcam,
119745,29144336,gold,0.25,0.25,train,https://storage.googleapis.com/sunrisesunset-32a25.firebasestorage.app/snapshots/29144336/1785577535216.jpg,sunset,2026-08-01 09:45:35.693668+00:00,0,webcam,
119746,3963339,gold,0.5,0.5,train,https://storage.googleapis.com/sunrisesunset-32a25.firebasestorage.app/snapshots/3963339/1785577535474.jpg,sunset,2026-08-01 09:45:35.824752+00:00,0,webcam,
119749,29144336,gold,0.0,0.0,train,https://storage.googleapis.com/sunrisesunset-32a25.firebasestorage.app/snapshots/29144336/1785578487037.jpg,sunset,2026-08-01 10:01:28.187277+00:00,0,webcam,
119755,8750142,gold,0.75,0.75,train,https://storage.googleapis.com/sunrisesunset-32a25.firebasestorage.app/snapshots/8750142/1785581122052.jpg,sunset,2026-08-01 10:45:22.723392+00:00,0,webcam,
119759,28794621,gold,0.5,0.5,train,https://storage.googleapis.com/sunrisesunset-32a25.firebasestorage.app/snapshots/28794621/1785581133456.jpg,sunset,2026-08-01 10:45:34.123930+00:00,0,webcam,
119765,12586,gold,0.0,0.0,train,https://storage.googleapis.com/sunrisesunset-32a25.firebasestorage.app/snapshots/12586/1785582931120.jpg,sunset,2026-08-01 11:15:31.490860+00:00,0,webcam,
73941,3914190,gold,0.5,0.5,train,https://storage.googleapis.com/sunrisesunset-32a25.firebasestorage.app/snapshots/3914190/1771926230165.jpg,sunset,2026-02-24 09:43:50.420905+00:00,0,webcam,
119769,12586,gold,0.0,0.0,train,https://storage.googleapis.com/sunrisesunset-32a25.firebasestorage.app/snapshots/12586/1785583887801.jpg,sunset,2026-08-01 11:31:28.112472+00:00,0,webcam,
119775,22856539,gold,0.75,0.75,train,https://storage.googleapis.com/sunrisesunset-32a25.firebasestorage.app/snapshots/22856539/1785586520564.jpg,sunset,2026-08-01 12:15:21.293500+00:00,0,webcam,
119780,2921377,gold,0.0,0.0,train,https://storage.googleapis.com/sunrisesunset-32a25.firebasestorage.app/snapshots/2921377/1785587482611.jpg,sunset,2026-08-01 12:31:23.566637+00:00,0,webcam,
70277,12451,gold,0.5,0.5,train,https://storage.googleapis.com/sunrisesunset-32a25.firebasestorage.app/snapshots/12451/1771117489961.jpg,sunset,2026-02-15 01:04:50.237369+00:00,0,webcam,
119792,21605540,gold,1.0,1.0,train,https://storage.googleapis.com/sunrisesunset-32a25.firebasestorage.app/snapshots/21605540/1785598274964.jpg,sunset,2026-08-01 15:31:15.459989+00:00,0,webcam,
76861,300,gold,0.5,0.5,train,https://storage.googleapis.com/sunrisesunset-32a25.firebasestorage.app/snapshots/300/1772645089003.jpg,sunrise,2026-03-04 17:24:49.312023+00:00,0,webcam,
119794,21605540,gold,0.75,0.75,train,https://storage.googleapis.com/sunrisesunset-32a25.firebasestorage.app/snapshots/21605540/1785599121148.jpg,sunset,2026-08-01 15:45:21.524109+00:00,0,webcam,
119797,29135072,gold,0.5,0.5,train,https://storage.googleapis.com/sunrisesunset-32a25.firebasestorage.app/snapshots/29135072/1785600082387.jpg,sunset,2026-08-01 16:01:22.775133+00:00,0,webcam,
119799,29135072,gold,0.75,0.75,train,https://storage.googleapis.com/sunrisesunset-32a25.firebasestorage.app/snapshots/29135072/1785600925935.jpg,sunset,2026-08-01 16:15:26.314442+00:00,0,webcam,
119798,29051458,gold,0.5,0.5,train,https://storage.googleapis.com/sunrisesunset-32a25.firebasestorage.app/snapshots/29051458/1785600925953.jpg,sunset,2026-08-01 16:15:26.309185+00:00,0,webcam,
119800,29051458,gold,0.75,0.75,train,https://storage.googleapis.com/sunrisesunset-32a25.firebasestorage.app/snapshots/29051458/1785601824796.jpg,sunset,2026-08-01 16:30:25.550104+00:00,0,webcam,
119801,331,gold,0.25,0.25,train,https://storage.googleapis.com/sunrisesunset-32a25.firebasestorage.app/snapshots/331/1785601825461.jpg,sunset,2026-08-01 16:30:25.766318+00:00,0,webcam,
119807,20868788,gold,0.75,0.75,train,https://storage.googleapis.com/sunrisesunset-32a25.firebasestorage.app/snapshots/20868788/1785607286731.jpg,sunset,2026-08-01 18:01:27.984970+00:00,0,webcam,
119808,20868788,gold,0.75,0.75,train,https://storage.googleapis.com/sunrisesunset-32a25.firebasestorage.app/snapshots/20868788/1785608131193.jpg,sunset,2026-08-01 18:15:33.067089+00:00,0,webcam,
76132,300,gold,0.5,0.5,train,https://storage.googleapis.com/sunrisesunset-32a25.firebasestorage.app/snapshots/300/1772472708884.jpg,sunrise,2026-03-02 17:31:49.282854+00:00,0,webcam,
119811,29146169,gold,0.0,0.0,train,https://storage.googleapis.com/sunrisesunset-32a25.firebasestorage.app/snapshots/29146169/1785610887662.jpg,sunset,2026-08-01 19:01:28.164660+00:00,0,webcam,
76477,300,gold,0.5,0.5,train,https://storage.googleapis.com/sunrisesunset-32a25.firebasestorage.app/snapshots/300/1772555628832.jpg,sunrise,2026-03-03 16:33:49.147053+00:00,0,webcam,
119820,28864023,gold,0.0,0.0,train,https://storage.googleapis.com/sunrisesunset-32a25.firebasestorage.app/snapshots/28864023/1785613534828.jpg,sunset,2026-08-01 19:45:35.174148+00:00,0,webcam,
119821,24671280,gold,1.0,1.0,train,https://storage.googleapis.com/sunrisesunset-32a25.firebasestorage.app/snapshots/24671280/1785613534824.jpg,sunset,2026-08-01 19:45:35.193535+00:00,0,webcam,
119823,26199373,gold,0.75,0.75,train,https://storage.googleapis.com/sunrisesunset-32a25.firebasestorage.app/snapshots/26199373/1785614485244.jpg,sunset,2026-08-01 20:01:25.775280+00:00,0,webcam,
119825,29044963,gold,0.0,0.0,train,https://storage.googleapis.com/sunrisesunset-32a25.firebasestorage.app/snapshots/29044963/1785615322107.jpg,sunset,2026-08-01 20:15:22.705430+00:00,0,webcam,
76620,12451,gold,0.75,0.75,train,https://storage.googleapis.com/sunrisesunset-32a25.firebasestorage.app/snapshots/12451/1772587429230.jpg,sunset,2026-03-04 01:23:49.556450+00:00,0,webcam,
119830,29044963,gold,0.5,0.5,train,https://storage.googleapis.com/sunrisesunset-32a25.firebasestorage.app/snapshots/29044963/1785616220597.jpg,sunset,2026-08-01 20:30:21.001482+00:00,0,webcam,
119834,28985083,gold,0.0,0.0,train,https://storage.googleapis.com/sunrisesunset-32a25.firebasestorage.app/snapshots/28985083/1785616236716.jpg,sunset,2026-08-01 20:30:37.028500+00:00,0,webcam,
119836,29044963,gold,0.75,0.75,train,https://storage.googleapis.com/sunrisesunset-32a25.firebasestorage.app/snapshots/29044963/1785617121440.jpg,sunset,2026-08-01 20:45:21.758804+00:00,0,webcam,
119839,28985083,gold,0.5,0.5,train,https://storage.googleapis.com/sunrisesunset-32a25.firebasestorage.app/snapshots/28985083/1785617134605.jpg,sunset,2026-08-01 20:45:34.921504+00:00,0,webcam,
119844,28985083,gold,0.5,0.5,train,https://storage.googleapis.com/sunrisesunset-32a25.firebasestorage.app/snapshots/28985083/1785618080867.jpg,sunset,2026-08-01 21:01:21.888816+00:00,0,webcam,
119851,29053193,gold,0.75,0.75,train,https://storage.googleapis.com/sunrisesunset-32a25.firebasestorage.app/snapshots/29053193/1785618932344.jpg,sunset,2026-08-01 21:15:33.356410+00:00,0,webcam,
119853,29022880,gold,0.25,0.25,train,https://storage.googleapis.com/sunrisesunset-32a25.firebasestorage.app/snapshots/29022880/1785618935638.jpg,sunset,2026-08-01 21:15:36.385368+00:00,0,webcam,
119858,13588772,gold,1.0,1.0,train,https://storage.googleapis.com/sunrisesunset-32a25.firebasestorage.app/snapshots/13588772/1785619822661.jpg,sunset,2026-08-01 21:30:23.302208+00:00,0,webcam,
77531,3914190,gold,0.5,0.5,train,https://storage.googleapis.com/sunrisesunset-32a25.firebasestorage.app/snapshots/3914190/1772792223205.jpg,sunset,2026-03-06 10:17:03.505835+00:00,0,webcam,
77521,3914190,gold,0.25,0.25,train,https://storage.googleapis.com/sunrisesunset-32a25.firebasestorage.app/snapshots/3914190/1772790363420.jpg,sunset,2026-03-06 09:46:03.739624+00:00,0,webcam,
119865,23880643,gold,0.5,0.5,train,https://storage.googleapis.com/sunrisesunset-32a25.firebasestorage.app/snapshots/23880643/1785619837431.jpg,sunset,2026-08-01 21:30:37.748174+00:00,0,webcam,
119866,28913540,gold,0.0,0.0,train,https://storage.googleapis.com/sunrisesunset-32a25.firebasestorage.app/snapshots/28913540/1785619838270.jpg,sunset,2026-08-01 21:30:39.062690+00:00,0,webcam,
119869,3963339,gold,0.0,0.0,train,https://storage.googleapis.com/sunrisesunset-32a25.firebasestorage.app/snapshots/3963339/1785620721108.jpg,sunset,2026-08-01 21:45:21.407233+00:00,0,webcam,
119870,13588772,gold,0.75,0.75,train,https://storage.googleapis.com/sunrisesunset-32a25.firebasestorage.app/snapshots/13588772/1785620722116.jpg,sunset,2026-08-01 21:45:22.787273+00:00,0,webcam,
119874,28782192,gold,0.75,0.75,train,https://storage.googleapis.com/sunrisesunset-32a25.firebasestorage.app/snapshots/28782192/1785620734569.jpg,sunset,2026-08-01 21:45:35.087459+00:00,0,webcam,
119875,3355592,gold,0.0,0.0,train,https://storage.googleapis.com/sunrisesunset-32a25.firebasestorage.app/snapshots/3355592/1785620736048.jpg,sunset,2026-08-01 21:45:36.500596+00:00,0,webcam,
119877,29144336,gold,0.0,0.0,train,https://storage.googleapis.com/sunrisesunset-32a25.firebasestorage.app/snapshots/29144336/1785621674424.jpg,sunset,2026-08-01 22:01:14.871599+00:00,0,webcam,
79390,300,gold,0.5,0.5,train,https://storage.googleapis.com/sunrisesunset-32a25.firebasestorage.app/snapshots/300/1773249630554.jpg,sunrise,2026-03-11 17:20:30.930267+00:00,0,webcam,
119883,29144336,gold,0.5,0.5,train,https://storage.googleapis.com/sunrisesunset-32a25.firebasestorage.app/snapshots/29144336/1785622526158.jpg,sunset,2026-08-01 22:15:26.838823+00:00,0,webcam,
78901,3914190,gold,0.5,0.5,train,https://storage.googleapis.com/sunrisesunset-32a25.firebasestorage.app/snapshots/3914190/1773135965201.jpg,sunset,2026-03-10 09:46:05.488592+00:00,0,webcam,
119893,29045968,gold,0.0,0.0,train,https://storage.googleapis.com/sunrisesunset-32a25.firebasestorage.app/snapshots/29045968/1785624038031.jpg,sunset,2026-08-01 22:40:39.067561+00:00,0,webcam,
119908,598510,gold,0.5,0.5,train,https://storage.googleapis.com/sunrisesunset-32a25.firebasestorage.app/snapshots/598510/1785627060748.jpg,sunset,2026-08-01 23:31:01.196768+00:00,0,webcam,
119909,4752639,gold,0.75,0.75,train,https://storage.googleapis.com/sunrisesunset-32a25.firebasestorage.app/snapshots/4752639/1785627952366.jpg,sunset,2026-08-01 23:45:52.792859+00:00,0,webcam,
119914,4752639,gold,0.75,0.75,train,https://storage.googleapis.com/sunrisesunset-32a25.firebasestorage.app/snapshots/4752639/1785628862224.jpg,sunset,2026-08-02 00:01:03.009228+00:00,0,webcam,
119926,28918600,gold,0.75,0.75,train,https://storage.googleapis.com/sunrisesunset-32a25.firebasestorage.app/snapshots/28918600/1785630633090.jpg,sunset,2026-08-02 00:30:33.564466+00:00,0,webcam,
119930,28918600,gold,0.25,0.25,train,https://storage.googleapis.com/sunrisesunset-32a25.firebasestorage.app/snapshots/28918600/1785631535513.jpg,sunset,2026-08-02 00:45:35.786801+00:00,0,webcam,
119946,11859,gold,0.0,0.0,train,https://storage.googleapis.com/sunrisesunset-32a25.firebasestorage.app/snapshots/11859/1785635138867.jpg,sunset,2026-08-02 01:45:39.784967+00:00,0,webcam,
77146,3914190,gold,0.5,0.5,train,https://storage.googleapis.com/sunrisesunset-32a25.firebasestorage.app/snapshots/3914190/1772703950387.jpg,sunset,2026-03-05 09:45:50.645083+00:00,0,webcam,
119954,28482880,gold,0.5,0.5,train,https://storage.googleapis.com/sunrisesunset-32a25.firebasestorage.app/snapshots/28482880/1785636978496.jpg,sunset,2026-08-02 02:16:19.526527+00:00,0,webcam,
119957,28326341,gold,0.75,0.75,train,https://storage.googleapis.com/sunrisesunset-32a25.firebasestorage.app/snapshots/28326341/1785637874885.jpg,sunset,2026-08-02 02:31:15.192784+00:00,0,webcam,
119958,2921377,gold,0.0,0.0,train,https://storage.googleapis.com/sunrisesunset-32a25.firebasestorage.app/snapshots/2921377/1785637874878.jpg,sunset,2026-08-02 02:31:15.233593+00:00,0,webcam,
119960,28482880,gold,1.0,1.0,train,https://storage.googleapis.com/sunrisesunset-32a25.firebasestorage.app/snapshots/28482880/1785637874725.jpg,sunset,2026-08-02 02:31:15.263018+00:00,0,webcam,
119961,5961510,gold,0.75,0.75,train,https://storage.googleapis.com/sunrisesunset-32a25.firebasestorage.app/snapshots/5961510/1785638762105.jpg,sunset,2026-08-02 02:46:02.415324+00:00,0,webcam,
119965,28326341,gold,0.5,0.5,train,https://storage.googleapis.com/sunrisesunset-32a25.firebasestorage.app/snapshots/28326341/1785638777366.jpg,sunset,2026-08-02 02:46:17.701459+00:00,0,webcam,
119966,2921377,gold,0.5,0.5,train,https://storage.googleapis.com/sunrisesunset-32a25.firebasestorage.app/snapshots/2921377/1785638779312.jpg,sunset,2026-08-02 02:46:19.606670+00:00,0,webcam,
83222,2270,gold,0.75,0.75,train,https://storage.googleapis.com/sunrisesunset-32a25.firebasestorage.app/snapshots/2270/1773467305230.jpg,sunrise,2026-03-14 05:48:25.494788+00:00,0,webcam,
119971,4600867,gold,0.0,0.0,train,https://storage.googleapis.com/sunrisesunset-32a25.firebasestorage.app/snapshots/4600867/1785639723640.jpg,sunset,2026-08-02 03:02:03.937271+00:00,0,webcam,
119972,9797436,gold,0.25,0.25,train,https://storage.googleapis.com/sunrisesunset-32a25.firebasestorage.app/snapshots/9797436/1785639723651.jpg,sunset,2026-08-02 03:02:03.981970+00:00,0,webcam,
119977,24760427,gold,0.75,0.75,train,https://storage.googleapis.com/sunrisesunset-32a25.firebasestorage.app/snapshots/24760427/1785640575677.jpg,sunset,2026-08-02 03:16:15.953606+00:00,0,webcam,
119978,9797436,gold,0.75,0.75,train,https://storage.googleapis.com/sunrisesunset-32a25.firebasestorage.app/snapshots/9797436/1785640575681.jpg,sunset,2026-08-02 03:16:15.996575+00:00,0,webcam,
119980,29174404,gold,0.25,0.25,train,https://storage.googleapis.com/sunrisesunset-32a25.firebasestorage.app/snapshots/29174404/1785641464630.jpg,sunset,2026-08-02 03:31:05.055343+00:00,0,webcam,
119984,9797436,gold,0.75,0.75,train,https://storage.googleapis.com/sunrisesunset-32a25.firebasestorage.app/snapshots/9797436/1785641473024.jpg,sunset,2026-08-02 03:31:13.765729+00:00,0,webcam,
119986,9164847,gold,0.0,0.0,train,https://storage.googleapis.com/sunrisesunset-32a25.firebasestorage.app/snapshots/9164847/1785642362018.jpg,sunset,2026-08-02 03:46:02.363914+00:00,0,webcam,
119987,29174404,gold,0.25,0.25,train,https://storage.googleapis.com/sunrisesunset-32a25.firebasestorage.app/snapshots/29174404/1785642363732.jpg,sunset,2026-08-02 03:46:04.052012+00:00,0,webcam,
119991,29146169,gold,0.75,0.75,train,https://storage.googleapis.com/sunrisesunset-32a25.firebasestorage.app/snapshots/29146169/1785643263543.jpg,sunset,2026-08-02 04:01:04.761059+00:00,0,webcam,
85166,16404635,gold,0.75,0.75,train,https://storage.googleapis.com/sunrisesunset-32a25.firebasestorage.app/snapshots/16404635/1773494672550.jpg,sunrise,2026-03-14 13:24:32.841716+00:00,0,webcam,
119995,137,gold,0.5,0.5,train,https://storage.googleapis.com/sunrisesunset-32a25.firebasestorage.app/snapshots/137/1785643274347.jpg,sunset,2026-08-02 04:01:14.826755+00:00,0,webcam,
119998,2969639,gold,0.25,0.25,train,https://storage.googleapis.com/sunrisesunset-32a25.firebasestorage.app/snapshots/2969639/1785644171488.jpg,sunset,2026-08-02 04:16:11.790145+00:00,0,webcam,
119999,137,gold,0.75,0.75,train,https://storage.googleapis.com/sunrisesunset-32a25.firebasestorage.app/snapshots/137/1785644175034.jpg,sunset,2026-08-02 04:16:15.326409+00:00,0,webcam,
120000,28767507,gold,0.0,0.0,train,https://storage.googleapis.com/sunrisesunset-32a25.firebasestorage.app/snapshots/28767507/1785645117171.jpg,sunset,2026-08-02 04:31:57.565882+00:00,0,webcam,
120003,28767507,gold,0.25,0.25,train,https://storage.googleapis.com/sunrisesunset-32a25.firebasestorage.app/snapshots/28767507/1785645963309.jpg,sunset,2026-08-02 04:46:03.797740+00:00,0,webcam,
120006,25195019,gold,0.5,0.5,train,https://storage.googleapis.com/sunrisesunset-32a25.firebasestorage.app/snapshots/25195019/1785645971584.jpg,sunset,2026-08-02 04:46:11.891867+00:00,0,webcam,
120007,28796076,gold,0.5,0.5,train,https://storage.googleapis.com/sunrisesunset-32a25.firebasestorage.app/snapshots/28796076/1785646862643.jpg,sunset,2026-08-02 05:01:03.258211+00:00,0,webcam,
120009,25195019,gold,0.25,0.25,train,https://storage.googleapis.com/sunrisesunset-32a25.firebasestorage.app/snapshots/25195019/1785646872290.jpg,sunset,2026-08-02 05:01:12.612752+00:00,0,webcam,
120012,6862777,gold,0.0,0.0,train,https://storage.googleapis.com/sunrisesunset-32a25.firebasestorage.app/snapshots/6862777/1785647767352.jpg,sunset,2026-08-02 05:16:07.707862+00:00,0,webcam,
120014,21605540,gold,1.0,1.0,train,https://storage.googleapis.com/sunrisesunset-32a25.firebasestorage.app/snapshots/21605540/1785647769543.jpg,sunset,2026-08-02 05:16:10.405439+00:00,0,webcam,
120015,25195019,gold,0.75,0.75,train,https://storage.googleapis.com/sunrisesunset-32a25.firebasestorage.app/snapshots/25195019/1785647770503.jpg,sunset,2026-08-02 05:16:10.811844+00:00,0,webcam,
120016,28796076,gold,0.5,0.5,train,https://storage.googleapis.com/sunrisesunset-32a25.firebasestorage.app/snapshots/28796076/1785648665459.jpg,sunset,2026-08-02 05:31:05.930117+00:00,0,webcam,
120019,21605540,gold,0.75,0.75,train,https://storage.googleapis.com/sunrisesunset-32a25.firebasestorage.app/snapshots/21605540/1785648678720.jpg,sunset,2026-08-02 05:31:19.090693+00:00,0,webcam,
120022,13233845,gold,0.5,0.5,train,https://storage.googleapis.com/sunrisesunset-32a25.firebasestorage.app/snapshots/13233845/1785649571680.jpg,sunset,2026-08-02 05:46:12.073488+00:00,0,webcam,
120039,28886023,gold,0.25,0.25,train,https://storage.googleapis.com/sunrisesunset-32a25.firebasestorage.app/snapshots/28886023/1785658572780.jpg,sunset,2026-08-02 08:16:13.057136+00:00,0,webcam,
120045,4641273,gold,0.25,0.25,train,https://storage.googleapis.com/sunrisesunset-32a25.firebasestorage.app/snapshots/4641273/1785660373922.jpg,sunset,2026-08-02 08:46:14.246660+00:00,0,webcam,
120046,12059278,gold,0.75,0.75,train,https://storage.googleapis.com/sunrisesunset-32a25.firebasestorage.app/snapshots/12059278/1785660376456.jpg,sunset,2026-08-02 08:46:16.773761+00:00,0,webcam,
120049,12059278,gold,0.75,0.75,train,https://storage.googleapis.com/sunrisesunset-32a25.firebasestorage.app/snapshots/12059278/1785661278010.jpg,sunset,2026-08-02 09:01:18.320687+00:00,0,webcam,
120053,3963339,gold,0.75,0.75,train,https://storage.googleapis.com/sunrisesunset-32a25.firebasestorage.app/snapshots/3963339/1785663078875.jpg,sunset,2026-08-02 09:31:19.638721+00:00,0,webcam,
120054,2412333,gold,1.0,1.0,train,https://storage.googleapis.com/sunrisesunset-32a25.firebasestorage.app/snapshots/2412333/1785663963357.jpg,sunset,2026-08-02 09:46:03.740359+00:00,0,webcam,
120056,29144336,gold,0.75,0.75,train,https://storage.googleapis.com/sunrisesunset-32a25.firebasestorage.app/snapshots/29144336/1785663977242.jpg,sunset,2026-08-02 09:46:17.961916+00:00,0,webcam,
120057,3741,gold,1.0,1.0,train,https://storage.googleapis.com/sunrisesunset-32a25.firebasestorage.app/snapshots/3741/1785663977679.jpg,sunset,2026-08-02 09:46:18.020363+00:00,0,webcam,
120058,3963339,gold,0.75,0.75,train,https://storage.googleapis.com/sunrisesunset-32a25.firebasestorage.app/snapshots/3963339/1785663977662.jpg,sunset,2026-08-02 09:46:18.050079+00:00,0,webcam,
120061,28955461,gold,0.75,0.75,train,https://storage.googleapis.com/sunrisesunset-32a25.firebasestorage.app/snapshots/28955461/1785664865499.jpg,sunset,2026-08-02 10:01:05.841953+00:00,0,webcam,
120062,29144336,gold,0.5,0.5,train,https://storage.googleapis.com/sunrisesunset-32a25.firebasestorage.app/snapshots/29144336/1785664877339.jpg,sunset,2026-08-02 10:01:18.081238+00:00,0,webcam,
120065,10081819,gold,0.75,0.75,train,https://storage.googleapis.com/sunrisesunset-32a25.firebasestorage.app/snapshots/10081819/1785665775708.jpg,sunset,2026-08-02 10:16:16.223093+00:00,0,webcam,
120066,29144336,gold,0.25,0.25,train,https://storage.googleapis.com/sunrisesunset-32a25.firebasestorage.app/snapshots/29144336/1785665777565.jpg,sunset,2026-08-02 10:16:17.882390+00:00,0,webcam,
120070,10081819,gold,0.5,0.5,train,https://storage.googleapis.com/sunrisesunset-32a25.firebasestorage.app/snapshots/10081819/1785666675572.jpg,sunset,2026-08-02 10:31:16.012751+00:00,0,webcam,
120072,10081819,gold,1.0,1.0,train,https://storage.googleapis.com/sunrisesunset-32a25.firebasestorage.app/snapshots/10081819/1785667573533.jpg,sunset,2026-08-02 10:46:14.421950+00:00,0,webcam,
120075,10081819,gold,0.75,0.75,train,https://storage.googleapis.com/sunrisesunset-32a25.firebasestorage.app/snapshots/10081819/1785668473557.jpg,sunset,2026-08-02 11:01:14.058491+00:00,0,webcam,
120076,28794621,gold,0.75,0.75,train,https://storage.googleapis.com/sunrisesunset-32a25.firebasestorage.app/snapshots/28794621/1785668475170.jpg,sunset,2026-08-02 11:01:15.658389+00:00,0,webcam,
120077,25195019,gold,0.0,0.0,train,https://storage.googleapis.com/sunrisesunset-32a25.firebasestorage.app/snapshots/25195019/1785669376193.jpg,sunset,2026-08-02 11:16:16.515726+00:00,0,webcam,
120079,28952051,gold,0.5,0.5,train,https://storage.googleapis.com/sunrisesunset-32a25.firebasestorage.app/snapshots/28952051/1785669380382.jpg,sunset,2026-08-02 11:16:20.698781+00:00,0,webcam,
120081,28994546,gold,0.0,0.0,train,https://storage.googleapis.com/sunrisesunset-32a25.firebasestorage.app/snapshots/28994546/1785670266333.jpg,sunset,2026-08-02 11:31:07.047603+00:00,0,webcam,
120089,11859,gold,0.0,0.0,train,https://storage.googleapis.com/sunrisesunset-32a25.firebasestorage.app/snapshots/11859/1785672960991.jpg,sunset,2026-08-02 12:16:01.365523+00:00,0,webcam,
120098,2921338,gold,0.0,0.0,train,https://storage.googleapis.com/sunrisesunset-32a25.firebasestorage.app/snapshots/2921338/1785678362249.jpg,sunset,2026-08-02 13:46:02.601098+00:00,0,webcam,
120107,21605540,gold,1.0,1.0,train,https://storage.googleapis.com/sunrisesunset-32a25.firebasestorage.app/snapshots/21605540/1785685563262.jpg,sunset,2026-08-02 15:46:03.625125+00:00,0,webcam,
120111,2921338,gold,0.5,0.5,train,https://storage.googleapis.com/sunrisesunset-32a25.firebasestorage.app/snapshots/2921338/1785686523589.jpg,sunset,2026-08-02 16:02:05.312972+00:00,0,webcam,
120108,5973565,gold,0.75,0.75,train,https://storage.googleapis.com/sunrisesunset-32a25.firebasestorage.app/snapshots/5973565/1785685563237.jpg,sunset,2026-08-02 15:46:03.654683+00:00,0,webcam,
120114,29135072,gold,0.75,0.75,train,https://storage.googleapis.com/sunrisesunset-32a25.firebasestorage.app/snapshots/29135072/1785686531552.jpg,sunset,2026-08-02 16:02:11.844266+00:00,0,webcam,
120116,21846,gold,0.5,0.5,train,https://storage.googleapis.com/sunrisesunset-32a25.firebasestorage.app/snapshots/21846/1785688320392.jpg,sunset,2026-08-02 16:32:01.038394+00:00,0,webcam,
120119,2921338,gold,0.75,0.75,train,https://storage.googleapis.com/sunrisesunset-32a25.firebasestorage.app/snapshots/2921338/1785690063282.jpg,sunset,2026-08-02 17:01:04.279338+00:00,0,webcam,
120121,2921338,gold,0.25,0.25,train,https://storage.googleapis.com/sunrisesunset-32a25.firebasestorage.app/snapshots/2921338/1785690961413.jpg,sunset,2026-08-02 17:16:01.811296+00:00,0,webcam,
120124,2921338,gold,0.5,0.5,train,https://storage.googleapis.com/sunrisesunset-32a25.firebasestorage.app/snapshots/2921338/1785691912838.jpg,sunset,2026-08-02 17:31:53.214608+00:00,0,webcam,
120125,15017506,gold,0.5,0.5,train,https://storage.googleapis.com/sunrisesunset-32a25.firebasestorage.app/snapshots/15017506/1785691922405.jpg,sunset,2026-08-02 17:32:02.869180+00:00,0,webcam,
120128,6257085,gold,0.5,0.5,train,https://storage.googleapis.com/sunrisesunset-32a25.firebasestorage.app/snapshots/6257085/1785692770243.jpg,sunset,2026-08-02 17:46:10.561479+00:00,0,webcam,
120130,20868788,gold,0.75,0.75,train,https://storage.googleapis.com/sunrisesunset-32a25.firebasestorage.app/snapshots/20868788/1785693722657.jpg,sunset,2026-08-02 18:02:03.068465+00:00,0,webcam,
120131,6257085,gold,0.5,0.5,train,https://storage.googleapis.com/sunrisesunset-32a25.firebasestorage.app/snapshots/6257085/1785693723066.jpg,sunset,2026-08-02 18:02:03.397417+00:00,0,webcam,
120132,20868788,gold,0.75,0.75,train,https://storage.googleapis.com/sunrisesunset-32a25.firebasestorage.app/snapshots/20868788/1785694571626.jpg,sunset,2026-08-02 18:16:12.374327+00:00,0,webcam,
120133,7883821,gold,0.0,0.0,train,https://storage.googleapis.com/sunrisesunset-32a25.firebasestorage.app/snapshots/7883821/1785695478170.jpg,sunset,2026-08-02 18:31:19.278306+00:00,0,webcam,
120134,28820838,gold,0.0,0.0,train,https://storage.googleapis.com/sunrisesunset-32a25.firebasestorage.app/snapshots/28820838/1785695478928.jpg,sunset,2026-08-02 18:31:19.285396+00:00,0,webcam,
120136,9164381,gold,0.5,0.5,train,https://storage.googleapis.com/sunrisesunset-32a25.firebasestorage.app/snapshots/9164381/1785696371996.jpg,sunset,2026-08-02 18:46:12.301250+00:00,0,webcam,
120139,9164381,gold,0.5,0.5,train,https://storage.googleapis.com/sunrisesunset-32a25.firebasestorage.app/snapshots/9164381/1785697336457.jpg,sunset,2026-08-02 19:02:16.754947+00:00,0,webcam,
120141,28796076,gold,0.0,0.0,train,https://storage.googleapis.com/sunrisesunset-32a25.firebasestorage.app/snapshots/28796076/1785697337504.jpg,sunset,2026-08-02 19:02:18.013380+00:00,0,webcam,
120151,28864023,gold,0.75,0.75,train,https://storage.googleapis.com/sunrisesunset-32a25.firebasestorage.app/snapshots/28864023/1785699987554.jpg,sunset,2026-08-02 19:46:27.985427+00:00,0,webcam,
120152,24671280,gold,1.0,1.0,train,https://storage.googleapis.com/sunrisesunset-32a25.firebasestorage.app/snapshots/24671280/1785699987994.jpg,sunset,2026-08-02 19:46:28.293709+00:00,0,webcam,
120161,28751698,gold,0.0,0.0,train,https://storage.googleapis.com/sunrisesunset-32a25.firebasestorage.app/snapshots/28751698/1785701792209.jpg,sunset,2026-08-02 20:16:32.699110+00:00,0,webcam,
120166,28985083,gold,0.5,0.5,train,https://storage.googleapis.com/sunrisesunset-32a25.firebasestorage.app/snapshots/28985083/1785702736359.jpg,sunset,2026-08-02 20:32:16.683681+00:00,0,webcam,
120168,29069963,gold,0.25,0.25,train,https://storage.googleapis.com/sunrisesunset-32a25.firebasestorage.app/snapshots/29069963/1785703581977.jpg,sunset,2026-08-02 20:46:23.177604+00:00,0,webcam,
120170,28985083,gold,0.5,0.5,train,https://storage.googleapis.com/sunrisesunset-32a25.firebasestorage.app/snapshots/28985083/1785703583360.jpg,sunset,2026-08-02 20:46:23.694206+00:00,0,webcam,
120175,28985083,gold,0.0,0.0,train,https://storage.googleapis.com/sunrisesunset-32a25.firebasestorage.app/snapshots/28985083/1785704476501.jpg,sunset,2026-08-02 21:01:16.791689+00:00,0,webcam,
120176,3741,gold,0.75,0.75,train,https://storage.googleapis.com/sunrisesunset-32a25.firebasestorage.app/snapshots/3741/1785705361586.jpg,sunset,2026-08-02 21:16:02.046647+00:00,0,webcam,
120179,3985379,gold,0.5,0.5,train,https://storage.googleapis.com/sunrisesunset-32a25.firebasestorage.app/snapshots/3985379/1785705370768.jpg,sunset,2026-08-02 21:16:11.116352+00:00,0,webcam,
120180,28985425,gold,0.25,0.25,train,https://storage.googleapis.com/sunrisesunset-32a25.firebasestorage.app/snapshots/28985425/1785705372333.jpg,sunset,2026-08-02 21:16:12.755874+00:00,0,webcam,
120184,14396710,gold,0.5,0.5,train,https://storage.googleapis.com/sunrisesunset-32a25.firebasestorage.app/snapshots/14396710/1785705377284.jpg,sunset,2026-08-02 21:16:17.740811+00:00,0,webcam,
120189,28782192,gold,0.0,0.0,train,https://storage.googleapis.com/sunrisesunset-32a25.firebasestorage.app/snapshots/28782192/1785706282854.jpg,sunset,2026-08-02 21:31:23.176021+00:00,0,webcam,
120190,23880643,gold,0.5,0.5,train,https://storage.googleapis.com/sunrisesunset-32a25.firebasestorage.app/snapshots/23880643/1785706284170.jpg,sunset,2026-08-02 21:31:24.920819+00:00,0,webcam,
120193,13588772,gold,0.5,0.5,train,https://storage.googleapis.com/sunrisesunset-32a25.firebasestorage.app/snapshots/13588772/1785707164594.jpg,sunset,2026-08-02 21:46:05.356744+00:00,0,webcam,
120197,3355592,gold,0.0,0.0,train,https://storage.googleapis.com/sunrisesunset-32a25.firebasestorage.app/snapshots/3355592/1785707178674.jpg,sunset,2026-08-02 21:46:19.431169+00:00,0,webcam,
120198,29144336,gold,0.5,0.5,train,https://storage.googleapis.com/sunrisesunset-32a25.firebasestorage.app/snapshots/29144336/1785708070558.jpg,sunset,2026-08-02 22:01:10.971839+00:00,0,webcam,
120204,8750142,gold,0.0,0.0,train,https://storage.googleapis.com/sunrisesunset-32a25.firebasestorage.app/snapshots/8750142/1785708088868.jpg,sunset,2026-08-02 22:01:29.188910+00:00,0,webcam,
120205,29144336,gold,0.25,0.25,train,https://storage.googleapis.com/sunrisesunset-32a25.firebasestorage.app/snapshots/29144336/1785708962244.jpg,sunset,2026-08-02 22:16:02.782648+00:00,0,webcam,
120223,598510,gold,0.0,0.0,train,https://storage.googleapis.com/sunrisesunset-32a25.firebasestorage.app/snapshots/598510/1785713474210.jpg,sunset,2026-08-02 23:31:14.597254+00:00,0,webcam,
66705,2977624,gold,0.5,0.5,train,https://storage.googleapis.com/sunrisesunset-32a25.firebasestorage.app/snapshots/2977624/1770395355052.jpg,sunrise,2026-02-06 16:29:15.432829+00:00,0,webcam,
120232,25685576,gold,0.75,0.75,train,https://storage.googleapis.com/sunrisesunset-32a25.firebasestorage.app/snapshots/25685576/1785716172377.jpg,sunset,2026-08-03 00:16:13.414766+00:00,0,webcam,
120238,28918600,gold,0.5,0.5,train,https://storage.googleapis.com/sunrisesunset-32a25.firebasestorage.app/snapshots/28918600/1785717071029.jpg,sunset,2026-08-03 00:31:11.496436+00:00,0,webcam,
69923,137,gold,0.0,0.0,train,https://storage.googleapis.com/sunrisesunset-32a25.firebasestorage.app/snapshots/137/1771045669618.jpg,sunset,2026-02-14 05:07:49.943836+00:00,0,webcam,
120242,28918600,gold,0.5,0.5,train,https://storage.googleapis.com/sunrisesunset-32a25.firebasestorage.app/snapshots/28918600/1785717975211.jpg,sunset,2026-08-03 00:46:15.866509+00:00,0,webcam,
120252,23499737,gold,0.5,0.5,train,https://storage.googleapis.com/sunrisesunset-32a25.firebasestorage.app/snapshots/23499737/1785720681207.jpg,sunset,2026-08-03 01:31:21.647014+00:00,0,webcam,
120262,28482880,gold,0.5,0.5,train,https://storage.googleapis.com/sunrisesunset-32a25.firebasestorage.app/snapshots/28482880/1785723385458.jpg,sunset,2026-08-03 02:16:26.140248+00:00,0,webcam,
120263,5961510,gold,0.0,0.0,train,https://storage.googleapis.com/sunrisesunset-32a25.firebasestorage.app/snapshots/5961510/1785724309782.jpg,sunset,2026-08-03 02:31:50.331317+00:00,0,webcam,
120266,2921377,gold,0.5,0.5,train,https://storage.googleapis.com/sunrisesunset-32a25.firebasestorage.app/snapshots/2921377/1785724331163.jpg,sunset,2026-08-03 02:32:11.483668+00:00,0,webcam,
120267,5961510,gold,0.5,0.5,train,https://storage.googleapis.com/sunrisesunset-32a25.firebasestorage.app/snapshots/5961510/1785725160494.jpg,sunset,2026-08-03 02:46:01.298408+00:00,0,webcam,
74282,3914190,gold,0.25,0.25,train,https://storage.googleapis.com/sunrisesunset-32a25.firebasestorage.app/snapshots/3914190/1772012629233.jpg,sunset,2026-02-25 09:43:49.540363+00:00,0,webcam,
120272,26400667,gold,0.0,0.0,train,https://storage.googleapis.com/sunrisesunset-32a25.firebasestorage.app/snapshots/26400667/1785725174662.jpg,sunset,2026-08-03 02:46:15.774227+00:00,0,webcam,
120273,2921377,gold,0.5,0.5,train,https://storage.googleapis.com/sunrisesunset-32a25.firebasestorage.app/snapshots/2921377/1785725176769.jpg,sunset,2026-08-03 02:46:17.081412+00:00,0,webcam,
120276,29054960,gold,0.0,0.0,train,https://storage.googleapis.com/sunrisesunset-32a25.firebasestorage.app/snapshots/29054960/1785726123457.jpg,sunset,2026-08-03 03:02:03.821244+00:00,0,webcam,
120277,4769517,gold,0.25,0.25,train,https://storage.googleapis.com/sunrisesunset-32a25.firebasestorage.app/snapshots/4769517/1785726125056.jpg,sunset,2026-08-03 03:02:05.398663+00:00,0,webcam,
120280,29047692,gold,0.25,0.25,train,https://storage.googleapis.com/sunrisesunset-32a25.firebasestorage.app/snapshots/29047692/1785726131942.jpg,sunset,2026-08-03 03:02:12.269030+00:00,0,webcam,
120281,2921377,gold,0.5,0.5,train,https://storage.googleapis.com/sunrisesunset-32a25.firebasestorage.app/snapshots/2921377/1785726133037.jpg,sunset,2026-08-03 03:02:13.341468+00:00,0,webcam,
120283,4769517,gold,0.0,0.0,train,https://storage.googleapis.com/sunrisesunset-32a25.firebasestorage.app/snapshots/4769517/1785726969193.jpg,sunset,2026-08-03 03:16:09.510041+00:00,0,webcam,
120290,4769517,gold,0.5,0.5,train,https://storage.googleapis.com/sunrisesunset-32a25.firebasestorage.app/snapshots/4769517/1785727866722.jpg,sunset,2026-08-03 03:31:07.032915+00:00,0,webcam,
120296,3610850,gold,0.25,0.25,train,https://storage.googleapis.com/sunrisesunset-32a25.firebasestorage.app/snapshots/3610850/1785728764404.jpg,sunset,2026-08-03 03:46:04.817716+00:00,0,webcam,
120297,4769517,gold,0.75,0.75,train,https://storage.googleapis.com/sunrisesunset-32a25.firebasestorage.app/snapshots/4769517/1785728766432.jpg,sunset,2026-08-03 03:46:06.752976+00:00,0,webcam,
120300,281167,gold,0.75,0.75,train,https://storage.googleapis.com/sunrisesunset-32a25.firebasestorage.app/snapshots/281167/1785729720349.jpg,sunset,2026-08-03 04:02:00.767685+00:00,0,webcam,
120303,137,gold,0.75,0.75,train,https://storage.googleapis.com/sunrisesunset-32a25.firebasestorage.app/snapshots/137/1785729730241.jpg,sunset,2026-08-03 04:02:10.580359+00:00,0,webcam,
120306,2969639,gold,1.0,1.0,train,https://storage.googleapis.com/sunrisesunset-32a25.firebasestorage.app/snapshots/2969639/1785730569325.jpg,sunset,2026-08-03 04:16:09.727192+00:00,0,webcam,
120308,29060876,gold,0.5,0.5,train,https://storage.googleapis.com/sunrisesunset-32a25.firebasestorage.app/snapshots/29060876/1785731463608.jpg,sunset,2026-08-03 04:31:03.983028+00:00,0,webcam,
120310,2969639,gold,0.5,0.5,train,https://storage.googleapis.com/sunrisesunset-32a25.firebasestorage.app/snapshots/2969639/1785731471772.jpg,sunset,2026-08-03 04:31:12.067351+00:00,0,webcam,
120312,28864023,gold,0.5,0.5,train,https://storage.googleapis.com/sunrisesunset-32a25.firebasestorage.app/snapshots/28864023/1785732361631.jpg,sunset,2026-08-03 04:46:01.971700+00:00,0,webcam,
120313,28767507,gold,0.25,0.25,train,https://storage.googleapis.com/sunrisesunset-32a25.firebasestorage.app/snapshots/28767507/1785732363137.jpg,sunset,2026-08-03 04:46:03.510515+00:00,0,webcam,
120315,25195019,gold,0.75,0.75,train,https://storage.googleapis.com/sunrisesunset-32a25.firebasestorage.app/snapshots/25195019/1785732371256.jpg,sunset,2026-08-03 04:46:11.809824+00:00,0,webcam,
120316,28767507,gold,0.75,0.75,train,https://storage.googleapis.com/sunrisesunset-32a25.firebasestorage.app/snapshots/28767507/1785733324002.jpg,sunset,2026-08-03 05:02:04.472221+00:00,0,webcam,
120318,25195019,gold,0.5,0.5,train,https://storage.googleapis.com/sunrisesunset-32a25.firebasestorage.app/snapshots/25195019/1785733333679.jpg,sunset,2026-08-03 05:02:13.976269+00:00,0,webcam,
120319,6862777,gold,0.0,0.0,train,https://storage.googleapis.com/sunrisesunset-32a25.firebasestorage.app/snapshots/6862777/1785734172319.jpg,sunset,2026-08-03 05:16:13.296669+00:00,0,webcam,
120320,21605540,gold,0.5,0.5,train,https://storage.googleapis.com/sunrisesunset-32a25.firebasestorage.app/snapshots/21605540/1785734175730.jpg,sunset,2026-08-03 05:16:16.029098+00:00,0,webcam,
120321,28767507,gold,0.0,0.0,train,https://storage.googleapis.com/sunrisesunset-32a25.firebasestorage.app/snapshots/28767507/1785735062032.jpg,sunset,2026-08-03 05:31:02.610328+00:00,0,webcam,
71711,3914190,gold,0.25,0.25,train,https://storage.googleapis.com/sunrisesunset-32a25.firebasestorage.app/snapshots/3914190/1771407349763.jpg,sunset,2026-02-18 09:35:50.053969+00:00,0,webcam,
120324,28796076,gold,0.75,0.75,train,https://storage.googleapis.com/sunrisesunset-32a25.firebasestorage.app/snapshots/28796076/1785735962017.jpg,sunset,2026-08-03 05:46:02.385736+00:00,0,webcam,
120328,16369,gold,0.75,0.75,train,https://storage.googleapis.com/sunrisesunset-32a25.firebasestorage.app/snapshots/16369/1785737771981.jpg,sunset,2026-08-03 06:16:12.458697+00:00,0,webcam,
120329,16369,gold,0.5,0.5,train,https://storage.googleapis.com/sunrisesunset-32a25.firebasestorage.app/snapshots/16369/1785738725446.jpg,sunset,2026-08-03 06:32:05.849295+00:00,0,webcam,
120331,16369,gold,0.75,0.75,train,https://storage.googleapis.com/sunrisesunset-32a25.firebasestorage.app/snapshots/16369/1785739569385.jpg,sunset,2026-08-03 06:46:10.327072+00:00,0,webcam,
120342,2624,gold,0.0,0.0,train,https://storage.googleapis.com/sunrisesunset-32a25.firebasestorage.app/snapshots/2624/1785743171851.jpg,sunset,2026-08-03 07:46:12.133677+00:00,0,webcam,
72831,544,gold,0.5,0.5,train,https://storage.googleapis.com/sunrisesunset-32a25.firebasestorage.app/snapshots/544/1771662589032.jpg,sunrise,2026-02-21 08:29:49.320028+00:00,0,webcam,
120353,4641273,gold,0.5,0.5,train,https://storage.googleapis.com/sunrisesunset-32a25.firebasestorage.app/snapshots/4641273/1785746775715.jpg,sunset,2026-08-03 08:46:16.026088+00:00,0,webcam,
120359,3963339,gold,0.5,0.5,train,https://storage.googleapis.com/sunrisesunset-32a25.firebasestorage.app/snapshots/3963339/1785749485216.jpg,sunset,2026-08-03 09:31:25.697236+00:00,0,webcam,
69472,137,gold,0.5,0.5,train,https://storage.googleapis.com/sunrisesunset-32a25.firebasestorage.app/snapshots/137/1770959288012.jpg,sunset,2026-02-13 05:08:08.344617+00:00,0,webcam,
120360,2412333,gold,1.0,1.0,train,https://storage.googleapis.com/sunrisesunset-32a25.firebasestorage.app/snapshots/2412333/1785750363584.jpg,sunset,2026-08-03 09:46:04.036539+00:00,0,webcam,
120361,3963339,gold,1.0,1.0,train,https://storage.googleapis.com/sunrisesunset-32a25.firebasestorage.app/snapshots/3963339/1785750378669.jpg,sunset,2026-08-03 09:46:19.029575+00:00,0,webcam,
120363,29144336,gold,0.0,0.0,train,https://storage.googleapis.com/sunrisesunset-32a25.firebasestorage.app/snapshots/29144336/1785751330179.jpg,sunset,2026-08-03 10:02:10.518874+00:00,0,webcam,
120366,10081819,gold,0.75,0.75,train,https://storage.googleapis.com/sunrisesunset-32a25.firebasestorage.app/snapshots/10081819/1785752177204.jpg,sunset,2026-08-03 10:16:18.069202+00:00,0,webcam,
120372,10081819,gold,0.5,0.5,train,https://storage.googleapis.com/sunrisesunset-32a25.firebasestorage.app/snapshots/10081819/1785753089226.jpg,sunset,2026-08-03 10:31:29.574049+00:00,0,webcam,
73461,12451,gold,0.75,0.75,train,https://storage.googleapis.com/sunrisesunset-32a25.firebasestorage.app/snapshots/12451/1771810132882.jpg,sunset,2026-02-23 01:28:53.186823+00:00,0,webcam,
120373,28794621,gold,0.75,0.75,train,https://storage.googleapis.com/sunrisesunset-32a25.firebasestorage.app/snapshots/28794621/1785753089230.jpg,sunset,2026-08-03 10:31:29.617433+00:00,0,webcam,
120377,10081819,gold,0.75,0.75,train,https://storage.googleapis.com/sunrisesunset-32a25.firebasestorage.app/snapshots/10081819/1785753974611.jpg,sunset,2026-08-03 10:46:15.009823+00:00,0,webcam,
120380,28296051,gold,1.0,1.0,train,https://storage.googleapis.com/sunrisesunset-32a25.firebasestorage.app/snapshots/28296051/1785753975457.jpg,sunset,2026-08-03 10:46:16.599275+00:00,0,webcam,
120384,10081819,gold,0.75,0.75,train,https://storage.googleapis.com/sunrisesunset-32a25.firebasestorage.app/snapshots/10081819/1785754883756.jpg,sunset,2026-08-03 11:01:24.214581+00:00,0,webcam,
76046,3914190,gold,0.25,0.25,train,https://storage.googleapis.com/sunrisesunset-32a25.firebasestorage.app/snapshots/3914190/1772444689874.jpg,sunset,2026-03-02 09:44:50.124848+00:00,0,webcam,
120385,12586,gold,0.25,0.25,train,https://storage.googleapis.com/sunrisesunset-32a25.firebasestorage.app/snapshots/12586/1785755776292.jpg,sunset,2026-08-03 11:16:17.598697+00:00,0,webcam,
120388,25195019,gold,0.5,0.5,train,https://storage.googleapis.com/sunrisesunset-32a25.firebasestorage.app/snapshots/25195019/1785756727843.jpg,sunset,2026-08-03 11:32:08.175334+00:00,0,webcam,
120389,12586,gold,0.5,0.5,train,https://storage.googleapis.com/sunrisesunset-32a25.firebasestorage.app/snapshots/12586/1785756732955.jpg,sunset,2026-08-03 11:32:13.247897+00:00,0,webcam,
120390,2921372,gold,0.75,0.75,train,https://storage.googleapis.com/sunrisesunset-32a25.firebasestorage.app/snapshots/2921372/1785757563059.jpg,sunset,2026-08-03 11:46:03.561229+00:00,0,webcam,
120392,3550090,gold,0.75,0.75,train,https://storage.googleapis.com/sunrisesunset-32a25.firebasestorage.app/snapshots/3550090/1785758462568.jpg,sunset,2026-08-03 12:01:03.816622+00:00,0,webcam,
120393,2921372,gold,0.75,0.75,train,https://storage.googleapis.com/sunrisesunset-32a25.firebasestorage.app/snapshots/2921372/1785758465226.jpg,sunset,2026-08-03 12:01:05.569773+00:00,0,webcam,
120397,15984055,gold,0.5,0.5,train,https://storage.googleapis.com/sunrisesunset-32a25.firebasestorage.app/snapshots/15984055/1785759360843.jpg,sunset,2026-08-03 12:16:01.453187+00:00,0,webcam,
76395,3914190,gold,0.5,0.5,train,https://storage.googleapis.com/sunrisesunset-32a25.firebasestorage.app/snapshots/3914190/1772531150086.jpg,sunset,2026-03-03 09:45:50.354689+00:00,0,webcam,
76488,300,gold,0.5,0.5,train,https://storage.googleapis.com/sunrisesunset-32a25.firebasestorage.app/snapshots/300/1772559348886.jpg,sunrise,2026-03-03 17:35:49.218518+00:00,0,webcam,
120414,21605540,gold,0.75,0.75,train,https://storage.googleapis.com/sunrisesunset-32a25.firebasestorage.app/snapshots/21605540/1785771959876.jpg,sunset,2026-08-03 15:46:00.261307+00:00,0,webcam,
120416,9164847,gold,0.25,0.25,train,https://storage.googleapis.com/sunrisesunset-32a25.firebasestorage.app/snapshots/9164847/1785771969784.jpg,sunset,2026-08-03 15:46:10.534060+00:00,0,webcam,
80022,3914190,gold,0.5,0.5,train,https://storage.googleapis.com/sunrisesunset-32a25.firebasestorage.app/snapshots/3914190/1773395251204.jpg,sunset,2026-03-13 09:47:31.547003+00:00,0,webcam,
120418,9164847,gold,0.75,0.75,train,https://storage.googleapis.com/sunrisesunset-32a25.firebasestorage.app/snapshots/9164847/1785772918331.jpg,sunset,2026-08-03 16:01:59.125944+00:00,0,webcam,
120419,29135072,gold,0.75,0.75,train,https://storage.googleapis.com/sunrisesunset-32a25.firebasestorage.app/snapshots/29135072/1785772918973.jpg,sunset,2026-08-03 16:01:59.388174+00:00,0,webcam,
120421,29051458,gold,0.75,0.75,train,https://storage.googleapis.com/sunrisesunset-32a25.firebasestorage.app/snapshots/29051458/1785773765249.jpg,sunset,2026-08-03 16:16:05.580624+00:00,0,webcam,
120422,29135072,gold,0.75,0.75,train,https://storage.googleapis.com/sunrisesunset-32a25.firebasestorage.app/snapshots/29135072/1785773766590.jpg,sunset,2026-08-03 16:16:07.013248+00:00,0,webcam,
120423,29135072,gold,0.25,0.25,train,https://storage.googleapis.com/sunrisesunset-32a25.firebasestorage.app/snapshots/29135072/1785774670632.jpg,sunset,2026-08-03 16:31:11.028430+00:00,0,webcam,
120424,29051458,gold,0.75,0.75,train,https://storage.googleapis.com/sunrisesunset-32a25.firebasestorage.app/snapshots/29051458/1785774670012.jpg,sunset,2026-08-03 16:31:11.029770+00:00,0,webcam,
120426,331,gold,0.25,0.25,train,https://storage.googleapis.com/sunrisesunset-32a25.firebasestorage.app/snapshots/331/1785775574428.jpg,sunset,2026-08-03 16:46:14.774132+00:00,0,webcam,
77511,3914190,gold,0.0,0.0,train,https://storage.googleapis.com/sunrisesunset-32a25.firebasestorage.app/snapshots/3914190/1772788504679.jpg,sunset,2026-03-06 09:15:04.950493+00:00,0,webcam,
120435,20868788,gold,0.5,0.5,train,https://storage.googleapis.com/sunrisesunset-32a25.firebasestorage.app/snapshots/20868788/1785780068212.jpg,sunset,2026-08-03 18:01:09.112489+00:00,0,webcam,
120436,20868788,gold,0.75,0.75,train,https://storage.googleapis.com/sunrisesunset-32a25.firebasestorage.app/snapshots/20868788/1785780972256.jpg,sunset,2026-08-03 18:16:12.830897+00:00,0,webcam,
120440,29044329,gold,0.5,0.5,train,https://storage.googleapis.com/sunrisesunset-32a25.firebasestorage.app/snapshots/29044329/1785783722542.jpg,sunset,2026-08-03 19:02:03.318243+00:00,0,webcam,
120441,28952051,gold,0.0,0.0,train,https://storage.googleapis.com/sunrisesunset-32a25.firebasestorage.app/snapshots/28952051/1785783725703.jpg,sunset,2026-08-03 19:02:06.038321+00:00,0,webcam,
120444,28952051,gold,0.0,0.0,train,https://storage.googleapis.com/sunrisesunset-32a25.firebasestorage.app/snapshots/28952051/1785784562751.jpg,sunset,2026-08-03 19:16:03.141476+00:00,0,webcam,
77874,3914190,gold,0.5,0.5,train,https://storage.googleapis.com/sunrisesunset-32a25.firebasestorage.app/snapshots/3914190/1772878623633.jpg,sunset,2026-03-07 10:17:03.960683+00:00,0,webcam,
77863,3914190,gold,0.0,0.0,train,https://storage.googleapis.com/sunrisesunset-32a25.firebasestorage.app/snapshots/3914190/1772876763534.jpg,sunset,2026-03-07 09:46:03.885723+00:00,0,webcam,
120450,29190156,gold,0.75,0.75,train,https://storage.googleapis.com/sunrisesunset-32a25.firebasestorage.app/snapshots/29190156/1785787328553.jpg,sunset,2026-08-03 20:02:09.040892+00:00,0,webcam,
120452,29044963,gold,0.25,0.25,train,https://storage.googleapis.com/sunrisesunset-32a25.firebasestorage.app/snapshots/29044963/1785788162002.jpg,sunset,2026-08-03 20:16:02.364850+00:00,0,webcam,
120456,29069963,gold,1.0,1.0,train,https://storage.googleapis.com/sunrisesunset-32a25.firebasestorage.app/snapshots/29069963/1785788185256.jpg,sunset,2026-08-03 20:16:25.920219+00:00,0,webcam,
120457,28856817,gold,0.75,0.75,train,https://storage.googleapis.com/sunrisesunset-32a25.firebasestorage.app/snapshots/28856817/1785788188822.jpg,sunset,2026-08-03 20:16:29.154636+00:00,0,webcam,
120458,10027789,gold,0.5,0.5,train,https://storage.googleapis.com/sunrisesunset-32a25.firebasestorage.app/snapshots/10027789/1785788188838.jpg,sunset,2026-08-03 20:16:29.166243+00:00,0,webcam,
120459,29044963,gold,0.5,0.5,train,https://storage.googleapis.com/sunrisesunset-32a25.firebasestorage.app/snapshots/29044963/1785789061267.jpg,sunset,2026-08-03 20:31:01.663952+00:00,0,webcam,
120464,28856817,gold,1.0,1.0,train,https://storage.googleapis.com/sunrisesunset-32a25.firebasestorage.app/snapshots/28856817/1785789076085.jpg,sunset,2026-08-03 20:31:16.411949+00:00,0,webcam,
120465,29044963,gold,0.5,0.5,train,https://storage.googleapis.com/sunrisesunset-32a25.firebasestorage.app/snapshots/29044963/1785789964771.jpg,sunset,2026-08-03 20:46:05.588045+00:00,0,webcam,
78544,3914190,gold,0.25,0.25,train,https://storage.googleapis.com/sunrisesunset-32a25.firebasestorage.app/snapshots/3914190/1773049504598.jpg,sunset,2026-03-09 09:45:04.853430+00:00,0,webcam,
78643,300,gold,0.5,0.5,train,https://storage.googleapis.com/sunrisesunset-32a25.firebasestorage.app/snapshots/300/1773076682922.jpg,sunrise,2026-03-09 17:18:03.222048+00:00,0,webcam,
78889,3914190,gold,0.25,0.25,train,https://storage.googleapis.com/sunrisesunset-32a25.firebasestorage.app/snapshots/3914190/1773134163265.jpg,sunset,2026-03-10 09:16:03.602878+00:00,0,webcam,
120492,28782192,gold,0.25,0.25,train,https://storage.googleapis.com/sunrisesunset-32a25.firebasestorage.app/snapshots/28782192/1785792685956.jpg,sunset,2026-08-03 21:31:26.241492+00:00,0,webcam,
120494,13588772,gold,0.75,0.75,train,https://storage.googleapis.com/sunrisesunset-32a25.firebasestorage.app/snapshots/13588772/1785793569005.jpg,sunset,2026-08-03 21:46:09.350344+00:00,0,webcam,
80439,15537638,gold,0.5,0.5,train,https://storage.googleapis.com/sunrisesunset-32a25.firebasestorage.app/snapshots/15537638/1773432896145.jpg,sunrise,2026-03-13 20:14:56.416439+00:00,0,webcam,
79162,12451,gold,1.0,1.0,train,https://storage.googleapis.com/sunrisesunset-32a25.firebasestorage.app/snapshots/12451/1773191850903.jpg,sunset,2026-03-11 01:17:31.334278+00:00,0,webcam,
120501,8750142,gold,0.0,0.0,train,https://storage.googleapis.com/sunrisesunset-32a25.firebasestorage.app/snapshots/8750142/1785794484324.jpg,sunset,2026-08-03 22:01:25.219552+00:00,0,webcam,
120509,29030753,gold,0.75,0.75,train,https://storage.googleapis.com/sunrisesunset-32a25.firebasestorage.app/snapshots/29030753/1785796278569.jpg,sunset,2026-08-03 22:31:18.919577+00:00,0,webcam,
120510,4949016,gold,0.25,0.25,train,https://storage.googleapis.com/sunrisesunset-32a25.firebasestorage.app/snapshots/4949016/1785797161037.jpg,sunset,2026-08-03 22:46:02.483834+00:00,0,webcam,
120516,29045968,gold,0.25,0.25,train,https://storage.googleapis.com/sunrisesunset-32a25.firebasestorage.app/snapshots/29045968/1785797175459.jpg,sunset,2026-08-03 22:46:16.459104+00:00,0,webcam,
120517,29030753,gold,0.75,0.75,train,https://storage.googleapis.com/sunrisesunset-32a25.firebasestorage.app/snapshots/29030753/1785797177778.jpg,sunset,2026-08-03 22:46:18.085945+00:00,0,webcam,
120523,29168547,gold,1.0,1.0,train,https://storage.googleapis.com/sunrisesunset-32a25.firebasestorage.app/snapshots/29168547/1785799922751.jpg,sunset,2026-08-03 23:32:03.120338+00:00,0,webcam,
120525,598510,gold,0.25,0.25,train,https://storage.googleapis.com/sunrisesunset-32a25.firebasestorage.app/snapshots/598510/1785799926530.jpg,sunset,2026-08-03 23:32:06.852551+00:00,0,webcam,
120526,598510,gold,0.25,0.25,train,https://storage.googleapis.com/sunrisesunset-32a25.firebasestorage.app/snapshots/598510/1785800768720.jpg,sunset,2026-08-03 23:46:09.124115+00:00,0,webcam,
120549,21670376,gold,0.5,0.5,train,https://storage.googleapis.com/sunrisesunset-32a25.firebasestorage.app/snapshots/21670376/1785807074959.jpg,sunset,2026-08-04 01:31:15.329061+00:00,0,webcam,
120550,26273984,gold,0.0,0.0,train,https://storage.googleapis.com/sunrisesunset-32a25.firebasestorage.app/snapshots/26273984/1785807075912.jpg,sunset,2026-08-04 01:31:16.593346+00:00,0,webcam,
120553,21670376,gold,1.0,1.0,train,https://storage.googleapis.com/sunrisesunset-32a25.firebasestorage.app/snapshots/21670376/1785807975481.jpg,sunset,2026-08-04 01:46:15.819952+00:00,0,webcam,
120559,28482880,gold,0.5,0.5,train,https://storage.googleapis.com/sunrisesunset-32a25.firebasestorage.app/snapshots/28482880/1785809775971.jpg,sunset,2026-08-04 02:16:16.334590+00:00,0,webcam,
120560,28326341,gold,0.75,0.75,train,https://storage.googleapis.com/sunrisesunset-32a25.firebasestorage.app/snapshots/28326341/1785809777706.jpg,sunset,2026-08-04 02:16:17.993528+00:00,0,webcam,
120561,5961510,gold,0.75,0.75,train,https://storage.googleapis.com/sunrisesunset-32a25.firebasestorage.app/snapshots/5961510/1785810661475.jpg,sunset,2026-08-04 02:31:02.047884+00:00,0,webcam,
120563,28482880,gold,0.25,0.25,train,https://storage.googleapis.com/sunrisesunset-32a25.firebasestorage.app/snapshots/28482880/1785810672526.jpg,sunset,2026-08-04 02:31:12.847923+00:00,0,webcam,
120564,28326341,gold,0.75,0.75,train,https://storage.googleapis.com/sunrisesunset-32a25.firebasestorage.app/snapshots/28326341/1785810674050.jpg,sunset,2026-08-04 02:31:14.383120+00:00,0,webcam,
120565,5961510,gold,0.75,0.75,train,https://storage.googleapis.com/sunrisesunset-32a25.firebasestorage.app/snapshots/5961510/1785811560956.jpg,sunset,2026-08-04 02:46:02.957753+00:00,0,webcam,
120570,28326341,gold,0.75,0.75,train,https://storage.googleapis.com/sunrisesunset-32a25.firebasestorage.app/snapshots/28326341/1785811576733.jpg,sunset,2026-08-04 02:46:17.186329+00:00,0,webcam,
120576,27645536,gold,0.5,0.5,train,https://storage.googleapis.com/sunrisesunset-32a25.firebasestorage.app/snapshots/27645536/1785813371533.jpg,sunset,2026-08-04 03:16:11.882573+00:00,0,webcam,
120577,15984055,gold,0.0,0.0,train,https://storage.googleapis.com/sunrisesunset-32a25.firebasestorage.app/snapshots/15984055/1785813374527.jpg,sunset,2026-08-04 03:16:15.002928+00:00,0,webcam,
120578,15984055,gold,0.5,0.5,train,https://storage.googleapis.com/sunrisesunset-32a25.firebasestorage.app/snapshots/15984055/1785814324649.jpg,sunset,2026-08-04 03:32:04.997154+00:00,0,webcam,
120580,9164847,gold,0.75,0.75,train,https://storage.googleapis.com/sunrisesunset-32a25.firebasestorage.app/snapshots/9164847/1785815162493.jpg,sunset,2026-08-04 03:46:03.011537+00:00,0,webcam,
120581,29146169,gold,0.75,0.75,train,https://storage.googleapis.com/sunrisesunset-32a25.firebasestorage.app/snapshots/29146169/1785815165457.jpg,sunset,2026-08-04 03:46:05.885242+00:00,0,webcam,
120584,3004200,gold,0.75,0.75,train,https://storage.googleapis.com/sunrisesunset-32a25.firebasestorage.app/snapshots/3004200/1785815181035.jpg,sunset,2026-08-04 03:46:21.416319+00:00,0,webcam,
120586,29146169,gold,0.0,0.0,train,https://storage.googleapis.com/sunrisesunset-32a25.firebasestorage.app/snapshots/29146169/1785816064560.jpg,sunset,2026-08-04 04:01:05.008349+00:00,0,webcam,
120590,3004200,gold,0.75,0.75,train,https://storage.googleapis.com/sunrisesunset-32a25.firebasestorage.app/snapshots/3004200/1785816075924.jpg,sunset,2026-08-04 04:01:16.607087+00:00,0,webcam,
120592,137,gold,0.5,0.5,train,https://storage.googleapis.com/sunrisesunset-32a25.firebasestorage.app/snapshots/137/1785816077682.jpg,sunset,2026-08-04 04:01:18.048703+00:00,0,webcam,
120594,3004200,gold,0.75,0.75,train,https://storage.googleapis.com/sunrisesunset-32a25.firebasestorage.app/snapshots/3004200/1785816971865.jpg,sunset,2026-08-04 04:16:12.191772+00:00,0,webcam,
120598,2969639,gold,1.0,1.0,train,https://storage.googleapis.com/sunrisesunset-32a25.firebasestorage.app/snapshots/2969639/1785817919084.jpg,sunset,2026-08-04 04:31:59.367812+00:00,0,webcam,
120600,2969639,gold,0.75,0.75,train,https://storage.googleapis.com/sunrisesunset-32a25.firebasestorage.app/snapshots/2969639/1785818768207.jpg,sunset,2026-08-04 04:46:08.541790+00:00,0,webcam,
120601,25195019,gold,0.75,0.75,train,https://storage.googleapis.com/sunrisesunset-32a25.firebasestorage.app/snapshots/25195019/1785818770097.jpg,sunset,2026-08-04 04:46:10.534204+00:00,0,webcam,
120604,25195019,gold,0.5,0.5,train,https://storage.googleapis.com/sunrisesunset-32a25.firebasestorage.app/snapshots/25195019/1785819673310.jpg,sunset,2026-08-04 05:01:13.634540+00:00,0,webcam,
120607,21605540,gold,0.5,0.5,train,https://storage.googleapis.com/sunrisesunset-32a25.firebasestorage.app/snapshots/21605540/1785820570557.jpg,sunset,2026-08-04 05:16:10.834038+00:00,0,webcam,
120608,25195019,gold,0.75,0.75,train,https://storage.googleapis.com/sunrisesunset-32a25.firebasestorage.app/snapshots/25195019/1785820570573.jpg,sunset,2026-08-04 05:16:10.899223+00:00,0,webcam,
120610,21605540,gold,0.75,0.75,train,https://storage.googleapis.com/sunrisesunset-32a25.firebasestorage.app/snapshots/21605540/1785821469316.jpg,sunset,2026-08-04 05:31:09.657313+00:00,0,webcam,
120612,13233845,gold,0.25,0.25,train,https://storage.googleapis.com/sunrisesunset-32a25.firebasestorage.app/snapshots/13233845/1785822369688.jpg,sunset,2026-08-04 05:46:09.996778+00:00,0,webcam,
120630,25560191,gold,1.0,1.0,train,https://storage.googleapis.com/sunrisesunset-32a25.firebasestorage.app/snapshots/25560191/1785830529306.jpg,sunset,2026-08-04 08:02:09.674060+00:00,0,webcam,
120634,25560191,gold,0.0,0.0,train,https://storage.googleapis.com/sunrisesunset-32a25.firebasestorage.app/snapshots/25560191/1785831373626.jpg,sunset,2026-08-04 08:16:13.943681+00:00,0,webcam,
120638,2957072,gold,0.25,0.25,train,https://storage.googleapis.com/sunrisesunset-32a25.firebasestorage.app/snapshots/2957072/1785832268115.jpg,sunset,2026-08-04 08:31:08.419528+00:00,0,webcam,
120640,2957072,gold,0.25,0.25,train,https://storage.googleapis.com/sunrisesunset-32a25.firebasestorage.app/snapshots/2957072/1785833166827.jpg,sunset,2026-08-04 08:46:07.186347+00:00,0,webcam,
120643,4641273,gold,0.5,0.5,train,https://storage.googleapis.com/sunrisesunset-32a25.firebasestorage.app/snapshots/4641273/1785833176318.jpg,sunset,2026-08-04 08:46:16.644817+00:00,0,webcam,
120648,2957072,gold,0.75,0.75,train,https://storage.googleapis.com/sunrisesunset-32a25.firebasestorage.app/snapshots/2957072/1785834068752.jpg,sunset,2026-08-04 09:01:09.072536+00:00,0,webcam,
120650,29054605,gold,0.5,0.5,train,https://storage.googleapis.com/sunrisesunset-32a25.firebasestorage.app/snapshots/29054605/1785835029578.jpg,sunset,2026-08-04 09:17:10.081744+00:00,0,webcam,
120653,2412333,gold,1.0,1.0,train,https://storage.googleapis.com/sunrisesunset-32a25.firebasestorage.app/snapshots/2412333/1785836764132.jpg,sunset,2026-08-04 09:46:04.633439+00:00,0,webcam,
120656,29144336,gold,0.75,0.75,train,https://storage.googleapis.com/sunrisesunset-32a25.firebasestorage.app/snapshots/29144336/1785836785869.jpg,sunset,2026-08-04 09:46:26.414681+00:00,0,webcam,
120657,3741,gold,0.75,0.75,train,https://storage.googleapis.com/sunrisesunset-32a25.firebasestorage.app/snapshots/3741/1785836786351.jpg,sunset,2026-08-04 09:46:26.630191+00:00,0,webcam,
120658,3963339,gold,0.75,0.75,train,https://storage.googleapis.com/sunrisesunset-32a25.firebasestorage.app/snapshots/3963339/1785836789028.jpg,sunset,2026-08-04 09:46:29.302038+00:00,0,webcam,
120662,29144336,gold,0.75,0.75,train,https://storage.googleapis.com/sunrisesunset-32a25.firebasestorage.app/snapshots/29144336/1785837727734.jpg,sunset,2026-08-04 10:02:08.766891+00:00,0,webcam,
120666,4594009,gold,0.0,0.0,train,https://storage.googleapis.com/sunrisesunset-32a25.firebasestorage.app/snapshots/4594009/1785838591195.jpg,sunset,2026-08-04 10:16:31.636283+00:00,0,webcam,
120667,29144336,gold,0.5,0.5,train,https://storage.googleapis.com/sunrisesunset-32a25.firebasestorage.app/snapshots/29144336/1785838591420.jpg,sunset,2026-08-04 10:16:31.722684+00:00,0,webcam,
120668,17867259,gold,0.75,0.75,train,https://storage.googleapis.com/sunrisesunset-32a25.firebasestorage.app/snapshots/17867259/1785839523276.jpg,sunset,2026-08-04 10:32:03.637526+00:00,0,webcam,
120673,8750142,gold,1.0,1.0,train,https://storage.googleapis.com/sunrisesunset-32a25.firebasestorage.app/snapshots/8750142/1785840365124.jpg,sunset,2026-08-04 10:46:05.550217+00:00,0,webcam,
120674,27645536,gold,0.0,0.0,train,https://storage.googleapis.com/sunrisesunset-32a25.firebasestorage.app/snapshots/27645536/1785840368206.jpg,sunset,2026-08-04 10:46:09.487578+00:00,0,webcam,
120684,25195019,gold,0.5,0.5,train,https://storage.googleapis.com/sunrisesunset-32a25.firebasestorage.app/snapshots/25195019/1785842176016.jpg,sunset,2026-08-04 11:16:16.312985+00:00,0,webcam,
120687,29048102,gold,0.0,0.0,train,https://storage.googleapis.com/sunrisesunset-32a25.firebasestorage.app/snapshots/29048102/1785843067594.jpg,sunset,2026-08-04 11:31:08.024559+00:00,0,webcam,
120688,12586,gold,0.5,0.5,train,https://storage.googleapis.com/sunrisesunset-32a25.firebasestorage.app/snapshots/12586/1785843072589.jpg,sunset,2026-08-04 11:31:12.910293+00:00,0,webcam,
120689,12328142,gold,0.0,0.0,train,https://storage.googleapis.com/sunrisesunset-32a25.firebasestorage.app/snapshots/12328142/1785843963027.jpg,sunset,2026-08-04 11:46:03.499293+00:00,0,webcam,
120692,15984055,gold,0.75,0.75,train,https://storage.googleapis.com/sunrisesunset-32a25.firebasestorage.app/snapshots/15984055/1785845762811.jpg,sunset,2026-08-04 12:16:03.261769+00:00,0,webcam,
120693,2921377,gold,0.5,0.5,train,https://storage.googleapis.com/sunrisesunset-32a25.firebasestorage.app/snapshots/2921377/1785845762570.jpg,sunset,2026-08-04 12:16:03.261559+00:00,0,webcam,
88204,3914190,gold,0.5,0.5,train,https://storage.googleapis.com/sunrisesunset-32a25.firebasestorage.app/snapshots/3914190/1773568052507.jpg,sunset,2026-03-15 09:47:32.912155+00:00,0,webcam,
120701,2921338,gold,0.5,0.5,train,https://storage.googleapis.com/sunrisesunset-32a25.firebasestorage.app/snapshots/2921338/1785850261440.jpg,sunset,2026-08-04 13:31:01.877785+00:00,0,webcam,
120702,28960218,gold,0.0,0.0,train,https://storage.googleapis.com/sunrisesunset-32a25.firebasestorage.app/snapshots/28960218/1785850263497.jpg,sunset,2026-08-04 13:31:03.850461+00:00,0,webcam,
120705,2921338,gold,0.25,0.25,train,https://storage.googleapis.com/sunrisesunset-32a25.firebasestorage.app/snapshots/2921338/1785851161226.jpg,sunset,2026-08-04 13:46:01.931021+00:00,0,webcam,
120708,2921338,gold,0.5,0.5,train,https://storage.googleapis.com/sunrisesunset-32a25.firebasestorage.app/snapshots/2921338/1785852061444.jpg,sunset,2026-08-04 14:01:01.856645+00:00,0,webcam,
120711,2921338,gold,0.5,0.5,train,https://storage.googleapis.com/sunrisesunset-32a25.firebasestorage.app/snapshots/2921338/1785852963788.jpg,sunset,2026-08-04 14:16:04.555554+00:00,0,webcam,
120712,2921338,gold,0.5,0.5,train,https://storage.googleapis.com/sunrisesunset-32a25.firebasestorage.app/snapshots/2921338/1785853861087.jpg,sunset,2026-08-04 14:31:01.452392+00:00,0,webcam,
120713,28983155,gold,0.25,0.25,train,https://storage.googleapis.com/sunrisesunset-32a25.firebasestorage.app/snapshots/28983155/1785853863488.jpg,sunset,2026-08-04 14:31:03.848354+00:00,0,webcam,
120716,21605540,gold,0.75,0.75,train,https://storage.googleapis.com/sunrisesunset-32a25.firebasestorage.app/snapshots/21605540/1785857461669.jpg,sunset,2026-08-04 15:31:02.092624+00:00,0,webcam,
120717,21605540,gold,0.75,0.75,train,https://storage.googleapis.com/sunrisesunset-32a25.firebasestorage.app/snapshots/21605540/1785858362245.jpg,sunset,2026-08-04 15:46:02.668922+00:00,0,webcam,
120718,9164847,gold,0.5,0.5,train,https://storage.googleapis.com/sunrisesunset-32a25.firebasestorage.app/snapshots/9164847/1785858369781.jpg,sunset,2026-08-04 15:46:10.186894+00:00,0,webcam,
120720,29135072,gold,0.5,0.5,train,https://storage.googleapis.com/sunrisesunset-32a25.firebasestorage.app/snapshots/29135072/1785859269203.jpg,sunset,2026-08-04 16:01:09.610219+00:00,0,webcam,
120721,21846,gold,0.0,0.0,train,https://storage.googleapis.com/sunrisesunset-32a25.firebasestorage.app/snapshots/21846/1785860167011.jpg,sunset,2026-08-04 16:16:07.837734+00:00,0,webcam,
120722,29051458,gold,0.75,0.75,train,https://storage.googleapis.com/sunrisesunset-32a25.firebasestorage.app/snapshots/29051458/1785860171264.jpg,sunset,2026-08-04 16:16:11.576605+00:00,0,webcam,
120723,29051458,gold,0.5,0.5,train,https://storage.googleapis.com/sunrisesunset-32a25.firebasestorage.app/snapshots/29051458/1785861066234.jpg,sunset,2026-08-04 16:31:06.963961+00:00,0,webcam,
120726,21846,gold,0.25,0.25,train,https://storage.googleapis.com/sunrisesunset-32a25.firebasestorage.app/snapshots/21846/1785862916634.jpg,sunset,2026-08-04 17:01:57.029019+00:00,0,webcam,
120727,13611,gold,0.25,0.25,train,https://storage.googleapis.com/sunrisesunset-32a25.firebasestorage.app/snapshots/13611/1785862918599.jpg,sunset,2026-08-04 17:01:59.120512+00:00,0,webcam,
120730,2921338,gold,0.75,0.75,train,https://storage.googleapis.com/sunrisesunset-32a25.firebasestorage.app/snapshots/2921338/1785863761383.jpg,sunset,2026-08-04 17:16:01.800625+00:00,0,webcam,
120732,2921338,gold,0.5,0.5,train,https://storage.googleapis.com/sunrisesunset-32a25.firebasestorage.app/snapshots/2921338/1785864720629.jpg,sunset,2026-08-04 17:32:01.064599+00:00,0,webcam,
120733,15017506,gold,0.5,0.5,train,https://storage.googleapis.com/sunrisesunset-32a25.firebasestorage.app/snapshots/15017506/1785864725450.jpg,sunset,2026-08-04 17:32:06.688704+00:00,0,webcam,
90283,12451,gold,0.75,0.75,train,https://storage.googleapis.com/sunrisesunset-32a25.firebasestorage.app/snapshots/12451/1774055200560.jpg,sunset,2026-03-21 01:06:40.859554+00:00,0,webcam,
120744,28952051,gold,0.5,0.5,train,https://storage.googleapis.com/sunrisesunset-32a25.firebasestorage.app/snapshots/28952051/1785872765198.jpg,sunset,2026-08-04 19:46:05.516085+00:00,0,webcam,
120747,29061637,gold,0.0,0.0,train,https://storage.googleapis.com/sunrisesunset-32a25.firebasestorage.app/snapshots/29061637/1785872774698.jpg,sunset,2026-08-04 19:46:15.013246+00:00,0,webcam,
120748,28864023,gold,0.75,0.75,train,https://storage.googleapis.com/sunrisesunset-32a25.firebasestorage.app/snapshots/28864023/1785872776417.jpg,sunset,2026-08-04 19:46:16.782615+00:00,0,webcam,
120749,24671280,gold,1.0,1.0,train,https://storage.googleapis.com/sunrisesunset-32a25.firebasestorage.app/snapshots/24671280/1785872777074.jpg,sunset,2026-08-04 19:46:17.420896+00:00,0,webcam,
90032,3914190,gold,0.5,0.5,train,https://storage.googleapis.com/sunrisesunset-32a25.firebasestorage.app/snapshots/3914190/1773998252188.jpg,sunset,2026-03-20 09:17:32.527757+00:00,0,webcam,
120757,28871247,gold,0.0,0.0,train,https://storage.googleapis.com/sunrisesunset-32a25.firebasestorage.app/snapshots/28871247/1785874568591.jpg,sunset,2026-08-04 20:16:09.466192+00:00,0,webcam,
120760,29177772,gold,0.5,0.5,train,https://storage.googleapis.com/sunrisesunset-32a25.firebasestorage.app/snapshots/29177772/1785874583930.jpg,sunset,2026-08-04 20:16:24.250893+00:00,0,webcam,
120768,28992538,gold,0.0,0.0,train,https://storage.googleapis.com/sunrisesunset-32a25.firebasestorage.app/snapshots/28992538/1785875478206.jpg,sunset,2026-08-04 20:31:18.698506+00:00,0,webcam,
120769,28751698,gold,0.5,0.5,train,https://storage.googleapis.com/sunrisesunset-32a25.firebasestorage.app/snapshots/28751698/1785875478390.jpg,sunset,2026-08-04 20:31:18.921195+00:00,0,webcam,
120770,28751698,gold,1.0,1.0,train,https://storage.googleapis.com/sunrisesunset-32a25.firebasestorage.app/snapshots/28751698/1785876378444.jpg,sunset,2026-08-04 20:46:19.293356+00:00,0,webcam,
120771,28992538,gold,0.25,0.25,train,https://storage.googleapis.com/sunrisesunset-32a25.firebasestorage.app/snapshots/28992538/1785876380911.jpg,sunset,2026-08-04 20:46:21.541308+00:00,0,webcam,
120774,931,gold,0.5,0.5,train,https://storage.googleapis.com/sunrisesunset-32a25.firebasestorage.app/snapshots/931/1785876380925.jpg,sunset,2026-08-04 20:46:21.710482+00:00,0,webcam,
120781,28985425,gold,0.0,0.0,train,https://storage.googleapis.com/sunrisesunset-32a25.firebasestorage.app/snapshots/28985425/1785878232815.jpg,sunset,2026-08-04 21:17:13.362254+00:00,0,webcam,
120782,29022880,gold,0.0,0.0,train,https://storage.googleapis.com/sunrisesunset-32a25.firebasestorage.app/snapshots/29022880/1785878237326.jpg,sunset,2026-08-04 21:17:17.835043+00:00,0,webcam,
91226,3914190,gold,0.25,0.25,train,https://storage.googleapis.com/sunrisesunset-32a25.firebasestorage.app/snapshots/3914190/1774259254216.jpg,sunset,2026-03-23 09:47:34.484187+00:00,0,webcam,
120786,28985425,gold,0.5,0.5,train,https://storage.googleapis.com/sunrisesunset-32a25.firebasestorage.app/snapshots/28985425/1785879072128.jpg,sunset,2026-08-04 21:31:12.543413+00:00,0,webcam,
120789,29022880,gold,0.0,0.0,train,https://storage.googleapis.com/sunrisesunset-32a25.firebasestorage.app/snapshots/29022880/1785879076954.jpg,sunset,2026-08-04 21:31:17.479433+00:00,0,webcam,
120796,931,gold,0.5,0.5,train,https://storage.googleapis.com/sunrisesunset-32a25.firebasestorage.app/snapshots/931/1785879977788.jpg,sunset,2026-08-04 21:46:18.204565+00:00,0,webcam,
120797,23880643,gold,0.5,0.5,train,https://storage.googleapis.com/sunrisesunset-32a25.firebasestorage.app/snapshots/23880643/1785879979670.jpg,sunset,2026-08-04 21:46:19.981118+00:00,0,webcam,
120798,29144336,gold,0.5,0.5,train,https://storage.googleapis.com/sunrisesunset-32a25.firebasestorage.app/snapshots/29144336/1785880863895.jpg,sunset,2026-08-04 22:01:04.284947+00:00,0,webcam,
120827,598510,gold,0.25,0.25,train,https://storage.googleapis.com/sunrisesunset-32a25.firebasestorage.app/snapshots/598510/1785886268515.jpg,sunset,2026-08-04 23:31:08.808720+00:00,0,webcam,
120828,598510,gold,0.75,0.75,train,https://storage.googleapis.com/sunrisesunset-32a25.firebasestorage.app/snapshots/598510/1785887170451.jpg,sunset,2026-08-04 23:46:10.807591+00:00,0,webcam,
120836,9872616,gold,0.5,0.5,train,https://storage.googleapis.com/sunrisesunset-32a25.firebasestorage.app/snapshots/9872616/1785889926274.jpg,sunset,2026-08-05 00:32:06.654089+00:00,0,webcam,
120849,12451,gold,0.25,0.25,train,https://storage.googleapis.com/sunrisesunset-32a25.firebasestorage.app/snapshots/12451/1785892575134.jpg,sunset,2026-08-05 01:16:15.446821+00:00,0,webcam,
120852,12586,gold,0.5,0.5,train,https://storage.googleapis.com/sunrisesunset-32a25.firebasestorage.app/snapshots/12586/1785894362286.jpg,sunset,2026-08-05 01:46:02.618251+00:00,0,webcam,
120854,21670376,gold,0.5,0.5,train,https://storage.googleapis.com/sunrisesunset-32a25.firebasestorage.app/snapshots/21670376/1785894376301.jpg,sunset,2026-08-05 01:46:16.641785+00:00,0,webcam,
120856,9212,gold,0.0,0.0,train,https://storage.googleapis.com/sunrisesunset-32a25.firebasestorage.app/snapshots/9212/1785895279056.jpg,sunset,2026-08-05 02:01:19.702944+00:00,0,webcam,
120861,28482880,gold,0.0,0.0,train,https://storage.googleapis.com/sunrisesunset-32a25.firebasestorage.app/snapshots/28482880/1785896175540.jpg,sunset,2026-08-05 02:16:17.033904+00:00,0,webcam,
120862,28326341,gold,0.5,0.5,train,https://storage.googleapis.com/sunrisesunset-32a25.firebasestorage.app/snapshots/28326341/1785896178413.jpg,sunset,2026-08-05 02:16:18.696763+00:00,0,webcam,
120863,5961510,gold,0.75,0.75,train,https://storage.googleapis.com/sunrisesunset-32a25.firebasestorage.app/snapshots/5961510/1785897119277.jpg,sunset,2026-08-05 02:31:59.848076+00:00,0,webcam,
120866,28326341,gold,0.75,0.75,train,https://storage.googleapis.com/sunrisesunset-32a25.firebasestorage.app/snapshots/28326341/1785897133714.jpg,sunset,2026-08-05 02:32:14.099141+00:00,0,webcam,
120870,28326341,gold,0.5,0.5,train,https://storage.googleapis.com/sunrisesunset-32a25.firebasestorage.app/snapshots/28326341/1785897974732.jpg,sunset,2026-08-05 02:46:15.061892+00:00,0,webcam,
120872,28881793,gold,0.5,0.5,train,https://storage.googleapis.com/sunrisesunset-32a25.firebasestorage.app/snapshots/28881793/1785897974277.jpg,sunset,2026-08-05 02:46:15.070571+00:00,0,webcam,
120884,22856539,gold,0.0,0.0,train,https://storage.googleapis.com/sunrisesunset-32a25.firebasestorage.app/snapshots/22856539/1785900673204.jpg,sunset,2026-08-05 03:31:13.531762+00:00,0,webcam,
120886,10817222,gold,0.25,0.25,train,https://storage.googleapis.com/sunrisesunset-32a25.firebasestorage.app/snapshots/10817222/1785901571080.jpg,sunset,2026-08-05 03:46:12.219220+00:00,0,webcam,
120890,137,gold,0.5,0.5,train,https://storage.googleapis.com/sunrisesunset-32a25.firebasestorage.app/snapshots/137/1785902529113.jpg,sunset,2026-08-05 04:02:09.479921+00:00,0,webcam,
89668,3914190,gold,0.5,0.5,train,https://storage.googleapis.com/sunrisesunset-32a25.firebasestorage.app/snapshots/3914190/1773911791931.jpg,sunset,2026-03-19 09:16:32.235541+00:00,0,webcam,
120895,28767507,gold,0.0,0.0,train,https://storage.googleapis.com/sunrisesunset-32a25.firebasestorage.app/snapshots/28767507/1785904262744.jpg,sunset,2026-08-05 04:31:03.081997+00:00,0,webcam,
120907,331,gold,0.5,0.5,train,https://storage.googleapis.com/sunrisesunset-32a25.firebasestorage.app/snapshots/331/1785905846369.jpg,sunset,2026-08-05 04:57:26.723512+00:00,0,webcam,
120893,137,gold,0.5,0.5,train,https://storage.googleapis.com/sunrisesunset-32a25.firebasestorage.app/snapshots/137/1785903371774.jpg,sunset,2026-08-05 04:16:12.118187+00:00,0,webcam,
120898,25195019,gold,0.75,0.75,train,https://storage.googleapis.com/sunrisesunset-32a25.firebasestorage.app/snapshots/25195019/1785904707684.jpg,sunset,2026-08-05 04:38:28.055701+00:00,0,webcam,
120903,331,gold,0.5,0.5,train,https://storage.googleapis.com/sunrisesunset-32a25.firebasestorage.app/snapshots/331/1785905426316.jpg,sunset,2026-08-05 04:50:27.224381+00:00,0,webcam,
120899,25195019,gold,0.75,0.75,train,https://storage.googleapis.com/sunrisesunset-32a25.firebasestorage.app/snapshots/25195019/1785904948420.jpg,sunset,2026-08-05 04:42:29.363810+00:00,0,webcam,
120900,28864023,gold,0.75,0.75,train,https://storage.googleapis.com/sunrisesunset-32a25.firebasestorage.app/snapshots/28864023/1785905006998.jpg,sunset,2026-08-05 04:43:27.384211+00:00,0,webcam,
120905,25195019,gold,0.75,0.75,train,https://storage.googleapis.com/sunrisesunset-32a25.firebasestorage.app/snapshots/25195019/1785905608006.jpg,sunset,2026-08-05 04:53:28.323995+00:00,0,webcam,
120909,3793247,gold,0.75,0.75,train,https://storage.googleapis.com/sunrisesunset-32a25.firebasestorage.app/snapshots/3793247/1785907020458.jpg,sunset,2026-08-05 05:17:00.766063+00:00,0,webcam,
120911,25195019,gold,0.75,0.75,train,https://storage.googleapis.com/sunrisesunset-32a25.firebasestorage.app/snapshots/25195019/1785907026462.jpg,sunset,2026-08-05 05:17:06.831393+00:00,0,webcam,
120912,21605540,gold,0.25,0.25,train,https://storage.googleapis.com/sunrisesunset-32a25.firebasestorage.app/snapshots/21605540/1785907027305.jpg,sunset,2026-08-05 05:17:07.597573+00:00,0,webcam,
120918,3793247,gold,0.75,0.75,train,https://storage.googleapis.com/sunrisesunset-32a25.firebasestorage.app/snapshots/3793247/1785908455556.jpg,sunset,2026-08-05 05:40:55.929263+00:00,0,webcam,
120922,3793247,gold,0.75,0.75,train,https://storage.googleapis.com/sunrisesunset-32a25.firebasestorage.app/snapshots/3793247/1785908990297.jpg,sunset,2026-08-05 05:49:51.121896+00:00,0,webcam,
120923,28767507,gold,0.0,0.0,train,https://storage.googleapis.com/sunrisesunset-32a25.firebasestorage.app/snapshots/28767507/1785909178176.jpg,sunset,2026-08-05 05:52:58.881117+00:00,0,webcam,
120924,3793247,gold,0.75,0.75,train,https://storage.googleapis.com/sunrisesunset-32a25.firebasestorage.app/snapshots/3793247/1785909417198.jpg,sunset,2026-08-05 05:56:57.545768+00:00,0,webcam,
120927,3793247,gold,0.5,0.5,train,https://storage.googleapis.com/sunrisesunset-32a25.firebasestorage.app/snapshots/3793247/1785910136663.jpg,sunset,2026-08-05 06:08:57.049409+00:00,0,webcam,
120928,29194396,gold,0.75,0.75,train,https://storage.googleapis.com/sunrisesunset-32a25.firebasestorage.app/snapshots/29194396/1785910378447.jpg,sunset,2026-08-05 06:12:58.888635+00:00,0,webcam,
120935,4584560,gold,0.25,0.25,train,https://storage.googleapis.com/sunrisesunset-32a25.firebasestorage.app/snapshots/4584560/1785914130868.jpg,sunset,2026-08-05 07:15:31.254676+00:00,0,webcam,
97512,11588,gold,0.75,0.75,train,https://storage.googleapis.com/sunrisesunset-32a25.firebasestorage.app/snapshots/11588/1777615169985.jpg,sunrise,2026-05-01 05:59:30.493060+00:00,0,webcam,
120955,12059278,gold,0.25,0.25,train,https://storage.googleapis.com/sunrisesunset-32a25.firebasestorage.app/snapshots/12059278/1785919535130.jpg,sunset,2026-08-05 08:45:35.603204+00:00,0,webcam,
120958,2957072,gold,0.0,0.0,train,https://storage.googleapis.com/sunrisesunset-32a25.firebasestorage.app/snapshots/2957072/1785920482465.jpg,sunset,2026-08-05 09:01:22.824181+00:00,0,webcam,
120960,400,gold,0.0,0.0,train,https://storage.googleapis.com/sunrisesunset-32a25.firebasestorage.app/snapshots/400/1785922239519.jpg,sunset,2026-08-05 09:30:41.454113+00:00,0,webcam,
120961,2412333,gold,0.75,0.75,train,https://storage.googleapis.com/sunrisesunset-32a25.firebasestorage.app/snapshots/2412333/1785923126840.jpg,sunset,2026-08-05 09:45:27.197073+00:00,0,webcam,
120963,3741,gold,0.75,0.75,train,https://storage.googleapis.com/sunrisesunset-32a25.firebasestorage.app/snapshots/3741/1785923143300.jpg,sunset,2026-08-05 09:45:44.907297+00:00,0,webcam,
120964,29144336,gold,0.75,0.75,train,https://storage.googleapis.com/sunrisesunset-32a25.firebasestorage.app/snapshots/29144336/1785923145341.jpg,sunset,2026-08-05 09:45:45.727325+00:00,0,webcam,
120965,10817222,gold,0.0,0.0,train,https://storage.googleapis.com/sunrisesunset-32a25.firebasestorage.app/snapshots/10817222/1785924211266.jpg,sunset,2026-08-05 10:03:32.587447+00:00,0,webcam,
120966,29144336,gold,0.75,0.75,train,https://storage.googleapis.com/sunrisesunset-32a25.firebasestorage.app/snapshots/29144336/1785924221544.jpg,sunset,2026-08-05 10:03:42.294152+00:00,0,webcam,
120967,10817222,gold,0.0,0.0,train,https://storage.googleapis.com/sunrisesunset-32a25.firebasestorage.app/snapshots/10817222/1785924934527.jpg,sunset,2026-08-05 10:15:35.414530+00:00,0,webcam,
120969,29144336,gold,0.25,0.25,train,https://storage.googleapis.com/sunrisesunset-32a25.firebasestorage.app/snapshots/29144336/1785924945750.jpg,sunset,2026-08-05 10:15:46.102035+00:00,0,webcam,
120973,10817222,gold,0.25,0.25,train,https://storage.googleapis.com/sunrisesunset-32a25.firebasestorage.app/snapshots/10817222/1785925890307.jpg,sunset,2026-08-05 10:31:30.663164+00:00,0,webcam,
120976,28794621,gold,1.0,1.0,train,https://storage.googleapis.com/sunrisesunset-32a25.firebasestorage.app/snapshots/28794621/1785926740253.jpg,sunset,2026-08-05 10:45:40.775694+00:00,0,webcam,
120979,28794621,gold,0.75,0.75,train,https://storage.googleapis.com/sunrisesunset-32a25.firebasestorage.app/snapshots/28794621/1785927700193.jpg,sunset,2026-08-05 11:01:40.912515+00:00,0,webcam,
100905,931,gold,0.25,0.25,train,https://storage.googleapis.com/sunrisesunset-32a25.firebasestorage.app/snapshots/931/1780870573279.jpg,sunset,2026-06-07 22:16:13.615105+00:00,0,webcam,
120983,12586,gold,0.0,0.0,train,https://storage.googleapis.com/sunrisesunset-32a25.firebasestorage.app/snapshots/12586/1785929431239.jpg,sunset,2026-08-05 11:30:32.115274+00:00,0,webcam,
120985,29048102,gold,0.0,0.0,train,https://storage.googleapis.com/sunrisesunset-32a25.firebasestorage.app/snapshots/29048102/1785930324784.jpg,sunset,2026-08-05 11:45:25.152937+00:00,0,webcam,
121003,2921338,gold,0.25,0.25,train,https://storage.googleapis.com/sunrisesunset-32a25.firebasestorage.app/snapshots/2921338/1785937522262.jpg,sunset,2026-08-05 13:45:22.657473+00:00,0,webcam,
121008,2921338,gold,0.5,0.5,train,https://storage.googleapis.com/sunrisesunset-32a25.firebasestorage.app/snapshots/2921338/1785938481432.jpg,sunset,2026-08-05 14:01:22.027013+00:00,0,webcam,
121010,2921338,gold,0.5,0.5,train,https://storage.googleapis.com/sunrisesunset-32a25.firebasestorage.app/snapshots/2921338/1785939321377.jpg,sunset,2026-08-05 14:15:21.810946+00:00,0,webcam,
121012,5973565,gold,0.25,0.25,train,https://storage.googleapis.com/sunrisesunset-32a25.firebasestorage.app/snapshots/5973565/1785944721203.jpg,sunset,2026-08-05 15:45:21.857231+00:00,0,webcam,
121013,21605540,gold,0.5,0.5,train,https://storage.googleapis.com/sunrisesunset-32a25.firebasestorage.app/snapshots/21605540/1785944721429.jpg,sunset,2026-08-05 15:45:21.858731+00:00,0,webcam,
121015,29135072,gold,0.25,0.25,train,https://storage.googleapis.com/sunrisesunset-32a25.firebasestorage.app/snapshots/29135072/1785945678402.jpg,sunset,2026-08-05 16:01:18.813075+00:00,0,webcam,
121018,29051458,gold,0.75,0.75,train,https://storage.googleapis.com/sunrisesunset-32a25.firebasestorage.app/snapshots/29051458/1785946528566.jpg,sunset,2026-08-05 16:15:28.966422+00:00,0,webcam,
121019,29135072,gold,0.75,0.75,train,https://storage.googleapis.com/sunrisesunset-32a25.firebasestorage.app/snapshots/29135072/1785946528541.jpg,sunset,2026-08-05 16:15:28.973923+00:00,0,webcam,
121017,3156420,gold,0.5,0.5,train,https://storage.googleapis.com/sunrisesunset-32a25.firebasestorage.app/snapshots/3156420/1785946527598.jpg,sunset,2026-08-05 16:15:28.960405+00:00,0,webcam,
121021,3156420,gold,0.75,0.75,train,https://storage.googleapis.com/sunrisesunset-32a25.firebasestorage.app/snapshots/3156420/1785947487393.jpg,sunset,2026-08-05 16:31:27.993566+00:00,0,webcam,
121022,29051458,gold,0.75,0.75,train,https://storage.googleapis.com/sunrisesunset-32a25.firebasestorage.app/snapshots/29051458/1785947487815.jpg,sunset,2026-08-05 16:31:28.160910+00:00,0,webcam,
121023,331,gold,0.25,0.25,train,https://storage.googleapis.com/sunrisesunset-32a25.firebasestorage.app/snapshots/331/1785947488928.jpg,sunset,2026-08-05 16:31:29.360849+00:00,0,webcam,
121024,2921338,gold,0.5,0.5,train,https://storage.googleapis.com/sunrisesunset-32a25.firebasestorage.app/snapshots/2921338/1785948322342.jpg,sunset,2026-08-05 16:45:22.738496+00:00,0,webcam,
121026,15017506,gold,0.25,0.25,train,https://storage.googleapis.com/sunrisesunset-32a25.firebasestorage.app/snapshots/15017506/1785948327311.jpg,sunset,2026-08-05 16:45:27.741658+00:00,0,webcam,
121028,15017506,gold,0.5,0.5,train,https://storage.googleapis.com/sunrisesunset-32a25.firebasestorage.app/snapshots/15017506/1785949290392.jpg,sunset,2026-08-05 17:01:30.809258+00:00,0,webcam,
121034,29047311,gold,1.0,1.0,train,https://storage.googleapis.com/sunrisesunset-32a25.firebasestorage.app/snapshots/29047311/1785952927145.jpg,sunset,2026-08-05 18:02:07.459842+00:00,0,webcam,
121036,29047311,gold,1.0,1.0,train,https://storage.googleapis.com/sunrisesunset-32a25.firebasestorage.app/snapshots/29047311/1785953775899.jpg,sunset,2026-08-05 18:16:16.215629+00:00,0,webcam,
121043,28952051,gold,0.5,0.5,train,https://storage.googleapis.com/sunrisesunset-32a25.firebasestorage.app/snapshots/28952051/1785959134240.jpg,sunset,2026-08-05 19:45:34.632526+00:00,0,webcam,
121044,24671280,gold,1.0,1.0,train,https://storage.googleapis.com/sunrisesunset-32a25.firebasestorage.app/snapshots/24671280/1785959143361.jpg,sunset,2026-08-05 19:45:43.768552+00:00,0,webcam,
121060,28985083,gold,0.75,0.75,train,https://storage.googleapis.com/sunrisesunset-32a25.firebasestorage.app/snapshots/28985083/1785961935229.jpg,sunset,2026-08-05 20:32:15.592558+00:00,0,webcam,
121061,15939286,gold,0.0,0.0,train,https://storage.googleapis.com/sunrisesunset-32a25.firebasestorage.app/snapshots/15939286/1785962739109.jpg,sunset,2026-08-05 20:45:39.818183+00:00,0,webcam,
92328,12451,gold,0.5,0.5,train,https://storage.googleapis.com/sunrisesunset-32a25.firebasestorage.app/snapshots/12451/1774486832380.jpg,sunset,2026-03-26 01:00:32.704211+00:00,0,webcam,
121071,24564388,gold,0.25,0.25,train,https://storage.googleapis.com/sunrisesunset-32a25.firebasestorage.app/snapshots/24564388/1785963652905.jpg,sunset,2026-08-05 21:00:53.433064+00:00,0,webcam,
121073,29022880,gold,0.75,0.75,train,https://storage.googleapis.com/sunrisesunset-32a25.firebasestorage.app/snapshots/29022880/1785964550067.jpg,sunset,2026-08-05 21:15:51.379402+00:00,0,webcam,
121074,14396710,gold,0.75,0.75,train,https://storage.googleapis.com/sunrisesunset-32a25.firebasestorage.app/snapshots/14396710/1785964552145.jpg,sunset,2026-08-05 21:15:52.765979+00:00,0,webcam,
121075,24564388,gold,0.0,0.0,train,https://storage.googleapis.com/sunrisesunset-32a25.firebasestorage.app/snapshots/24564388/1785964552623.jpg,sunset,2026-08-05 21:15:52.954498+00:00,0,webcam,
121079,23880643,gold,0.5,0.5,train,https://storage.googleapis.com/sunrisesunset-32a25.firebasestorage.app/snapshots/23880643/1785965455679.jpg,sunset,2026-08-05 21:30:56.313358+00:00,0,webcam,
121080,29022880,gold,0.25,0.25,train,https://storage.googleapis.com/sunrisesunset-32a25.firebasestorage.app/snapshots/29022880/1785965456207.jpg,sunset,2026-08-05 21:30:56.508100+00:00,0,webcam,
91626,3914190,gold,0.5,0.5,train,https://storage.googleapis.com/sunrisesunset-32a25.firebasestorage.app/snapshots/3914190/1774345712346.jpg,sunset,2026-03-24 09:48:32.643667+00:00,0,webcam,
121107,29208766,gold,0.5,0.5,train,https://storage.googleapis.com/sunrisesunset-32a25.firebasestorage.app/snapshots/29208766/1785972633702.jpg,sunset,2026-08-05 23:30:34.251752+00:00,0,webcam,
121110,598510,gold,0.5,0.5,train,https://storage.googleapis.com/sunrisesunset-32a25.firebasestorage.app/snapshots/598510/1785972652846.jpg,sunset,2026-08-05 23:30:53.225137+00:00,0,webcam,
121113,4752639,gold,0.75,0.75,train,https://storage.googleapis.com/sunrisesunset-32a25.firebasestorage.app/snapshots/4752639/1785974468041.jpg,sunset,2026-08-06 00:01:08.503738+00:00,0,webcam,
121115,29161032,gold,0.0,0.0,train,https://storage.googleapis.com/sunrisesunset-32a25.firebasestorage.app/snapshots/29161032/1785974478123.jpg,sunset,2026-08-06 00:01:18.650907+00:00,0,webcam,
121118,29161032,gold,0.25,0.25,train,https://storage.googleapis.com/sunrisesunset-32a25.firebasestorage.app/snapshots/29161032/1785975345884.jpg,sunset,2026-08-06 00:15:46.312661+00:00,0,webcam,
121120,28918600,gold,0.75,0.75,train,https://storage.googleapis.com/sunrisesunset-32a25.firebasestorage.app/snapshots/28918600/1785976303921.jpg,sunset,2026-08-06 00:31:44.281952+00:00,0,webcam,
121140,5961510,gold,0.0,0.0,train,https://storage.googleapis.com/sunrisesunset-32a25.firebasestorage.app/snapshots/5961510/1785982533717.jpg,sunset,2026-08-06 02:15:34.099991+00:00,0,webcam,
121141,28482880,gold,0.5,0.5,train,https://storage.googleapis.com/sunrisesunset-32a25.firebasestorage.app/snapshots/28482880/1785982548160.jpg,sunset,2026-08-06 02:15:48.715957+00:00,0,webcam,
121142,28326341,gold,0.25,0.25,train,https://storage.googleapis.com/sunrisesunset-32a25.firebasestorage.app/snapshots/28326341/1785982549802.jpg,sunset,2026-08-06 02:15:50.102749+00:00,0,webcam,
121143,5961510,gold,0.25,0.25,train,https://storage.googleapis.com/sunrisesunset-32a25.firebasestorage.app/snapshots/5961510/1785983493301.jpg,sunset,2026-08-06 02:31:34.013673+00:00,0,webcam,
121147,28326341,gold,0.5,0.5,train,https://storage.googleapis.com/sunrisesunset-32a25.firebasestorage.app/snapshots/28326341/1785983508042.jpg,sunset,2026-08-06 02:31:48.315874+00:00,0,webcam,
121149,5961510,gold,0.5,0.5,train,https://storage.googleapis.com/sunrisesunset-32a25.firebasestorage.app/snapshots/5961510/1785984334452.jpg,sunset,2026-08-06 02:45:34.786600+00:00,0,webcam,
121152,27645536,gold,0.25,0.25,train,https://storage.googleapis.com/sunrisesunset-32a25.firebasestorage.app/snapshots/27645536/1785984347430.jpg,sunset,2026-08-06 02:45:47.937421+00:00,0,webcam,
121154,27645536,gold,0.5,0.5,train,https://storage.googleapis.com/sunrisesunset-32a25.firebasestorage.app/snapshots/27645536/1785985249756.jpg,sunset,2026-08-06 03:00:50.061150+00:00,0,webcam,
121156,4769517,gold,0.0,0.0,train,https://storage.googleapis.com/sunrisesunset-32a25.firebasestorage.app/snapshots/4769517/1785986140875.jpg,sunset,2026-08-06 03:15:41.214513+00:00,0,webcam,
121158,15984055,gold,0.0,0.0,train,https://storage.googleapis.com/sunrisesunset-32a25.firebasestorage.app/snapshots/15984055/1785986150210.jpg,sunset,2026-08-06 03:15:50.748505+00:00,0,webcam,
121163,29169387,gold,0.0,0.0,train,https://storage.googleapis.com/sunrisesunset-32a25.firebasestorage.app/snapshots/29169387/1785987934053.jpg,sunset,2026-08-06 03:45:34.424700+00:00,0,webcam,
121164,4769517,gold,0.0,0.0,train,https://storage.googleapis.com/sunrisesunset-32a25.firebasestorage.app/snapshots/4769517/1785987937112.jpg,sunset,2026-08-06 03:45:37.424339+00:00,0,webcam,
121167,137,gold,0.25,0.25,train,https://storage.googleapis.com/sunrisesunset-32a25.firebasestorage.app/snapshots/137/1785988903019.jpg,sunset,2026-08-06 04:01:43.405959+00:00,0,webcam,
80263,16429176,gold,0.5,0.5,train,https://storage.googleapis.com/sunrisesunset-32a25.firebasestorage.app/snapshots/16429176/1773429229784.jpg,sunset,2026-03-13 19:13:50.055746+00:00,0,webcam,
79665,3914190,gold,0.0,0.0,train,https://storage.googleapis.com/sunrisesunset-32a25.firebasestorage.app/snapshots/3914190/1773306930936.jpg,sunset,2026-03-12 09:15:31.302729+00:00,0,webcam,
121174,25195019,gold,0.75,0.75,train,https://storage.googleapis.com/sunrisesunset-32a25.firebasestorage.app/snapshots/25195019/1785991542868.jpg,sunset,2026-08-06 04:45:43.180802+00:00,0,webcam,
121177,25195019,gold,0.75,0.75,train,https://storage.googleapis.com/sunrisesunset-32a25.firebasestorage.app/snapshots/25195019/1785992441747.jpg,sunset,2026-08-06 05:00:42.048977+00:00,0,webcam,
78995,300,gold,0.5,0.5,train,https://storage.googleapis.com/sunrisesunset-32a25.firebasestorage.app/snapshots/300/1773163204063.jpg,sunrise,2026-03-10 17:20:04.326750+00:00,0,webcam,
121185,29194396,gold,0.75,0.75,train,https://storage.googleapis.com/sunrisesunset-32a25.firebasestorage.app/snapshots/29194396/1785996942501.jpg,sunset,2026-08-06 06:15:42.910920+00:00,0,webcam,
121186,4308353,gold,1.0,1.0,train,https://storage.googleapis.com/sunrisesunset-32a25.firebasestorage.app/snapshots/4308353/1785997848765.jpg,sunset,2026-08-06 06:30:49.785356+00:00,0,webcam,
78767,12451,gold,0.25,0.25,train,https://storage.googleapis.com/sunrisesunset-32a25.firebasestorage.app/snapshots/12451/1773105423761.jpg,sunset,2026-03-10 01:17:04.027620+00:00,0,webcam,
78239,7323,gold,0.75,0.75,train,https://storage.googleapis.com/sunrisesunset-32a25.firebasestorage.app/snapshots/7323/1772972104042.jpg,sunset,2026-03-08 12:15:04.393524+00:00,0,webcam,
121197,29044963,gold,0.25,0.25,train,https://storage.googleapis.com/sunrisesunset-32a25.firebasestorage.app/snapshots/29044963/1786003285094.jpg,sunset,2026-08-06 08:01:25.402200+00:00,0,webcam,
77952,300,gold,0.5,0.5,train,https://storage.googleapis.com/sunrisesunset-32a25.firebasestorage.app/snapshots/300/1772903642879.jpg,sunrise,2026-03-07 17:14:03.184511+00:00,0,webcam,
121208,4641273,gold,0.5,0.5,train,https://storage.googleapis.com/sunrisesunset-32a25.firebasestorage.app/snapshots/4641273/1786005947075.jpg,sunset,2026-08-06 08:45:47.418490+00:00,0,webcam,
121215,4523591,gold,0.25,0.25,train,https://storage.googleapis.com/sunrisesunset-32a25.firebasestorage.app/snapshots/4523591/1786008647736.jpg,sunset,2026-08-06 09:30:48.253046+00:00,0,webcam,
121216,3741,gold,0.5,0.5,train,https://storage.googleapis.com/sunrisesunset-32a25.firebasestorage.app/snapshots/3741/1786008648154.jpg,sunset,2026-08-06 09:30:48.498147+00:00,0,webcam,
121218,2412333,gold,1.0,1.0,train,https://storage.googleapis.com/sunrisesunset-32a25.firebasestorage.app/snapshots/2412333/1786009536847.jpg,sunset,2026-08-06 09:45:37.170874+00:00,0,webcam,
121219,4523591,gold,0.25,0.25,train,https://storage.googleapis.com/sunrisesunset-32a25.firebasestorage.app/snapshots/4523591/1786009548221.jpg,sunset,2026-08-06 09:45:49.144424+00:00,0,webcam,
121220,3741,gold,0.75,0.75,train,https://storage.googleapis.com/sunrisesunset-32a25.firebasestorage.app/snapshots/3741/1786009548917.jpg,sunset,2026-08-06 09:45:49.232656+00:00,0,webcam,
121221,3963339,gold,0.75,0.75,train,https://storage.googleapis.com/sunrisesunset-32a25.firebasestorage.app/snapshots/3963339/1786009549509.jpg,sunset,2026-08-06 09:45:49.983996+00:00,0,webcam,
121224,28955461,gold,0.75,0.75,train,https://storage.googleapis.com/sunrisesunset-32a25.firebasestorage.app/snapshots/28955461/1786010437415.jpg,sunset,2026-08-06 10:00:42.904871+00:00,0,webcam,
121226,4523591,gold,0.25,0.25,train,https://storage.googleapis.com/sunrisesunset-32a25.firebasestorage.app/snapshots/4523591/1786010452874.jpg,sunset,2026-08-06 10:00:53.556166+00:00,0,webcam,
73590,3914190,gold,0.25,0.25,train,https://storage.googleapis.com/sunrisesunset-32a25.firebasestorage.app/snapshots/3914190/1771839829125.jpg,sunset,2026-02-23 09:43:49.417420+00:00,0,webcam,
121228,3963339,gold,0.75,0.75,train,https://storage.googleapis.com/sunrisesunset-32a25.firebasestorage.app/snapshots/3963339/1786010454269.jpg,sunset,2026-08-06 10:00:54.952279+00:00,0,webcam,
121234,3963339,gold,0.75,0.75,train,https://storage.googleapis.com/sunrisesunset-32a25.firebasestorage.app/snapshots/3963339/1786011351183.jpg,sunset,2026-08-06 10:15:51.553177+00:00,0,webcam,
121239,28794621,gold,1.0,1.0,train,https://storage.googleapis.com/sunrisesunset-32a25.firebasestorage.app/snapshots/28794621/1786012301749.jpg,sunset,2026-08-06 10:31:42.630511+00:00,0,webcam,
72501,3914190,gold,0.5,0.5,train,https://storage.googleapis.com/sunrisesunset-32a25.firebasestorage.app/snapshots/3914190/1771580569546.jpg,sunset,2026-02-20 09:42:50.095951+00:00,0,webcam,
121242,8750142,gold,0.25,0.25,train,https://storage.googleapis.com/sunrisesunset-32a25.firebasestorage.app/snapshots/8750142/1786013134962.jpg,sunset,2026-08-06 10:45:35.291833+00:00,0,webcam,
121244,28794621,gold,1.0,1.0,train,https://storage.googleapis.com/sunrisesunset-32a25.firebasestorage.app/snapshots/28794621/1786013146977.jpg,sunset,2026-08-06 10:45:47.425442+00:00,0,webcam,
121246,9379772,gold,0.75,0.75,train,https://storage.googleapis.com/sunrisesunset-32a25.firebasestorage.app/snapshots/9379772/1786014037131.jpg,sunset,2026-08-06 11:00:37.492639+00:00,0,webcam,
121247,29025332,gold,0.75,0.75,train,https://storage.googleapis.com/sunrisesunset-32a25.firebasestorage.app/snapshots/29025332/1786014043748.jpg,sunset,2026-08-06 11:00:44.102370+00:00,0,webcam,
121248,28794621,gold,0.5,0.5,train,https://storage.googleapis.com/sunrisesunset-32a25.firebasestorage.app/snapshots/28794621/1786014049528.jpg,sunset,2026-08-06 11:00:50.030311+00:00,0,webcam,
121250,28947350,gold,0.25,0.25,train,https://storage.googleapis.com/sunrisesunset-32a25.firebasestorage.app/snapshots/28947350/1786014936287.jpg,sunset,2026-08-06 11:15:36.675419+00:00,0,webcam,
121251,27645536,gold,0.75,0.75,train,https://storage.googleapis.com/sunrisesunset-32a25.firebasestorage.app/snapshots/27645536/1786014939538.jpg,sunset,2026-08-06 11:15:39.856046+00:00,0,webcam,
121252,29025332,gold,0.75,0.75,train,https://storage.googleapis.com/sunrisesunset-32a25.firebasestorage.app/snapshots/29025332/1786014942559.jpg,sunset,2026-08-06 11:15:42.871888+00:00,0,webcam,
121255,27645536,gold,0.75,0.75,train,https://storage.googleapis.com/sunrisesunset-32a25.firebasestorage.app/snapshots/27645536/1786016734266.jpg,sunset,2026-08-06 11:45:35.142125+00:00,0,webcam,
71721,3914190,gold,0.25,0.25,train,https://storage.googleapis.com/sunrisesunset-32a25.firebasestorage.app/snapshots/3914190/1771409209550.jpg,sunset,2026-02-18 10:06:49.821811+00:00,0,webcam,
110349,20965684,gold,0.5,0.5,train,https://storage.googleapis.com/sunrisesunset-32a25.firebasestorage.app/snapshots/20965684/1782990964727.jpg,sunset,2026-07-02 11:16:05.087015+00:00,0,webcam,
121259,2921372,gold,1.0,1.0,train,https://storage.googleapis.com/sunrisesunset-32a25.firebasestorage.app/snapshots/2921372/1786017689519.jpg,sunset,2026-08-06 12:01:29.854032+00:00,0,webcam,
121261,15984055,gold,0.75,0.75,train,https://storage.googleapis.com/sunrisesunset-32a25.firebasestorage.app/snapshots/15984055/1786018533201.jpg,sunset,2026-08-06 12:15:34.119262+00:00,0,webcam,
105469,9379772,gold,0.25,0.25,train,https://storage.googleapis.com/sunrisesunset-32a25.firebasestorage.app/snapshots/9379772/1781645489807.jpg,sunset,2026-06-16 21:31:30.103759+00:00,0,webcam,
104890,8750142,gold,0.5,0.5,train,https://storage.googleapis.com/sunrisesunset-32a25.firebasestorage.app/snapshots/8750142/1781473573475.jpg,sunset,2026-06-14 21:46:13.755973+00:00,0,webcam,
121278,2921338,gold,0.5,0.5,train,https://storage.googleapis.com/sunrisesunset-32a25.firebasestorage.app/snapshots/2921338/1786023934773.jpg,sunset,2026-08-06 13:45:35.175968+00:00,0,webcam,
121277,2921338,gold,0.25,0.25,train,https://storage.googleapis.com/sunrisesunset-32a25.firebasestorage.app/snapshots/2921338/1786023094510.jpg,sunset,2026-08-06 13:31:34.835702+00:00,0,webcam,
121282,2921338,gold,0.5,0.5,train,https://storage.googleapis.com/sunrisesunset-32a25.firebasestorage.app/snapshots/2921338/1786024835509.jpg,sunset,2026-08-06 14:00:36.427678+00:00,0,webcam,
121285,4748889,gold,0.5,0.5,train,https://storage.googleapis.com/sunrisesunset-32a25.firebasestorage.app/snapshots/4748889/1786026635146.jpg,sunset,2026-08-06 14:30:35.549411+00:00,0,webcam,
121286,21605540,gold,0.75,0.75,train,https://storage.googleapis.com/sunrisesunset-32a25.firebasestorage.app/snapshots/21605540/1786031185715.jpg,sunset,2026-08-06 15:46:27.219933+00:00,0,webcam,
121288,9164847,gold,0.5,0.5,train,https://storage.googleapis.com/sunrisesunset-32a25.firebasestorage.app/snapshots/9164847/1786031194158.jpg,sunset,2026-08-06 15:46:34.507124+00:00,0,webcam,
121291,29135072,gold,0.75,0.75,train,https://storage.googleapis.com/sunrisesunset-32a25.firebasestorage.app/snapshots/29135072/1786032039354.jpg,sunset,2026-08-06 16:00:39.695860+00:00,0,webcam,
121293,29169929,gold,0.25,0.25,train,https://storage.googleapis.com/sunrisesunset-32a25.firebasestorage.app/snapshots/29169929/1786032039372.jpg,sunset,2026-08-06 16:00:39.802992+00:00,0,webcam,
121294,29135072,gold,1.0,1.0,train,https://storage.googleapis.com/sunrisesunset-32a25.firebasestorage.app/snapshots/29135072/1786032939218.jpg,sunset,2026-08-06 16:15:39.808895+00:00,0,webcam,
121295,29051458,gold,0.5,0.5,train,https://storage.googleapis.com/sunrisesunset-32a25.firebasestorage.app/snapshots/29051458/1786032939336.jpg,sunset,2026-08-06 16:15:39.825937+00:00,0,webcam,
111105,4965772,gold,0.25,0.25,train,https://storage.googleapis.com/sunrisesunset-32a25.firebasestorage.app/snapshots/4965772/1783212357148.jpg,sunset,2026-07-05 00:45:57.466707+00:00,0,webcam,
121297,29051458,gold,0.75,0.75,train,https://storage.googleapis.com/sunrisesunset-32a25.firebasestorage.app/snapshots/29051458/1786033840903.jpg,sunset,2026-08-06 16:30:41.301604+00:00,0,webcam,
121298,331,gold,0.75,0.75,train,https://storage.googleapis.com/sunrisesunset-32a25.firebasestorage.app/snapshots/331/1786033843406.jpg,sunset,2026-08-06 16:30:43.966717+00:00,0,webcam,
121302,2921338,gold,0.5,0.5,train,https://storage.googleapis.com/sunrisesunset-32a25.firebasestorage.app/snapshots/2921338/1786035633666.jpg,sunset,2026-08-06 17:00:34.171582+00:00,0,webcam,
121300,331,gold,0.75,0.75,train,https://storage.googleapis.com/sunrisesunset-32a25.firebasestorage.app/snapshots/331/1786034738451.jpg,sunset,2026-08-06 16:45:39.558958+00:00,0,webcam,
121305,15017506,gold,0.75,0.75,train,https://storage.googleapis.com/sunrisesunset-32a25.firebasestorage.app/snapshots/15017506/1786036542252.jpg,sunset,2026-08-06 17:15:42.757039+00:00,0,webcam,
121310,1336,gold,0.5,0.5,train,https://storage.googleapis.com/sunrisesunset-32a25.firebasestorage.app/snapshots/1336/1786042843646.jpg,sunset,2026-08-06 19:00:44.397936+00:00,0,webcam,
121311,7400374,gold,0.75,0.75,train,https://storage.googleapis.com/sunrisesunset-32a25.firebasestorage.app/snapshots/7400374/1786042849633.jpg,sunset,2026-08-06 19:00:50.470052+00:00,0,webcam,
121323,24671280,gold,1.0,1.0,train,https://storage.googleapis.com/sunrisesunset-32a25.firebasestorage.app/snapshots/24671280/1786045547894.jpg,sunset,2026-08-06 19:45:48.291353+00:00,0,webcam,
121337,28992538,gold,0.75,0.75,train,https://storage.googleapis.com/sunrisesunset-32a25.firebasestorage.app/snapshots/28992538/1786048249537.jpg,sunset,2026-08-06 20:30:50.279315+00:00,0,webcam,
121340,28961840,gold,0.75,0.75,train,https://storage.googleapis.com/sunrisesunset-32a25.firebasestorage.app/snapshots/28961840/1786049134046.jpg,sunset,2026-08-06 20:45:34.419464+00:00,0,webcam,
121344,28992538,gold,0.5,0.5,train,https://storage.googleapis.com/sunrisesunset-32a25.firebasestorage.app/snapshots/28992538/1786049147538.jpg,sunset,2026-08-06 20:45:47.916665+00:00,0,webcam,
121347,931,gold,0.0,0.0,train,https://storage.googleapis.com/sunrisesunset-32a25.firebasestorage.app/snapshots/931/1786050058261.jpg,sunset,2026-08-06 21:00:58.771618+00:00,0,webcam,
121348,14396710,gold,0.75,0.75,train,https://storage.googleapis.com/sunrisesunset-32a25.firebasestorage.app/snapshots/14396710/1786050059581.jpg,sunset,2026-08-06 21:01:00.007431+00:00,0,webcam,
121350,24564388,gold,0.25,0.25,train,https://storage.googleapis.com/sunrisesunset-32a25.firebasestorage.app/snapshots/24564388/1786050059602.jpg,sunset,2026-08-06 21:01:00.233945+00:00,0,webcam,
121357,29022880,gold,0.25,0.25,train,https://storage.googleapis.com/sunrisesunset-32a25.firebasestorage.app/snapshots/29022880/1786051855113.jpg,sunset,2026-08-06 21:30:55.760155+00:00,0,webcam,
121354,931,gold,0.0,0.0,train,https://storage.googleapis.com/sunrisesunset-32a25.firebasestorage.app/snapshots/931/1786050958867.jpg,sunset,2026-08-06 21:15:59.230045+00:00,0,webcam,
121355,14396710,gold,0.5,0.5,train,https://storage.googleapis.com/sunrisesunset-32a25.firebasestorage.app/snapshots/14396710/1786050958110.jpg,sunset,2026-08-06 21:15:59.268484+00:00,0,webcam,
121361,29144336,gold,0.5,0.5,train,https://storage.googleapis.com/sunrisesunset-32a25.firebasestorage.app/snapshots/29144336/1786053691241.jpg,sunset,2026-08-06 22:01:31.714576+00:00,0,webcam,
121367,8750142,gold,0.0,0.0,train,https://storage.googleapis.com/sunrisesunset-32a25.firebasestorage.app/snapshots/8750142/1786053713361.jpg,sunset,2026-08-06 22:01:53.725308+00:00,0,webcam,
121371,8750142,gold,0.0,0.0,train,https://storage.googleapis.com/sunrisesunset-32a25.firebasestorage.app/snapshots/8750142/1786054556705.jpg,sunset,2026-08-06 22:15:57.573968+00:00,0,webcam,
107841,28833903,gold,0.25,0.25,train,https://storage.googleapis.com/sunrisesunset-32a25.firebasestorage.app/snapshots/28833903/1782290778049.jpg,sunset,2026-06-24 08:46:18.477934+00:00,0,webcam,
121379,29045968,gold,0.25,0.25,train,https://storage.googleapis.com/sunrisesunset-32a25.firebasestorage.app/snapshots/29045968/1786056404516.jpg,sunset,2026-08-06 22:46:46.796299+00:00,0,webcam,
121390,4752639,gold,1.0,1.0,train,https://storage.googleapis.com/sunrisesunset-32a25.firebasestorage.app/snapshots/4752639/1786060862236.jpg,sunset,2026-08-07 00:01:02.698711+00:00,0,webcam,
121386,598510,gold,0.25,0.25,train,https://storage.googleapis.com/sunrisesunset-32a25.firebasestorage.app/snapshots/598510/1786059042521.jpg,sunset,2026-08-06 23:30:43.308095+00:00,0,webcam,
121392,8952830,gold,0.5,0.5,train,https://storage.googleapis.com/sunrisesunset-32a25.firebasestorage.app/snapshots/8952830/1786060870508.jpg,sunset,2026-08-07 00:01:11.778382+00:00,0,webcam,
121393,29161032,gold,0.5,0.5,train,https://storage.googleapis.com/sunrisesunset-32a25.firebasestorage.app/snapshots/29161032/1786060871571.jpg,sunset,2026-08-07 00:01:11.990317+00:00,0,webcam,
121394,25685576,gold,0.0,0.0,train,https://storage.googleapis.com/sunrisesunset-32a25.firebasestorage.app/snapshots/25685576/1786060871778.jpg,sunset,2026-08-07 00:01:12.109424+00:00,0,webcam,
121401,21550102,gold,0.5,0.5,train,https://storage.googleapis.com/sunrisesunset-32a25.firebasestorage.app/snapshots/21550102/1786061747011.jpg,sunset,2026-08-07 00:15:47.345881+00:00,0,webcam,
121406,28918600,gold,0.75,0.75,train,https://storage.googleapis.com/sunrisesunset-32a25.firebasestorage.app/snapshots/28918600/1786062642114.jpg,sunset,2026-08-07 00:30:43.034484+00:00,0,webcam,
111624,20965684,gold,0.5,0.5,train,https://storage.googleapis.com/sunrisesunset-32a25.firebasestorage.app/snapshots/20965684/1783336563213.jpg,sunset,2026-07-06 11:16:03.573996+00:00,0,webcam,
121408,21550102,gold,0.75,0.75,train,https://storage.googleapis.com/sunrisesunset-32a25.firebasestorage.app/snapshots/21550102/1786062644124.jpg,sunset,2026-08-07 00:30:44.423742+00:00,0,webcam,
121418,5158509,gold,0.0,0.0,train,https://storage.googleapis.com/sunrisesunset-32a25.firebasestorage.app/snapshots/5158509/1786066249806.jpg,sunset,2026-08-07 01:30:50.109156+00:00,0,webcam,
121422,1792,gold,0.5,0.5,train,https://storage.googleapis.com/sunrisesunset-32a25.firebasestorage.app/snapshots/1792/1786067143735.jpg,sunset,2026-08-07 01:45:44.044875+00:00,0,webcam,
121426,1792,gold,0.75,0.75,train,https://storage.googleapis.com/sunrisesunset-32a25.firebasestorage.app/snapshots/1792/1786068043531.jpg,sunset,2026-08-07 02:00:43.976152+00:00,0,webcam,
121431,1792,gold,1.0,1.0,train,https://storage.googleapis.com/sunrisesunset-32a25.firebasestorage.app/snapshots/1792/1786068942819.jpg,sunset,2026-08-07 02:15:43.145741+00:00,0,webcam,
121433,5961510,gold,1.0,1.0,train,https://storage.googleapis.com/sunrisesunset-32a25.firebasestorage.app/snapshots/5961510/1786069888360.jpg,sunset,2026-08-07 02:31:29.295880+00:00,0,webcam,
121438,2921377,gold,0.0,0.0,train,https://storage.googleapis.com/sunrisesunset-32a25.firebasestorage.app/snapshots/2921377/1786069905179.jpg,sunset,2026-08-07 02:31:45.549346+00:00,0,webcam,
121439,5961510,gold,0.75,0.75,train,https://storage.googleapis.com/sunrisesunset-32a25.firebasestorage.app/snapshots/5961510/1786070733714.jpg,sunset,2026-08-07 02:45:34.137561+00:00,0,webcam,
121442,27645536,gold,0.25,0.25,train,https://storage.googleapis.com/sunrisesunset-32a25.firebasestorage.app/snapshots/27645536/1786070747532.jpg,sunset,2026-08-07 02:45:48.030290+00:00,0,webcam,
121443,29048102,gold,0.5,0.5,train,https://storage.googleapis.com/sunrisesunset-32a25.firebasestorage.app/snapshots/29048102/1786070749619.jpg,sunset,2026-08-07 02:45:49.943673+00:00,0,webcam,
121446,1792,gold,0.75,0.75,train,https://storage.googleapis.com/sunrisesunset-32a25.firebasestorage.app/snapshots/1792/1786072540538.jpg,sunset,2026-08-07 03:15:40.814886+00:00,0,webcam,
121447,29048102,gold,0.75,0.75,train,https://storage.googleapis.com/sunrisesunset-32a25.firebasestorage.app/snapshots/29048102/1786072545200.jpg,sunset,2026-08-07 03:15:45.516728+00:00,0,webcam,
121451,1792,gold,0.75,0.75,train,https://storage.googleapis.com/sunrisesunset-32a25.firebasestorage.app/snapshots/1792/1786073495023.jpg,sunset,2026-08-07 03:31:35.388836+00:00,0,webcam,
121455,1792,gold,0.75,0.75,train,https://storage.googleapis.com/sunrisesunset-32a25.firebasestorage.app/snapshots/1792/1786074339426.jpg,sunset,2026-08-07 03:45:39.693836+00:00,0,webcam,
121457,29135072,gold,0.0,0.0,train,https://storage.googleapis.com/sunrisesunset-32a25.firebasestorage.app/snapshots/29135072/1786075285076.jpg,sunset,2026-08-07 04:01:25.413575+00:00,0,webcam,
121458,1792,gold,1.0,1.0,train,https://storage.googleapis.com/sunrisesunset-32a25.firebasestorage.app/snapshots/1792/1786075288266.jpg,sunset,2026-08-07 04:01:28.555369+00:00,0,webcam,
121464,2969639,gold,0.75,0.75,train,https://storage.googleapis.com/sunrisesunset-32a25.firebasestorage.app/snapshots/2969639/1786076141596.jpg,sunset,2026-08-07 04:15:41.911821+00:00,0,webcam,
121467,28864023,gold,0.75,0.75,train,https://storage.googleapis.com/sunrisesunset-32a25.firebasestorage.app/snapshots/28864023/1786077934104.jpg,sunset,2026-08-07 04:45:34.455802+00:00,0,webcam,
121466,2969639,gold,1.0,1.0,train,https://storage.googleapis.com/sunrisesunset-32a25.firebasestorage.app/snapshots/2969639/1786077038354.jpg,sunset,2026-08-07 04:30:38.789905+00:00,0,webcam,
121473,3793247,gold,0.5,0.5,train,https://storage.googleapis.com/sunrisesunset-32a25.firebasestorage.app/snapshots/3793247/1786079734736.jpg,sunset,2026-08-07 05:15:35.250256+00:00,0,webcam,
121474,21605540,gold,1.0,1.0,train,https://storage.googleapis.com/sunrisesunset-32a25.firebasestorage.app/snapshots/21605540/1786079741334.jpg,sunset,2026-08-07 05:15:41.763450+00:00,0,webcam,
121476,3793247,gold,0.75,0.75,train,https://storage.googleapis.com/sunrisesunset-32a25.firebasestorage.app/snapshots/3793247/1786080635078.jpg,sunset,2026-08-07 05:30:35.527667+00:00,0,webcam,
121478,5973565,gold,0.0,0.0,train,https://storage.googleapis.com/sunrisesunset-32a25.firebasestorage.app/snapshots/5973565/1786080641559.jpg,sunset,2026-08-07 05:30:42.044667+00:00,0,webcam,
121479,21605540,gold,0.75,0.75,train,https://storage.googleapis.com/sunrisesunset-32a25.firebasestorage.app/snapshots/21605540/1786080642200.jpg,sunset,2026-08-07 05:30:42.538883+00:00,0,webcam,
121480,3793247,gold,0.5,0.5,train,https://storage.googleapis.com/sunrisesunset-32a25.firebasestorage.app/snapshots/3793247/1786081536130.jpg,sunset,2026-08-07 05:45:36.735371+00:00,0,webcam,
121485,29022880,gold,0.5,0.5,train,https://storage.googleapis.com/sunrisesunset-32a25.firebasestorage.app/snapshots/29022880/1786083332812.jpg,sunset,2026-08-07 06:15:33.128177+00:00,0,webcam,
121482,13233845,gold,0.25,0.25,train,https://storage.googleapis.com/sunrisesunset-32a25.firebasestorage.app/snapshots/13233845/1786081542054.jpg,sunset,2026-08-07 05:45:42.361601+00:00,0,webcam,
110012,20965684,gold,0.5,0.5,train,https://storage.googleapis.com/sunrisesunset-32a25.firebasestorage.app/snapshots/20965684/1782895575312.jpg,sunset,2026-07-01 08:46:15.630813+00:00,0,webcam,
121484,3793247,gold,0.5,0.5,train,https://storage.googleapis.com/sunrisesunset-32a25.firebasestorage.app/snapshots/3793247/1786082437850.jpg,sunset,2026-08-07 06:00:38.334062+00:00,0,webcam,
110036,20965684,gold,0.25,0.25,train,https://storage.googleapis.com/sunrisesunset-32a25.firebasestorage.app/snapshots/20965684/1782900972129.jpg,sunset,2026-07-01 10:16:12.727049+00:00,0,webcam,
110038,20965684,gold,0.25,0.25,train,https://storage.googleapis.com/sunrisesunset-32a25.firebasestorage.app/snapshots/20965684/1782901934929.jpg,sunset,2026-07-01 10:32:15.346208+00:00,0,webcam,
110053,20965684,gold,0.5,0.5,train,https://storage.googleapis.com/sunrisesunset-32a25.firebasestorage.app/snapshots/20965684/1782904566155.jpg,sunset,2026-07-01 11:16:06.470299+00:00,0,webcam,
121488,2921318,gold,0.75,0.75,train,https://storage.googleapis.com/sunrisesunset-32a25.firebasestorage.app/snapshots/2921318/1786087833679.jpg,sunset,2026-08-07 07:30:34.083203+00:00,0,webcam,
110308,20965684,gold,0.5,0.5,train,https://storage.googleapis.com/sunrisesunset-32a25.firebasestorage.app/snapshots/20965684/1782982933083.jpg,sunset,2026-07-02 09:02:13.586032+00:00,0,webcam,
121492,7357731,gold,0.5,0.5,train,https://storage.googleapis.com/sunrisesunset-32a25.firebasestorage.app/snapshots/7357731/1786089642042.jpg,sunset,2026-08-07 08:00:42.418819+00:00,0,webcam,
110340,20965684,gold,0.5,0.5,train,https://storage.googleapis.com/sunrisesunset-32a25.firebasestorage.app/snapshots/20965684/1782990067664.jpg,sunset,2026-07-02 11:01:08.294576+00:00,0,webcam,
121496,7357731,gold,0.75,0.75,train,https://storage.googleapis.com/sunrisesunset-32a25.firebasestorage.app/snapshots/7357731/1786090543849.jpg,sunset,2026-08-07 08:15:44.322939+00:00,0,webcam,
121501,7357731,gold,0.75,0.75,train,https://storage.googleapis.com/sunrisesunset-32a25.firebasestorage.app/snapshots/7357731/1786091445283.jpg,sunset,2026-08-07 08:30:45.790864+00:00,0,webcam,
110133,3824872,gold,0.25,0.25,train,https://storage.googleapis.com/sunrisesunset-32a25.firebasestorage.app/snapshots/3824872/1782937863519.jpg,sunset,2026-07-01 20:31:04.627674+00:00,0,webcam,
121498,28886023,gold,0.5,0.5,train,https://storage.googleapis.com/sunrisesunset-32a25.firebasestorage.app/snapshots/28886023/1786090547311.jpg,sunset,2026-08-07 08:15:47.697419+00:00,0,webcam,
121504,7357731,gold,1.0,1.0,train,https://storage.googleapis.com/sunrisesunset-32a25.firebasestorage.app/snapshots/7357731/1786092344733.jpg,sunset,2026-08-07 08:45:45.209959+00:00,0,webcam,
121506,4641273,gold,0.5,0.5,train,https://storage.googleapis.com/sunrisesunset-32a25.firebasestorage.app/snapshots/4641273/1786092350344.jpg,sunset,2026-08-07 08:45:50.728094+00:00,0,webcam,
121509,7357731,gold,0.75,0.75,train,https://storage.googleapis.com/sunrisesunset-32a25.firebasestorage.app/snapshots/7357731/1786093249045.jpg,sunset,2026-08-07 09:00:49.374855+00:00,0,webcam,
121518,4523591,gold,0.25,0.25,train,https://storage.googleapis.com/sunrisesunset-32a25.firebasestorage.app/snapshots/4523591/1786095947032.jpg,sunset,2026-08-07 09:45:47.355619+00:00,0,webcam,
121519,3963339,gold,0.0,0.0,train,https://storage.googleapis.com/sunrisesunset-32a25.firebasestorage.app/snapshots/3963339/1786095948465.jpg,sunset,2026-08-07 09:45:48.929284+00:00,0,webcam,
121523,29144336,gold,0.75,0.75,train,https://storage.googleapis.com/sunrisesunset-32a25.firebasestorage.app/snapshots/29144336/1786096905920.jpg,sunset,2026-08-07 10:01:46.380734+00:00,0,webcam,
117363,3824872,gold,0.25,0.25,train,https://storage.googleapis.com/sunrisesunset-32a25.firebasestorage.app/snapshots/3824872/1784925961191.jpg,sunset,2026-07-24 20:46:01.774079+00:00,0,webcam,
121521,8952830,gold,0.75,0.75,train,https://storage.googleapis.com/sunrisesunset-32a25.firebasestorage.app/snapshots/8952830/1786096893154.jpg,sunset,2026-08-07 10:01:33.451631+00:00,0,webcam,
121526,29144336,gold,0.25,0.25,train,https://storage.googleapis.com/sunrisesunset-32a25.firebasestorage.app/snapshots/29144336/1786097749463.jpg,sunset,2026-08-07 10:15:49.780100+00:00,0,webcam,
121529,8750142,gold,0.5,0.5,train,https://storage.googleapis.com/sunrisesunset-32a25.firebasestorage.app/snapshots/8750142/1786098638777.jpg,sunset,2026-08-07 10:30:39.348472+00:00,0,webcam,
121535,28952051,gold,0.75,0.75,train,https://storage.googleapis.com/sunrisesunset-32a25.firebasestorage.app/snapshots/28952051/1786100448939.jpg,sunset,2026-08-07 11:00:49.317859+00:00,0,webcam,
121542,27645536,gold,0.75,0.75,train,https://storage.googleapis.com/sunrisesunset-32a25.firebasestorage.app/snapshots/27645536/1786103136005.jpg,sunset,2026-08-07 11:45:36.490786+00:00,0,webcam,
121540,27645536,gold,0.5,0.5,train,https://storage.googleapis.com/sunrisesunset-32a25.firebasestorage.app/snapshots/27645536/1786102294906.jpg,sunset,2026-08-07 11:31:35.214375+00:00,0,webcam,
112806,12586,gold,0.75,0.75,train,https://storage.googleapis.com/sunrisesunset-32a25.firebasestorage.app/snapshots/12586/1783679468721.jpg,sunset,2026-07-10 10:31:09.201036+00:00,0,webcam,
121548,24760427,gold,0.75,0.75,train,https://storage.googleapis.com/sunrisesunset-32a25.firebasestorage.app/snapshots/24760427/1786105886086.jpg,sunset,2026-08-07 12:31:26.572342+00:00,0,webcam,
121555,2921338,gold,0.25,0.25,train,https://storage.googleapis.com/sunrisesunset-32a25.firebasestorage.app/snapshots/2921338/1786110333567.jpg,sunset,2026-08-07 13:45:33.932386+00:00,0,webcam,
121554,2921338,gold,0.25,0.25,train,https://storage.googleapis.com/sunrisesunset-32a25.firebasestorage.app/snapshots/2921338/1786109435918.jpg,sunset,2026-08-07 13:30:36.564760+00:00,0,webcam,
121565,21605540,gold,0.75,0.75,train,https://storage.googleapis.com/sunrisesunset-32a25.firebasestorage.app/snapshots/21605540/1786116634075.jpg,sunset,2026-08-07 15:30:34.742734+00:00,0,webcam,
121567,21605540,gold,0.75,0.75,train,https://storage.googleapis.com/sunrisesunset-32a25.firebasestorage.app/snapshots/21605540/1786117532459.jpg,sunset,2026-08-07 15:45:32.799861+00:00,0,webcam,
121569,29135072,gold,0.5,0.5,train,https://storage.googleapis.com/sunrisesunset-32a25.firebasestorage.app/snapshots/29135072/1786118444288.jpg,sunset,2026-08-07 16:00:44.779318+00:00,0,webcam,
121572,29135072,gold,0.75,0.75,train,https://storage.googleapis.com/sunrisesunset-32a25.firebasestorage.app/snapshots/29135072/1786119339298.jpg,sunset,2026-08-07 16:15:39.826552+00:00,0,webcam,
121573,29051458,gold,0.75,0.75,train,https://storage.googleapis.com/sunrisesunset-32a25.firebasestorage.app/snapshots/29051458/1786119339301.jpg,sunset,2026-08-07 16:15:39.901339+00:00,0,webcam,
121574,2921318,gold,0.25,0.25,train,https://storage.googleapis.com/sunrisesunset-32a25.firebasestorage.app/snapshots/2921318/1786120235877.jpg,sunset,2026-08-07 16:30:36.247615+00:00,0,webcam,
121577,15017506,gold,0.5,0.5,train,https://storage.googleapis.com/sunrisesunset-32a25.firebasestorage.app/snapshots/15017506/1786121140353.jpg,sunset,2026-08-07 16:45:41.014397+00:00,0,webcam,
121575,29051458,gold,0.5,0.5,train,https://storage.googleapis.com/sunrisesunset-32a25.firebasestorage.app/snapshots/29051458/1786120240187.jpg,sunset,2026-08-07 16:30:40.581106+00:00,0,webcam,
121578,2921338,gold,0.25,0.25,train,https://storage.googleapis.com/sunrisesunset-32a25.firebasestorage.app/snapshots/2921338/1786122936518.jpg,sunset,2026-08-07 17:15:37.125706+00:00,0,webcam,
121576,331,gold,0.0,0.0,train,https://storage.googleapis.com/sunrisesunset-32a25.firebasestorage.app/snapshots/331/1786120242878.jpg,sunset,2026-08-07 16:30:43.277305+00:00,0,webcam,
121579,15017506,gold,0.25,0.25,train,https://storage.googleapis.com/sunrisesunset-32a25.firebasestorage.app/snapshots/15017506/1786122946793.jpg,sunset,2026-08-07 17:15:47.120827+00:00,0,webcam,
121580,29224562,gold,0.75,0.75,train,https://storage.googleapis.com/sunrisesunset-32a25.firebasestorage.app/snapshots/29224562/1786123845115.jpg,sunset,2026-08-07 17:30:45.975216+00:00,0,webcam,
121581,5961510,gold,0.0,0.0,train,https://storage.googleapis.com/sunrisesunset-32a25.firebasestorage.app/snapshots/5961510/1786123848922.jpg,sunset,2026-08-07 17:30:49.212152+00:00,0,webcam,
121582,26071023,gold,1.0,1.0,train,https://storage.googleapis.com/sunrisesunset-32a25.firebasestorage.app/snapshots/26071023/1786125642924.jpg,sunset,2026-08-07 18:00:43.414008+00:00,0,webcam,
121583,29224928,gold,0.5,0.5,train,https://storage.googleapis.com/sunrisesunset-32a25.firebasestorage.app/snapshots/29224928/1786127449053.jpg,sunset,2026-08-07 18:30:49.487828+00:00,0,webcam,
121584,29212237,gold,0.5,0.5,train,https://storage.googleapis.com/sunrisesunset-32a25.firebasestorage.app/snapshots/29212237/1786129246635.jpg,sunset,2026-08-07 19:00:47.127569+00:00,0,webcam,
121588,29068491,gold,0.75,0.75,train,https://storage.googleapis.com/sunrisesunset-32a25.firebasestorage.app/snapshots/29068491/1786131099443.jpg,sunset,2026-08-07 19:31:39.756969+00:00,0,webcam,
121590,28952051,gold,0.0,0.0,train,https://storage.googleapis.com/sunrisesunset-32a25.firebasestorage.app/snapshots/28952051/1786131938089.jpg,sunset,2026-08-07 19:45:38.530399+00:00,0,webcam,
121591,24671280,gold,1.0,1.0,train,https://storage.googleapis.com/sunrisesunset-32a25.firebasestorage.app/snapshots/24671280/1786131949227.jpg,sunset,2026-08-07 19:45:49.807780+00:00,0,webcam,
121595,17923366,gold,0.5,0.5,train,https://storage.googleapis.com/sunrisesunset-32a25.firebasestorage.app/snapshots/17923366/1786132904602.jpg,sunset,2026-08-07 20:01:44.989720+00:00,0,webcam,
121596,29044963,gold,0.75,0.75,train,https://storage.googleapis.com/sunrisesunset-32a25.firebasestorage.app/snapshots/29044963/1786133735813.jpg,sunset,2026-08-07 20:15:36.272782+00:00,0,webcam,
121597,28871247,gold,0.5,0.5,train,https://storage.googleapis.com/sunrisesunset-32a25.firebasestorage.app/snapshots/28871247/1786133738383.jpg,sunset,2026-08-07 20:15:38.744099+00:00,0,webcam,
121603,28961840,gold,0.25,0.25,train,https://storage.googleapis.com/sunrisesunset-32a25.firebasestorage.app/snapshots/28961840/1786134635133.jpg,sunset,2026-08-07 20:30:35.481123+00:00,0,webcam,
121598,29053193,gold,0.0,0.0,train,https://storage.googleapis.com/sunrisesunset-32a25.firebasestorage.app/snapshots/29053193/1786133749632.jpg,sunset,2026-08-07 20:15:50.207747+00:00,0,webcam,
121600,17923366,gold,0.75,0.75,train,https://storage.googleapis.com/sunrisesunset-32a25.firebasestorage.app/snapshots/17923366/1786133760682.jpg,sunset,2026-08-07 20:16:01.142587+00:00,0,webcam,
121604,29044963,gold,0.25,0.25,train,https://storage.googleapis.com/sunrisesunset-32a25.firebasestorage.app/snapshots/29044963/1786134634979.jpg,sunset,2026-08-07 20:30:35.509199+00:00,0,webcam,
121605,29053193,gold,0.0,0.0,train,https://storage.googleapis.com/sunrisesunset-32a25.firebasestorage.app/snapshots/29053193/1786134648318.jpg,sunset,2026-08-07 20:30:48.733495+00:00,0,webcam,
121610,931,gold,0.0,0.0,train,https://storage.googleapis.com/sunrisesunset-32a25.firebasestorage.app/snapshots/931/1786135563860.jpg,sunset,2026-08-07 20:46:04.162970+00:00,0,webcam,
121613,931,gold,0.25,0.25,train,https://storage.googleapis.com/sunrisesunset-32a25.firebasestorage.app/snapshots/931/1786136466429.jpg,sunset,2026-08-07 21:01:07.062731+00:00,0,webcam,
121619,29022880,gold,0.75,0.75,train,https://storage.googleapis.com/sunrisesunset-32a25.firebasestorage.app/snapshots/29022880/1786137353634.jpg,sunset,2026-08-07 21:15:53.925522+00:00,0,webcam,
121622,3355592,gold,0.5,0.5,train,https://storage.googleapis.com/sunrisesunset-32a25.firebasestorage.app/snapshots/3355592/1786139149782.jpg,sunset,2026-08-07 21:45:50.221270+00:00,0,webcam,
121623,29144336,gold,0.5,0.5,train,https://storage.googleapis.com/sunrisesunset-32a25.firebasestorage.app/snapshots/29144336/1786140084065.jpg,sunset,2026-08-07 22:01:24.933509+00:00,0,webcam,
121626,9379772,gold,0.0,0.0,train,https://storage.googleapis.com/sunrisesunset-32a25.firebasestorage.app/snapshots/9379772/1786140102258.jpg,sunset,2026-08-07 22:01:42.581406+00:00,0,webcam,
121629,9379772,gold,0.0,0.0,train,https://storage.googleapis.com/sunrisesunset-32a25.firebasestorage.app/snapshots/9379772/1786140954446.jpg,sunset,2026-08-07 22:15:55.119716+00:00,0,webcam,
121630,8750142,gold,0.0,0.0,train,https://storage.googleapis.com/sunrisesunset-32a25.firebasestorage.app/snapshots/8750142/1786140954890.jpg,sunset,2026-08-07 22:15:55.224678+00:00,0,webcam,
121638,29030753,gold,0.5,0.5,train,https://storage.googleapis.com/sunrisesunset-32a25.firebasestorage.app/snapshots/29030753/1786142752646.jpg,sunset,2026-08-07 22:45:53.264360+00:00,0,webcam,
121641,2937106,gold,0.25,0.25,train,https://storage.googleapis.com/sunrisesunset-32a25.firebasestorage.app/snapshots/2937106/1786143688365.jpg,sunset,2026-08-07 23:01:28.756775+00:00,0,webcam,
121643,29030753,gold,0.25,0.25,train,https://storage.googleapis.com/sunrisesunset-32a25.firebasestorage.app/snapshots/29030753/1786143696448.jpg,sunset,2026-08-07 23:01:36.852382+00:00,0,webcam,
121648,29208766,gold,0.25,0.25,train,https://storage.googleapis.com/sunrisesunset-32a25.firebasestorage.app/snapshots/29208766/1786145432735.jpg,sunset,2026-08-07 23:30:34.576699+00:00,0,webcam,
121646,2937106,gold,0.25,0.25,train,https://storage.googleapis.com/sunrisesunset-32a25.firebasestorage.app/snapshots/2937106/1786144540866.jpg,sunset,2026-08-07 23:15:41.355260+00:00,0,webcam,
113626,4769517,gold,0.0,0.0,train,https://storage.googleapis.com/sunrisesunset-32a25.firebasestorage.app/snapshots/4769517/1783908063632.jpg,sunset,2026-07-13 02:01:03.975981+00:00,0,webcam,
113653,12586,gold,0.25,0.25,train,https://storage.googleapis.com/sunrisesunset-32a25.firebasestorage.app/snapshots/12586/1783915256666.jpg,sunset,2026-07-13 04:00:57.091657+00:00,0,webcam,
121652,8952830,gold,0.5,0.5,train,https://storage.googleapis.com/sunrisesunset-32a25.firebasestorage.app/snapshots/8952830/1786146350803.jpg,sunset,2026-08-07 23:45:51.080335+00:00,0,webcam,
121653,4752639,gold,0.75,0.75,train,https://storage.googleapis.com/sunrisesunset-32a25.firebasestorage.app/snapshots/4752639/1786147256393.jpg,sunset,2026-08-08 00:00:56.734114+00:00,0,webcam,
121658,28813769,gold,1.0,1.0,train,https://storage.googleapis.com/sunrisesunset-32a25.firebasestorage.app/snapshots/28813769/1786149041591.jpg,sunset,2026-08-08 00:30:41.973893+00:00,0,webcam,
121659,28918600,gold,0.5,0.5,train,https://storage.googleapis.com/sunrisesunset-32a25.firebasestorage.app/snapshots/28918600/1786149042688.jpg,sunset,2026-08-08 00:30:43.433279+00:00,0,webcam,
121664,28093409,gold,0.25,0.25,train,https://storage.googleapis.com/sunrisesunset-32a25.firebasestorage.app/snapshots/28093409/1786149948366.jpg,sunset,2026-08-08 00:45:48.773353+00:00,0,webcam,
121668,1792,gold,0.75,0.75,train,https://storage.googleapis.com/sunrisesunset-32a25.firebasestorage.app/snapshots/1792/1786153543659.jpg,sunset,2026-08-08 01:45:44.065326+00:00,0,webcam,
121670,1792,gold,1.0,1.0,train,https://storage.googleapis.com/sunrisesunset-32a25.firebasestorage.app/snapshots/1792/1786154500301.jpg,sunset,2026-08-08 02:01:40.612475+00:00,0,webcam,
121672,1792,gold,0.75,0.75,train,https://storage.googleapis.com/sunrisesunset-32a25.firebasestorage.app/snapshots/1792/1786155338805.jpg,sunset,2026-08-08 02:15:39.169899+00:00,0,webcam,
121674,1792,gold,0.5,0.5,train,https://storage.googleapis.com/sunrisesunset-32a25.firebasestorage.app/snapshots/1792/1786156313524.jpg,sunset,2026-08-08 02:31:54.272683+00:00,0,webcam,
121677,28994546,gold,0.5,0.5,train,https://storage.googleapis.com/sunrisesunset-32a25.firebasestorage.app/snapshots/28994546/1786156320018.jpg,sunset,2026-08-08 02:32:00.329503+00:00,0,webcam,
121678,2921377,gold,0.5,0.5,train,https://storage.googleapis.com/sunrisesunset-32a25.firebasestorage.app/snapshots/2921377/1786156321439.jpg,sunset,2026-08-08 02:32:01.744475+00:00,0,webcam,
121679,5961510,gold,0.75,0.75,train,https://storage.googleapis.com/sunrisesunset-32a25.firebasestorage.app/snapshots/5961510/1786157148549.jpg,sunset,2026-08-08 02:45:49.897954+00:00,0,webcam,
121683,1792,gold,0.25,0.25,train,https://storage.googleapis.com/sunrisesunset-32a25.firebasestorage.app/snapshots/1792/1786157162631.jpg,sunset,2026-08-08 02:46:02.927030+00:00,0,webcam,
121687,1792,gold,0.0,0.0,train,https://storage.googleapis.com/sunrisesunset-32a25.firebasestorage.app/snapshots/1792/1786158954258.jpg,sunset,2026-08-08 03:15:54.591924+00:00,0,webcam,
121690,28820838,gold,0.75,0.75,train,https://storage.googleapis.com/sunrisesunset-32a25.firebasestorage.app/snapshots/28820838/1786159903787.jpg,sunset,2026-08-08 03:31:44.119430+00:00,0,webcam,
121691,1792,gold,0.25,0.25,train,https://storage.googleapis.com/sunrisesunset-32a25.firebasestorage.app/snapshots/1792/1786159908754.jpg,sunset,2026-08-08 03:31:49.050874+00:00,0,webcam,
121693,26263950,gold,1.0,1.0,train,https://storage.googleapis.com/sunrisesunset-32a25.firebasestorage.app/snapshots/26263950/1786159914366.jpg,sunset,2026-08-08 03:31:54.665653+00:00,0,webcam,
121694,9164847,gold,0.0,0.0,train,https://storage.googleapis.com/sunrisesunset-32a25.firebasestorage.app/snapshots/9164847/1786160736772.jpg,sunset,2026-08-08 03:45:37.462214+00:00,0,webcam,
121706,25195019,gold,0.75,0.75,train,https://storage.googleapis.com/sunrisesunset-32a25.firebasestorage.app/snapshots/25195019/1786164367551.jpg,sunset,2026-08-08 04:46:08.057354+00:00,0,webcam,
121708,25195019,gold,0.75,0.75,train,https://storage.googleapis.com/sunrisesunset-32a25.firebasestorage.app/snapshots/25195019/1786165265439.jpg,sunset,2026-08-08 05:01:05.737608+00:00,0,webcam,
121719,2921318,gold,0.75,0.75,train,https://storage.googleapis.com/sunrisesunset-32a25.firebasestorage.app/snapshots/2921318/1786173342983.jpg,sunset,2026-08-08 07:15:43.344888+00:00,0,webcam,
121721,2923203,gold,0.75,0.75,train,https://storage.googleapis.com/sunrisesunset-32a25.firebasestorage.app/snapshots/2923203/1786173351998.jpg,sunset,2026-08-08 07:15:52.349906+00:00,0,webcam,
121724,8415550,gold,0.75,0.75,train,https://storage.googleapis.com/sunrisesunset-32a25.firebasestorage.app/snapshots/8415550/1786174250448.jpg,sunset,2026-08-08 07:30:50.743781+00:00,0,webcam,
121729,7357731,gold,0.75,0.75,train,https://storage.googleapis.com/sunrisesunset-32a25.firebasestorage.app/snapshots/7357731/1786176100752.jpg,sunset,2026-08-08 08:01:41.074930+00:00,0,webcam,
121734,28886023,gold,0.5,0.5,train,https://storage.googleapis.com/sunrisesunset-32a25.firebasestorage.app/snapshots/28886023/1786176954274.jpg,sunset,2026-08-08 08:15:54.589722+00:00,0,webcam,
121735,29229831,gold,0.0,0.0,train,https://storage.googleapis.com/sunrisesunset-32a25.firebasestorage.app/snapshots/29229831/1786176954376.jpg,sunset,2026-08-08 08:15:54.682654+00:00,0,webcam,
121737,7357731,gold,0.75,0.75,train,https://storage.googleapis.com/sunrisesunset-32a25.firebasestorage.app/snapshots/7357731/1786177852294.jpg,sunset,2026-08-08 08:30:52.949355+00:00,0,webcam,
121745,29230109,gold,0.25,0.25,train,https://storage.googleapis.com/sunrisesunset-32a25.firebasestorage.app/snapshots/29230109/1786178756799.jpg,sunset,2026-08-08 08:45:57.147799+00:00,0,webcam,
121746,7357731,gold,0.75,0.75,train,https://storage.googleapis.com/sunrisesunset-32a25.firebasestorage.app/snapshots/7357731/1786179706957.jpg,sunset,2026-08-08 09:01:47.444339+00:00,0,webcam,
121759,3741,gold,0.75,0.75,train,https://storage.googleapis.com/sunrisesunset-32a25.firebasestorage.app/snapshots/3741/1786182360513.jpg,sunset,2026-08-08 09:46:00.815088+00:00,0,webcam,
121762,8952830,gold,0.75,0.75,train,https://storage.googleapis.com/sunrisesunset-32a25.firebasestorage.app/snapshots/8952830/1786183282194.jpg,sunset,2026-08-08 10:01:23.177634+00:00,0,webcam,
121766,29144336,gold,0.25,0.25,train,https://storage.googleapis.com/sunrisesunset-32a25.firebasestorage.app/snapshots/29144336/1786183295593.jpg,sunset,2026-08-08 10:01:35.926772+00:00,0,webcam,
116937,12586,gold,0.5,0.5,train,https://storage.googleapis.com/sunrisesunset-32a25.firebasestorage.app/snapshots/12586/1784803581359.jpg,sunset,2026-07-23 10:46:21.710135+00:00,0,webcam,
121770,28794621,gold,0.75,0.75,train,https://storage.googleapis.com/sunrisesunset-32a25.firebasestorage.app/snapshots/28794621/1786184159423.jpg,sunset,2026-08-08 10:16:00.286385+00:00,0,webcam,
121772,29144336,gold,0.5,0.5,train,https://storage.googleapis.com/sunrisesunset-32a25.firebasestorage.app/snapshots/29144336/1786184161406.jpg,sunset,2026-08-08 10:16:01.695064+00:00,0,webcam,
121771,7516880,gold,0.0,0.0,train,https://storage.googleapis.com/sunrisesunset-32a25.firebasestorage.app/snapshots/7516880/1786184160299.jpg,sunset,2026-08-08 10:16:00.620865+00:00,0,webcam,
121773,8750142,gold,0.75,0.75,train,https://storage.googleapis.com/sunrisesunset-32a25.firebasestorage.app/snapshots/8750142/1786185044344.jpg,sunset,2026-08-08 10:30:44.681795+00:00,0,webcam,
121776,28794621,gold,0.75,0.75,train,https://storage.googleapis.com/sunrisesunset-32a25.firebasestorage.app/snapshots/28794621/1786185056400.jpg,sunset,2026-08-08 10:30:56.701339+00:00,0,webcam,
121778,8750142,gold,0.75,0.75,train,https://storage.googleapis.com/sunrisesunset-32a25.firebasestorage.app/snapshots/8750142/1786185944658.jpg,sunset,2026-08-08 10:45:45.271566+00:00,0,webcam,
114961,12586,gold,0.0,0.0,train,https://storage.googleapis.com/sunrisesunset-32a25.firebasestorage.app/snapshots/12586/1784259956585.jpg,sunset,2026-07-17 03:45:57.158727+00:00,0,webcam,
117463,27645536,gold,0.5,0.5,train,https://storage.googleapis.com/sunrisesunset-32a25.firebasestorage.app/snapshots/27645536/1784949370907.jpg,sunset,2026-07-25 03:16:11.427260+00:00,0,webcam,
121781,4599007,gold,0.75,0.75,train,https://storage.googleapis.com/sunrisesunset-32a25.firebasestorage.app/snapshots/4599007/1786185958199.jpg,sunset,2026-08-08 10:45:58.489482+00:00,0,webcam,
121782,9379772,gold,0.5,0.5,train,https://storage.googleapis.com/sunrisesunset-32a25.firebasestorage.app/snapshots/9379772/1786186865895.jpg,sunset,2026-08-08 11:01:06.245141+00:00,0,webcam,
118008,598510,gold,0.25,0.25,train,https://storage.googleapis.com/sunrisesunset-32a25.firebasestorage.app/snapshots/598510/1785109565015.jpg,sunset,2026-07-26 23:46:05.586170+00:00,0,webcam,
121790,27645536,gold,1.0,1.0,train,https://storage.googleapis.com/sunrisesunset-32a25.firebasestorage.app/snapshots/27645536/1786188702499.jpg,sunset,2026-08-08 11:31:42.810961+00:00,0,webcam,
118144,12586,gold,0.75,0.75,train,https://storage.googleapis.com/sunrisesunset-32a25.firebasestorage.app/snapshots/12586/1785150067992.jpg,sunset,2026-07-27 11:01:08.333388+00:00,0,webcam,
121795,12586,gold,0.0,0.0,train,https://storage.googleapis.com/sunrisesunset-32a25.firebasestorage.app/snapshots/12586/1786190497053.jpg,sunset,2026-08-08 12:01:37.429609+00:00,0,webcam,
118257,28184409,gold,0.5,0.5,train,https://storage.googleapis.com/sunrisesunset-32a25.firebasestorage.app/snapshots/28184409/1785186097408.jpg,sunset,2026-07-27 21:01:37.705401+00:00,0,webcam,
118290,8750142,gold,0.5,0.5,train,https://storage.googleapis.com/sunrisesunset-32a25.firebasestorage.app/snapshots/8750142/1785189680888.jpg,sunset,2026-07-27 22:01:21.428749+00:00,0,webcam,
121799,2921338,gold,0.5,0.5,train,https://storage.googleapis.com/sunrisesunset-32a25.firebasestorage.app/snapshots/2921338/1786195842929.jpg,sunset,2026-08-08 13:30:43.780834+00:00,0,webcam,
121801,2921338,gold,0.75,0.75,train,https://storage.googleapis.com/sunrisesunset-32a25.firebasestorage.app/snapshots/2921338/1786196744434.jpg,sunset,2026-08-08 13:45:45.075015+00:00,0,webcam,
121803,2921338,gold,0.5,0.5,train,https://storage.googleapis.com/sunrisesunset-32a25.firebasestorage.app/snapshots/2921338/1786197686644.jpg,sunset,2026-08-08 14:01:27.021452+00:00,0,webcam,
121807,21605540,gold,1.0,1.0,train,https://storage.googleapis.com/sunrisesunset-32a25.firebasestorage.app/snapshots/21605540/1786203043550.jpg,sunset,2026-08-08 15:30:44.162029+00:00,0,webcam,
121808,21605540,gold,0.75,0.75,train,https://storage.googleapis.com/sunrisesunset-32a25.firebasestorage.app/snapshots/21605540/1786203942895.jpg,sunset,2026-08-08 15:45:43.234325+00:00,0,webcam,
121809,5973565,gold,0.75,0.75,train,https://storage.googleapis.com/sunrisesunset-32a25.firebasestorage.app/snapshots/5973565/1786203942870.jpg,sunset,2026-08-08 15:45:43.284875+00:00,0,webcam,
121810,9164847,gold,0.25,0.25,train,https://storage.googleapis.com/sunrisesunset-32a25.firebasestorage.app/snapshots/9164847/1786203947981.jpg,sunset,2026-08-08 15:45:48.291813+00:00,0,webcam,
121811,3800978,gold,0.75,0.75,train,https://storage.googleapis.com/sunrisesunset-32a25.firebasestorage.app/snapshots/3800978/1786204873618.jpg,sunset,2026-08-08 16:01:14.041628+00:00,0,webcam,
118969,12586,gold,1.0,1.0,train,https://storage.googleapis.com/sunrisesunset-32a25.firebasestorage.app/snapshots/12586/1785378656680.jpg,sunset,2026-07-30 02:30:57.313067+00:00,0,webcam,
121813,29135072,gold,0.25,0.25,train,https://storage.googleapis.com/sunrisesunset-32a25.firebasestorage.app/snapshots/29135072/1786204873845.jpg,sunset,2026-08-08 16:01:14.420190+00:00,0,webcam,
121815,3800978,gold,1.0,1.0,train,https://storage.googleapis.com/sunrisesunset-32a25.firebasestorage.app/snapshots/3800978/1786205746349.jpg,sunset,2026-08-08 16:15:47.226164+00:00,0,webcam,
121814,29051458,gold,0.5,0.5,train,https://storage.googleapis.com/sunrisesunset-32a25.firebasestorage.app/snapshots/29051458/1786205746881.jpg,sunset,2026-08-08 16:15:47.228082+00:00,0,webcam,
121817,331,gold,0.25,0.25,train,https://storage.googleapis.com/sunrisesunset-32a25.firebasestorage.app/snapshots/331/1786206706304.jpg,sunset,2026-08-08 16:31:46.675287+00:00,0,webcam,
121816,29135072,gold,0.75,0.75,train,https://storage.googleapis.com/sunrisesunset-32a25.firebasestorage.app/snapshots/29135072/1786205746886.jpg,sunset,2026-08-08 16:15:47.272506+00:00,0,webcam,
121818,2921318,gold,0.25,0.25,train,https://storage.googleapis.com/sunrisesunset-32a25.firebasestorage.app/snapshots/2921318/1786207544013.jpg,sunset,2026-08-08 16:45:44.401647+00:00,0,webcam,
119103,12586,gold,0.25,0.25,train,https://storage.googleapis.com/sunrisesunset-32a25.firebasestorage.app/snapshots/12586/1785411069494.jpg,sunset,2026-07-30 11:31:09.874430+00:00,0,webcam,
121820,2921338,gold,0.75,0.75,train,https://storage.googleapis.com/sunrisesunset-32a25.firebasestorage.app/snapshots/2921338/1786208469458.jpg,sunset,2026-08-08 17:01:09.876394+00:00,0,webcam,
121822,2921338,gold,1.0,1.0,train,https://storage.googleapis.com/sunrisesunset-32a25.firebasestorage.app/snapshots/2921338/1786209342858.jpg,sunset,2026-08-08 17:15:43.197406+00:00,0,webcam,
121821,15017506,gold,0.25,0.25,train,https://storage.googleapis.com/sunrisesunset-32a25.firebasestorage.app/snapshots/15017506/1786208477178.jpg,sunset,2026-08-08 17:01:17.550690+00:00,0,webcam,
121824,2921338,gold,0.5,0.5,train,https://storage.googleapis.com/sunrisesunset-32a25.firebasestorage.app/snapshots/2921338/1786210243403.jpg,sunset,2026-08-08 17:30:43.775216+00:00,0,webcam,
121825,29224562,gold,0.75,0.75,train,https://storage.googleapis.com/sunrisesunset-32a25.firebasestorage.app/snapshots/29224562/1786210248685.jpg,sunset,2026-08-08 17:30:49.044046+00:00,0,webcam,
121827,6257085,gold,0.0,0.0,train,https://storage.googleapis.com/sunrisesunset-32a25.firebasestorage.app/snapshots/6257085/1786211152168.jpg,sunset,2026-08-08 17:45:52.477864+00:00,0,webcam,
121829,20868788,gold,0.75,0.75,train,https://storage.googleapis.com/sunrisesunset-32a25.firebasestorage.app/snapshots/20868788/1786212107287.jpg,sunset,2026-08-08 18:01:48.221908+00:00,0,webcam,
121830,28820838,gold,0.0,0.0,train,https://storage.googleapis.com/sunrisesunset-32a25.firebasestorage.app/snapshots/28820838/1786212948234.jpg,sunset,2026-08-08 18:15:49.532498+00:00,0,webcam,
121834,1336,gold,0.5,0.5,train,https://storage.googleapis.com/sunrisesunset-32a25.firebasestorage.app/snapshots/1336/1786215643141.jpg,sunset,2026-08-08 19:00:43.550883+00:00,0,webcam,
121833,29232682,gold,1.0,1.0,train,https://storage.googleapis.com/sunrisesunset-32a25.firebasestorage.app/snapshots/29232682/1786214751141.jpg,sunset,2026-08-08 18:45:51.643422+00:00,0,webcam,
108370,28871398,gold,0.25,0.25,train,https://storage.googleapis.com/sunrisesunset-32a25.firebasestorage.app/snapshots/28871398/1782436558528.jpg,sunset,2026-06-26 01:15:59.500820+00:00,0,webcam,
110320,20965684,gold,0.5,0.5,train,https://storage.googleapis.com/sunrisesunset-32a25.firebasestorage.app/snapshots/20965684/1782985571639.jpg,sunset,2026-07-02 09:46:12.024748+00:00,0,webcam,
121845,24671280,gold,1.0,1.0,train,https://storage.googleapis.com/sunrisesunset-32a25.firebasestorage.app/snapshots/24671280/1786218358574.jpg,sunset,2026-08-08 19:45:59.551668+00:00,0,webcam,
121851,17923366,gold,0.25,0.25,train,https://storage.googleapis.com/sunrisesunset-32a25.firebasestorage.app/snapshots/17923366/1786219285932.jpg,sunset,2026-08-08 20:01:26.242357+00:00,0,webcam,
121855,28513448,gold,0.0,0.0,train,https://storage.googleapis.com/sunrisesunset-32a25.firebasestorage.app/snapshots/28513448/1786220158798.jpg,sunset,2026-08-08 20:15:59.145232+00:00,0,webcam,
121859,28985083,gold,0.25,0.25,train,https://storage.googleapis.com/sunrisesunset-32a25.firebasestorage.app/snapshots/28985083/1786221056713.jpg,sunset,2026-08-08 20:30:57.386905+00:00,0,webcam,
121860,28992538,gold,0.5,0.5,train,https://storage.googleapis.com/sunrisesunset-32a25.firebasestorage.app/snapshots/28992538/1786221057025.jpg,sunset,2026-08-08 20:30:57.889965+00:00,0,webcam,
121864,29233480,gold,0.0,0.0,train,https://storage.googleapis.com/sunrisesunset-32a25.firebasestorage.app/snapshots/29233480/1786221958214.jpg,sunset,2026-08-08 20:45:58.533039+00:00,0,webcam,
121865,28985083,gold,0.5,0.5,train,https://storage.googleapis.com/sunrisesunset-32a25.firebasestorage.app/snapshots/28985083/1786221959397.jpg,sunset,2026-08-08 20:46:00.053909+00:00,0,webcam,
121866,28992538,gold,0.5,0.5,train,https://storage.googleapis.com/sunrisesunset-32a25.firebasestorage.app/snapshots/28992538/1786221959972.jpg,sunset,2026-08-08 20:46:00.253503+00:00,0,webcam,
121867,931,gold,0.25,0.25,train,https://storage.googleapis.com/sunrisesunset-32a25.firebasestorage.app/snapshots/931/1786221959990.jpg,sunset,2026-08-08 20:46:00.358363+00:00,0,webcam,
121871,28985083,gold,0.25,0.25,train,https://storage.googleapis.com/sunrisesunset-32a25.firebasestorage.app/snapshots/28985083/1786222908418.jpg,sunset,2026-08-08 21:01:48.719040+00:00,0,webcam,
121872,28992538,gold,0.25,0.25,train,https://storage.googleapis.com/sunrisesunset-32a25.firebasestorage.app/snapshots/28992538/1786222909260.jpg,sunset,2026-08-08 21:01:50.160115+00:00,0,webcam,
121873,931,gold,0.0,0.0,train,https://storage.googleapis.com/sunrisesunset-32a25.firebasestorage.app/snapshots/931/1786222910178.jpg,sunset,2026-08-08 21:01:50.468130+00:00,0,webcam,
121874,24564388,gold,0.25,0.25,train,https://storage.googleapis.com/sunrisesunset-32a25.firebasestorage.app/snapshots/24564388/1786222911201.jpg,sunset,2026-08-08 21:01:51.487348+00:00,0,webcam,
121876,931,gold,0.0,0.0,train,https://storage.googleapis.com/sunrisesunset-32a25.firebasestorage.app/snapshots/931/1786223757671.jpg,sunset,2026-08-08 21:15:58.820187+00:00,0,webcam,
121877,29022880,gold,0.75,0.75,train,https://storage.googleapis.com/sunrisesunset-32a25.firebasestorage.app/snapshots/29022880/1786223758503.jpg,sunset,2026-08-08 21:15:58.824359+00:00,0,webcam,
105241,28510845,gold,0.25,0.25,train,https://storage.googleapis.com/sunrisesunset-32a25.firebasestorage.app/snapshots/28510845/1781579740280.jpg,sunset,2026-06-16 03:15:40.932705+00:00,0,webcam,
121878,14396710,gold,0.5,0.5,train,https://storage.googleapis.com/sunrisesunset-32a25.firebasestorage.app/snapshots/14396710/1786223760009.jpg,sunset,2026-08-08 21:16:00.301476+00:00,0,webcam,
121879,29022880,gold,0.5,0.5,train,https://storage.googleapis.com/sunrisesunset-32a25.firebasestorage.app/snapshots/29022880/1786224655813.jpg,sunset,2026-08-08 21:30:56.372943+00:00,0,webcam,
121884,28482755,gold,0.75,0.75,train,https://storage.googleapis.com/sunrisesunset-32a25.firebasestorage.app/snapshots/28482755/1786227358835.jpg,sunset,2026-08-08 22:15:59.106841+00:00,0,webcam,
115653,772735,gold,0.75,0.75,train,https://storage.googleapis.com/sunrisesunset-32a25.firebasestorage.app/snapshots/772735/1784447170860.jpg,sunset,2026-07-19 07:46:12.967911+00:00,0,webcam,
121907,8952830,gold,0.0,0.0,train,https://storage.googleapis.com/sunrisesunset-32a25.firebasestorage.app/snapshots/8952830/1786232760897.jpg,sunset,2026-08-08 23:46:01.170209+00:00,0,webcam,
121909,4752639,gold,0.75,0.75,train,https://storage.googleapis.com/sunrisesunset-32a25.firebasestorage.app/snapshots/4752639/1786233694530.jpg,sunset,2026-08-09 00:01:34.910664+00:00,0,webcam,
121910,29161032,gold,0.0,0.0,train,https://storage.googleapis.com/sunrisesunset-32a25.firebasestorage.app/snapshots/29161032/1786233707371.jpg,sunset,2026-08-09 00:01:47.692319+00:00,0,webcam,
121914,29161032,gold,0.25,0.25,train,https://storage.googleapis.com/sunrisesunset-32a25.firebasestorage.app/snapshots/29161032/1786234557444.jpg,sunset,2026-08-09 00:15:58.053229+00:00,0,webcam,
121917,25685576,gold,0.25,0.25,train,https://storage.googleapis.com/sunrisesunset-32a25.firebasestorage.app/snapshots/25685576/1786235457076.jpg,sunset,2026-08-09 00:30:58.465179+00:00,0,webcam,
121922,9212,gold,0.5,0.5,train,https://storage.googleapis.com/sunrisesunset-32a25.firebasestorage.app/snapshots/9212/1786239957100.jpg,sunset,2026-08-09 01:45:57.793986+00:00,0,webcam,
121925,1792,gold,0.25,0.25,train,https://storage.googleapis.com/sunrisesunset-32a25.firebasestorage.app/snapshots/1792/1786240879512.jpg,sunset,2026-08-09 02:01:19.864887+00:00,0,webcam,
121928,1792,gold,0.5,0.5,train,https://storage.googleapis.com/sunrisesunset-32a25.firebasestorage.app/snapshots/1792/1786241751794.jpg,sunset,2026-08-09 02:15:52.134097+00:00,0,webcam,
121929,28326341,gold,0.75,0.75,train,https://storage.googleapis.com/sunrisesunset-32a25.firebasestorage.app/snapshots/28326341/1786241759297.jpg,sunset,2026-08-09 02:15:59.655915+00:00,0,webcam,
121931,5961510,gold,0.75,0.75,train,https://storage.googleapis.com/sunrisesunset-32a25.firebasestorage.app/snapshots/5961510/1786242643129.jpg,sunset,2026-08-09 02:30:43.626017+00:00,0,webcam,
121934,1792,gold,0.25,0.25,train,https://storage.googleapis.com/sunrisesunset-32a25.firebasestorage.app/snapshots/1792/1786242652413.jpg,sunset,2026-08-09 02:30:53.016550+00:00,0,webcam,
121935,29040131,gold,0.25,0.25,train,https://storage.googleapis.com/sunrisesunset-32a25.firebasestorage.app/snapshots/29040131/1786242657017.jpg,sunset,2026-08-09 02:30:57.277651+00:00,0,webcam,
121936,27645058,gold,0.25,0.25,train,https://storage.googleapis.com/sunrisesunset-32a25.firebasestorage.app/snapshots/27645058/1786242657012.jpg,sunset,2026-08-09 02:30:57.299843+00:00,0,webcam,
121937,28326341,gold,0.75,0.75,train,https://storage.googleapis.com/sunrisesunset-32a25.firebasestorage.app/snapshots/28326341/1786242658836.jpg,sunset,2026-08-09 02:30:59.192052+00:00,0,webcam,
121939,5961510,gold,0.75,0.75,train,https://storage.googleapis.com/sunrisesunset-32a25.firebasestorage.app/snapshots/5961510/1786243544537.jpg,sunset,2026-08-09 02:45:44.898433+00:00,0,webcam,
121943,1792,gold,0.25,0.25,train,https://storage.googleapis.com/sunrisesunset-32a25.firebasestorage.app/snapshots/1792/1786243554261.jpg,sunset,2026-08-09 02:45:54.577022+00:00,0,webcam,
121947,19441648,gold,0.75,0.75,train,https://storage.googleapis.com/sunrisesunset-32a25.firebasestorage.app/snapshots/19441648/1786245343497.jpg,sunset,2026-08-09 03:15:43.855103+00:00,0,webcam,
121949,1792,gold,0.5,0.5,train,https://storage.googleapis.com/sunrisesunset-32a25.firebasestorage.app/snapshots/1792/1786245349370.jpg,sunset,2026-08-09 03:15:49.646781+00:00,0,webcam,
121952,1792,gold,0.25,0.25,train,https://storage.googleapis.com/sunrisesunset-32a25.firebasestorage.app/snapshots/1792/1786246300872.jpg,sunset,2026-08-09 03:31:41.159625+00:00,0,webcam,
121953,26263950,gold,0.5,0.5,train,https://storage.googleapis.com/sunrisesunset-32a25.firebasestorage.app/snapshots/26263950/1786246306393.jpg,sunset,2026-08-09 03:31:46.717836+00:00,0,webcam,
121954,9164847,gold,0.25,0.25,train,https://storage.googleapis.com/sunrisesunset-32a25.firebasestorage.app/snapshots/9164847/1786247145009.jpg,sunset,2026-08-09 03:45:45.656469+00:00,0,webcam,
110197,9872616,gold,0.25,0.25,train,https://storage.googleapis.com/sunrisesunset-32a25.firebasestorage.app/snapshots/9872616/1782952270063.jpg,sunset,2026-07-02 00:31:10.363419+00:00,0,webcam,
121957,1792,gold,0.0,0.0,train,https://storage.googleapis.com/sunrisesunset-32a25.firebasestorage.app/snapshots/1792/1786247152030.jpg,sunset,2026-08-09 03:45:52.319182+00:00,0,webcam,
121961,1792,gold,0.0,0.0,train,https://storage.googleapis.com/sunrisesunset-32a25.firebasestorage.app/snapshots/1792/1786248945390.jpg,sunset,2026-08-09 04:15:45.704967+00:00,0,webcam,
121959,1792,gold,0.25,0.25,train,https://storage.googleapis.com/sunrisesunset-32a25.firebasestorage.app/snapshots/1792/1786248084610.jpg,sunset,2026-08-09 04:01:24.947222+00:00,0,webcam,
121965,1792,gold,0.25,0.25,train,https://storage.googleapis.com/sunrisesunset-32a25.firebasestorage.app/snapshots/1792/1786250744445.jpg,sunset,2026-08-09 04:45:44.835227+00:00,0,webcam,
111113,4965772,gold,0.25,0.25,train,https://storage.googleapis.com/sunrisesunset-32a25.firebasestorage.app/snapshots/4965772/1783214158325.jpg,sunset,2026-07-05 01:15:58.785526+00:00,0,webcam,
111118,4965772,gold,0.25,0.25,train,https://storage.googleapis.com/sunrisesunset-32a25.firebasestorage.app/snapshots/4965772/1783215055694.jpg,sunset,2026-07-05 01:30:56.047711+00:00,0,webcam,
121968,322,gold,0.0,0.0,train,https://storage.googleapis.com/sunrisesunset-32a25.firebasestorage.app/snapshots/322/1786250751599.jpg,sunset,2026-08-09 04:45:51.882482+00:00,0,webcam,
121969,1792,gold,0.5,0.5,train,https://storage.googleapis.com/sunrisesunset-32a25.firebasestorage.app/snapshots/1792/1786251695383.jpg,sunset,2026-08-09 05:01:35.798485+00:00,0,webcam,
121970,1792,gold,0.25,0.25,train,https://storage.googleapis.com/sunrisesunset-32a25.firebasestorage.app/snapshots/1792/1786252542387.jpg,sunset,2026-08-09 05:15:42.713619+00:00,0,webcam,
121971,21605540,gold,0.75,0.75,train,https://storage.googleapis.com/sunrisesunset-32a25.firebasestorage.app/snapshots/21605540/1786252549331.jpg,sunset,2026-08-09 05:15:49.623415+00:00,0,webcam,
121972,1792,gold,0.25,0.25,train,https://storage.googleapis.com/sunrisesunset-32a25.firebasestorage.app/snapshots/1792/1786253443532.jpg,sunset,2026-08-09 05:30:43.865664+00:00,0,webcam,
121975,1792,gold,0.0,0.0,train,https://storage.googleapis.com/sunrisesunset-32a25.firebasestorage.app/snapshots/1792/1786254344034.jpg,sunset,2026-08-09 05:45:44.414903+00:00,0,webcam,
121985,2921318,gold,1.0,1.0,train,https://storage.googleapis.com/sunrisesunset-32a25.firebasestorage.app/snapshots/2921318/1786258864659.jpg,sunset,2026-08-09 07:01:05.066785+00:00,0,webcam,
121987,2921318,gold,0.75,0.75,train,https://storage.googleapis.com/sunrisesunset-32a25.firebasestorage.app/snapshots/2921318/1786259742641.jpg,sunset,2026-08-09 07:15:42.984483+00:00,0,webcam,
121993,2923203,gold,0.5,0.5,train,https://storage.googleapis.com/sunrisesunset-32a25.firebasestorage.app/snapshots/2923203/1786260648837.jpg,sunset,2026-08-09 07:30:49.106113+00:00,0,webcam,
121995,8415550,gold,0.25,0.25,train,https://storage.googleapis.com/sunrisesunset-32a25.firebasestorage.app/snapshots/8415550/1786260650398.jpg,sunset,2026-08-09 07:30:50.700641+00:00,0,webcam,
122007,4641273,gold,0.25,0.25,train,https://storage.googleapis.com/sunrisesunset-32a25.firebasestorage.app/snapshots/4641273/1786265157016.jpg,sunset,2026-08-09 08:45:57.422158+00:00,0,webcam,
122012,28811574,gold,0.25,0.25,train,https://storage.googleapis.com/sunrisesunset-32a25.firebasestorage.app/snapshots/28811574/1786266971432.jpg,sunset,2026-08-09 09:16:11.736876+00:00,0,webcam,
122015,3741,gold,1.0,1.0,train,https://storage.googleapis.com/sunrisesunset-32a25.firebasestorage.app/snapshots/3741/1786268757652.jpg,sunset,2026-08-09 09:45:57.976131+00:00,0,webcam,
122016,8952830,gold,1.0,1.0,train,https://storage.googleapis.com/sunrisesunset-32a25.firebasestorage.app/snapshots/8952830/1786269695099.jpg,sunset,2026-08-09 10:01:35.426189+00:00,0,webcam,
114851,29052756,gold,1.0,1.0,train,https://storage.googleapis.com/sunrisesunset-32a25.firebasestorage.app/snapshots/29052756/1784234787217.jpg,sunset,2026-07-16 20:46:27.640912+00:00,0,webcam,
122029,3794288,gold,0.5,0.5,train,https://storage.googleapis.com/sunrisesunset-32a25.firebasestorage.app/snapshots/3794288/1786271508665.jpg,sunset,2026-08-09 10:31:49.155632+00:00,0,webcam,
122036,4599007,gold,0.5,0.5,train,https://storage.googleapis.com/sunrisesunset-32a25.firebasestorage.app/snapshots/4599007/1786272364127.jpg,sunset,2026-08-09 10:46:04.444545+00:00,0,webcam,
122037,28952051,gold,0.75,0.75,train,https://storage.googleapis.com/sunrisesunset-32a25.firebasestorage.app/snapshots/28952051/1786272364272.jpg,sunset,2026-08-09 10:46:04.599029+00:00,0,webcam,
122041,28947350,gold,0.5,0.5,train,https://storage.googleapis.com/sunrisesunset-32a25.firebasestorage.app/snapshots/28947350/1786274143975.jpg,sunset,2026-08-09 11:15:44.364288+00:00,0,webcam,
122044,27645536,gold,0.75,0.75,train,https://storage.googleapis.com/sunrisesunset-32a25.firebasestorage.app/snapshots/27645536/1786275045337.jpg,sunset,2026-08-09 11:30:45.674138+00:00,0,webcam,
122046,27645536,gold,0.75,0.75,train,https://storage.googleapis.com/sunrisesunset-32a25.firebasestorage.app/snapshots/27645536/1786275946317.jpg,sunset,2026-08-09 11:45:46.859902+00:00,0,webcam,
122062,2921338,gold,0.25,0.25,train,https://storage.googleapis.com/sunrisesunset-32a25.firebasestorage.app/snapshots/2921338/1786282241899.jpg,sunset,2026-08-09 13:30:42.251686+00:00,0,webcam,
122064,2921338,gold,0.0,0.0,train,https://storage.googleapis.com/sunrisesunset-32a25.firebasestorage.app/snapshots/2921338/1786283142124.jpg,sunset,2026-08-09 13:45:42.496180+00:00,0,webcam,
122066,16934,gold,0.0,0.0,train,https://storage.googleapis.com/sunrisesunset-32a25.firebasestorage.app/snapshots/16934/1786284941741.jpg,sunset,2026-08-09 14:15:42.657714+00:00,0,webcam,
122071,21605540,gold,0.75,0.75,train,https://storage.googleapis.com/sunrisesunset-32a25.firebasestorage.app/snapshots/21605540/1786290341164.jpg,sunset,2026-08-09 15:45:42.625984+00:00,0,webcam,
122073,29135072,gold,0.5,0.5,train,https://storage.googleapis.com/sunrisesunset-32a25.firebasestorage.app/snapshots/29135072/1786291298058.jpg,sunset,2026-08-09 16:01:38.414005+00:00,0,webcam,
122075,3800978,gold,0.75,0.75,train,https://storage.googleapis.com/sunrisesunset-32a25.firebasestorage.app/snapshots/3800978/1786291297918.jpg,sunset,2026-08-09 16:01:38.428582+00:00,0,webcam,
122077,29051458,gold,0.0,0.0,train,https://storage.googleapis.com/sunrisesunset-32a25.firebasestorage.app/snapshots/29051458/1786292146730.jpg,sunset,2026-08-09 16:15:47.031034+00:00,0,webcam,
122078,3800978,gold,1.0,1.0,train,https://storage.googleapis.com/sunrisesunset-32a25.firebasestorage.app/snapshots/3800978/1786292146235.jpg,sunset,2026-08-09 16:15:47.128374+00:00,0,webcam,
122079,29135072,gold,0.5,0.5,train,https://storage.googleapis.com/sunrisesunset-32a25.firebasestorage.app/snapshots/29135072/1786292146827.jpg,sunset,2026-08-09 16:15:47.139172+00:00,0,webcam,
122080,331,gold,0.5,0.5,train,https://storage.googleapis.com/sunrisesunset-32a25.firebasestorage.app/snapshots/331/1786293047689.jpg,sunset,2026-08-09 16:30:48.045517+00:00,0,webcam,
122082,331,gold,0.25,0.25,train,https://storage.googleapis.com/sunrisesunset-32a25.firebasestorage.app/snapshots/331/1786293950150.jpg,sunset,2026-08-09 16:45:50.445475+00:00,0,webcam,
122083,29224562,gold,0.75,0.75,train,https://storage.googleapis.com/sunrisesunset-32a25.firebasestorage.app/snapshots/29224562/1786294904148.jpg,sunset,2026-08-09 17:01:44.524925+00:00,0,webcam,
122085,15017506,gold,0.75,0.75,train,https://storage.googleapis.com/sunrisesunset-32a25.firebasestorage.app/snapshots/15017506/1786295750389.jpg,sunset,2026-08-09 17:15:50.761039+00:00,0,webcam,
122087,29224562,gold,0.5,0.5,train,https://storage.googleapis.com/sunrisesunset-32a25.firebasestorage.app/snapshots/29224562/1786295752248.jpg,sunset,2026-08-09 17:15:52.539663+00:00,0,webcam,
122088,2921338,gold,0.5,0.5,train,https://storage.googleapis.com/sunrisesunset-32a25.firebasestorage.app/snapshots/2921338/1786296642266.jpg,sunset,2026-08-09 17:30:42.646746+00:00,0,webcam,
122089,29224562,gold,0.5,0.5,train,https://storage.googleapis.com/sunrisesunset-32a25.firebasestorage.app/snapshots/29224562/1786296647908.jpg,sunset,2026-08-09 17:30:48.334426+00:00,0,webcam,
122092,6257085,gold,0.5,0.5,train,https://storage.googleapis.com/sunrisesunset-32a25.firebasestorage.app/snapshots/6257085/1786297548973.jpg,sunset,2026-08-09 17:45:49.250265+00:00,0,webcam,
122093,29029207,gold,0.0,0.0,train,https://storage.googleapis.com/sunrisesunset-32a25.firebasestorage.app/snapshots/29029207/1786297550214.jpg,sunset,2026-08-09 17:45:50.568835+00:00,0,webcam,
122095,20868788,gold,1.0,1.0,train,https://storage.googleapis.com/sunrisesunset-32a25.firebasestorage.app/snapshots/20868788/1786298477192.jpg,sunset,2026-08-09 18:01:17.995893+00:00,0,webcam,
122096,29029207,gold,0.25,0.25,train,https://storage.googleapis.com/sunrisesunset-32a25.firebasestorage.app/snapshots/29029207/1786298477921.jpg,sunset,2026-08-09 18:01:18.211092+00:00,0,webcam,
122102,29232682,gold,0.75,0.75,train,https://storage.googleapis.com/sunrisesunset-32a25.firebasestorage.app/snapshots/29232682/1786301151016.jpg,sunset,2026-08-09 18:45:51.975039+00:00,0,webcam,
122105,28804140,gold,0.25,0.25,train,https://storage.googleapis.com/sunrisesunset-32a25.firebasestorage.app/snapshots/28804140/1786302956434.jpg,sunset,2026-08-09 19:15:56.827383+00:00,0,webcam,
104959,28510845,gold,0.5,0.5,train,https://storage.googleapis.com/sunrisesunset-32a25.firebasestorage.app/snapshots/28510845/1781493340787.jpg,sunset,2026-06-15 03:15:41.057400+00:00,0,webcam,
122108,28804140,gold,0.25,0.25,train,https://storage.googleapis.com/sunrisesunset-32a25.firebasestorage.app/snapshots/28804140/1786303856098.jpg,sunset,2026-08-09 19:30:56.404870+00:00,0,webcam,
122112,28804140,gold,0.25,0.25,train,https://storage.googleapis.com/sunrisesunset-32a25.firebasestorage.app/snapshots/28804140/1786304756661.jpg,sunset,2026-08-09 19:45:56.981916+00:00,0,webcam,
122113,24671280,gold,1.0,1.0,train,https://storage.googleapis.com/sunrisesunset-32a25.firebasestorage.app/snapshots/24671280/1786304757278.jpg,sunset,2026-08-09 19:45:57.554516+00:00,0,webcam,
122114,3882985,gold,0.75,0.75,train,https://storage.googleapis.com/sunrisesunset-32a25.firebasestorage.app/snapshots/3882985/1786305680362.jpg,sunset,2026-08-09 20:01:20.814935+00:00,0,webcam,
108644,25685576,gold,0.5,0.5,train,https://storage.googleapis.com/sunrisesunset-32a25.firebasestorage.app/snapshots/25685576/1782519362916.jpg,sunset,2026-06-27 00:16:03.228560+00:00,0,webcam,
122125,28961840,gold,0.0,0.0,train,https://storage.googleapis.com/sunrisesunset-32a25.firebasestorage.app/snapshots/28961840/1786307442857.jpg,sunset,2026-08-09 20:30:43.175839+00:00,0,webcam,
122129,28791837,gold,0.25,0.25,train,https://storage.googleapis.com/sunrisesunset-32a25.firebasestorage.app/snapshots/28791837/1786307458802.jpg,sunset,2026-08-09 20:30:59.231054+00:00,0,webcam,
122131,28751698,gold,0.5,0.5,train,https://storage.googleapis.com/sunrisesunset-32a25.firebasestorage.app/snapshots/28751698/1786307460298.jpg,sunset,2026-08-09 20:31:00.588319+00:00,0,webcam,
122132,28961840,gold,0.5,0.5,train,https://storage.googleapis.com/sunrisesunset-32a25.firebasestorage.app/snapshots/28961840/1786308343843.jpg,sunset,2026-08-09 20:45:44.159508+00:00,0,webcam,
122135,28985083,gold,0.25,0.25,train,https://storage.googleapis.com/sunrisesunset-32a25.firebasestorage.app/snapshots/28985083/1786308357243.jpg,sunset,2026-08-09 20:45:57.520225+00:00,0,webcam,
122139,29022880,gold,0.5,0.5,train,https://storage.googleapis.com/sunrisesunset-32a25.firebasestorage.app/snapshots/29022880/1786310159104.jpg,sunset,2026-08-09 21:15:59.524915+00:00,0,webcam,
122158,29045968,gold,0.0,0.0,train,https://storage.googleapis.com/sunrisesunset-32a25.firebasestorage.app/snapshots/29045968/1786315556989.jpg,sunset,2026-08-09 22:45:57.283226+00:00,0,webcam,
122159,29030753,gold,0.5,0.5,train,https://storage.googleapis.com/sunrisesunset-32a25.firebasestorage.app/snapshots/29030753/1786315557008.jpg,sunset,2026-08-09 22:45:57.312973+00:00,0,webcam,
122160,23945173,gold,0.5,0.5,train,https://storage.googleapis.com/sunrisesunset-32a25.firebasestorage.app/snapshots/23945173/1786315556992.jpg,sunset,2026-08-09 22:45:57.319470+00:00,0,webcam,
122163,598510,gold,0.0,0.0,train,https://storage.googleapis.com/sunrisesunset-32a25.firebasestorage.app/snapshots/598510/1786318257489.jpg,sunset,2026-08-09 23:30:58.204782+00:00,0,webcam,
122164,8952830,gold,0.0,0.0,train,https://storage.googleapis.com/sunrisesunset-32a25.firebasestorage.app/snapshots/8952830/1786319155647.jpg,sunset,2026-08-09 23:45:56.067786+00:00,0,webcam,
122165,4752639,gold,0.75,0.75,train,https://storage.googleapis.com/sunrisesunset-32a25.firebasestorage.app/snapshots/4752639/1786320104626.jpg,sunset,2026-08-10 00:01:45.051880+00:00,0,webcam,
122170,21550102,gold,0.25,0.25,train,https://storage.googleapis.com/sunrisesunset-32a25.firebasestorage.app/snapshots/21550102/1786321856790.jpg,sunset,2026-08-10 00:30:57.105571+00:00,0,webcam,
106739,9379772,gold,0.5,0.5,train,https://storage.googleapis.com/sunrisesunset-32a25.firebasestorage.app/snapshots/9379772/1781991075507.jpg,sunset,2026-06-20 21:31:16.007804+00:00,0,webcam,
122179,3782492,gold,1.0,1.0,train,https://storage.googleapis.com/sunrisesunset-32a25.firebasestorage.app/snapshots/3782492/1786324561206.jpg,sunset,2026-08-10 01:16:01.593005+00:00,0,webcam,
122181,12451,gold,0.75,0.75,train,https://storage.googleapis.com/sunrisesunset-32a25.firebasestorage.app/snapshots/12451/1786324565365.jpg,sunset,2026-08-10 01:16:05.679619+00:00,0,webcam,
122182,9790497,gold,0.75,0.75,train,https://storage.googleapis.com/sunrisesunset-32a25.firebasestorage.app/snapshots/9790497/1786325456316.jpg,sunset,2026-08-10 01:30:56.896484+00:00,0,webcam,
105998,8750142,gold,0.25,0.25,train,https://storage.googleapis.com/sunrisesunset-32a25.firebasestorage.app/snapshots/8750142/1781780456607.jpg,sunset,2026-06-18 11:00:57.335953+00:00,0,webcam,
122189,1792,gold,0.75,0.75,train,https://storage.googleapis.com/sunrisesunset-32a25.firebasestorage.app/snapshots/1792/1786327299642.jpg,sunset,2026-08-10 02:01:40.347072+00:00,0,webcam,
122192,1792,gold,0.75,0.75,train,https://storage.googleapis.com/sunrisesunset-32a25.firebasestorage.app/snapshots/1792/1786328154858.jpg,sunset,2026-08-10 02:15:55.150555+00:00,0,webcam,
122194,28326341,gold,0.75,0.75,train,https://storage.googleapis.com/sunrisesunset-32a25.firebasestorage.app/snapshots/28326341/1786328162840.jpg,sunset,2026-08-10 02:16:03.451032+00:00,0,webcam,
122195,1792,gold,0.75,0.75,train,https://storage.googleapis.com/sunrisesunset-32a25.firebasestorage.app/snapshots/1792/1786329050097.jpg,sunset,2026-08-10 02:30:50.497868+00:00,0,webcam,
122198,15017506,gold,0.0,0.0,train,https://storage.googleapis.com/sunrisesunset-32a25.firebasestorage.app/snapshots/15017506/1786329942837.jpg,sunset,2026-08-10 02:45:43.169683+00:00,0,webcam,
116945,12586,gold,0.25,0.25,train,https://storage.googleapis.com/sunrisesunset-32a25.firebasestorage.app/snapshots/12586/1784804480224.jpg,sunset,2026-07-23 11:01:20.573205+00:00,0,webcam,
101102,28510845,gold,0.5,0.5,train,https://storage.googleapis.com/sunrisesunset-32a25.firebasestorage.app/snapshots/28510845/1780888551829.jpg,sunset,2026-06-08 03:15:52.350752+00:00,0,webcam,
122197,5961510,gold,0.75,0.75,train,https://storage.googleapis.com/sunrisesunset-32a25.firebasestorage.app/snapshots/5961510/1786329941880.jpg,sunset,2026-08-10 02:45:43.164390+00:00,0,webcam,
102623,24736019,gold,0.75,0.75,train,https://storage.googleapis.com/sunrisesunset-32a25.firebasestorage.app/snapshots/24736019/1781337617822.jpg,sunset,2026-06-13 08:00:19.019536+00:00,0,webcam,
102801,9379772,gold,0.5,0.5,train,https://storage.googleapis.com/sunrisesunset-32a25.firebasestorage.app/snapshots/9379772/1781386240244.jpg,sunset,2026-06-13 21:30:40.595816+00:00,0,webcam,
122204,93,gold,0.5,0.5,train,https://storage.googleapis.com/sunrisesunset-32a25.firebasestorage.app/snapshots/93/1786331744613.jpg,sunset,2026-08-10 03:15:45.265724+00:00,0,webcam,
122223,4090704,gold,0.5,0.5,train,https://storage.googleapis.com/sunrisesunset-32a25.firebasestorage.app/snapshots/4090704/1786335350351.jpg,sunset,2026-08-10 04:15:50.868726+00:00,0,webcam,
122230,4090704,gold,0.75,0.75,train,https://storage.googleapis.com/sunrisesunset-32a25.firebasestorage.app/snapshots/4090704/1786337146132.jpg,sunset,2026-08-10 04:45:46.905542+00:00,0,webcam,
122236,13233845,gold,0.25,0.25,train,https://storage.googleapis.com/sunrisesunset-32a25.firebasestorage.app/snapshots/13233845/1786340754455.jpg,sunset,2026-08-10 05:45:54.771884+00:00,0,webcam,
122254,23386746,gold,0.75,0.75,train,https://storage.googleapis.com/sunrisesunset-32a25.firebasestorage.app/snapshots/23386746/1786349752841.jpg,sunset,2026-08-10 08:15:53.145077+00:00,0,webcam,
122258,29044958,gold,0.5,0.5,train,https://storage.googleapis.com/sunrisesunset-32a25.firebasestorage.app/snapshots/29044958/1786350656215.jpg,sunset,2026-08-10 08:30:56.498412+00:00,0,webcam,
122266,12059278,gold,0.5,0.5,train,https://storage.googleapis.com/sunrisesunset-32a25.firebasestorage.app/snapshots/12059278/1786352507340.jpg,sunset,2026-08-10 09:01:48.221192+00:00,0,webcam,
122262,29044958,gold,0.75,0.75,train,https://storage.googleapis.com/sunrisesunset-32a25.firebasestorage.app/snapshots/29044958/1786351558423.jpg,sunset,2026-08-10 08:45:58.710164+00:00,0,webcam,
122264,12059278,gold,0.0,0.0,train,https://storage.googleapis.com/sunrisesunset-32a25.firebasestorage.app/snapshots/12059278/1786351559279.jpg,sunset,2026-08-10 08:45:59.554497+00:00,0,webcam,
122272,8952830,gold,0.75,0.75,train,https://storage.googleapis.com/sunrisesunset-32a25.firebasestorage.app/snapshots/8952830/1786356067864.jpg,sunset,2026-08-10 10:01:09.295125+00:00,0,webcam,
122281,10081819,gold,0.5,0.5,train,https://storage.googleapis.com/sunrisesunset-32a25.firebasestorage.app/snapshots/10081819/1786356958476.jpg,sunset,2026-08-10 10:15:59.746454+00:00,0,webcam,
122283,29092660,gold,0.25,0.25,train,https://storage.googleapis.com/sunrisesunset-32a25.firebasestorage.app/snapshots/29092660/1786357907159.jpg,sunset,2026-08-10 10:31:47.565390+00:00,0,webcam,
122290,8750142,gold,0.75,0.75,train,https://storage.googleapis.com/sunrisesunset-32a25.firebasestorage.app/snapshots/8750142/1786358745054.jpg,sunset,2026-08-10 10:45:45.550738+00:00,0,webcam,
122307,22856539,gold,0.75,0.75,train,https://storage.googleapis.com/sunrisesunset-32a25.firebasestorage.app/snapshots/22856539/1786365040864.jpg,sunset,2026-08-10 12:30:41.617302+00:00,0,webcam,
122309,29196434,gold,0.25,0.25,train,https://storage.googleapis.com/sunrisesunset-32a25.firebasestorage.app/snapshots/29196434/1786366870670.jpg,sunset,2026-08-10 13:01:11.479794+00:00,0,webcam,
122311,2921338,gold,0.0,0.0,train,https://storage.googleapis.com/sunrisesunset-32a25.firebasestorage.app/snapshots/2921338/1786368646817.jpg,sunset,2026-08-10 13:30:47.275874+00:00,0,webcam,
122274,28794621,gold,0.5,0.5,train,https://storage.googleapis.com/sunrisesunset-32a25.firebasestorage.app/snapshots/28794621/1786356082268.jpg,sunset,2026-08-10 10:01:23.041880+00:00,0,webcam,
122292,10081819,gold,0.75,0.75,train,https://storage.googleapis.com/sunrisesunset-32a25.firebasestorage.app/snapshots/10081819/1786358763905.jpg,sunset,2026-08-10 10:46:04.257506+00:00,0,webcam,
122293,28794621,gold,0.0,0.0,train,https://storage.googleapis.com/sunrisesunset-32a25.firebasestorage.app/snapshots/28794621/1786358763665.jpg,sunset,2026-08-10 10:46:04.297745+00:00,0,webcam,
122298,27645536,gold,0.5,0.5,train,https://storage.googleapis.com/sunrisesunset-32a25.firebasestorage.app/snapshots/27645536/1786361446792.jpg,sunset,2026-08-10 11:30:47.108630+00:00,0,webcam,
122300,13588772,gold,0.25,0.25,train,https://storage.googleapis.com/sunrisesunset-32a25.firebasestorage.app/snapshots/13588772/1786362362689.jpg,sunset,2026-08-10 11:46:03.252947+00:00,0,webcam,
122285,28794621,gold,0.0,0.0,train,https://storage.googleapis.com/sunrisesunset-32a25.firebasestorage.app/snapshots/28794621/1786357916380.jpg,sunset,2026-08-10 10:31:56.866257+00:00,0,webcam,
122316,21605540,gold,1.0,1.0,train,https://storage.googleapis.com/sunrisesunset-32a25.firebasestorage.app/snapshots/21605540/1786376741648.jpg,sunset,2026-08-10 15:45:42.652568+00:00,0,webcam,
122317,5973565,gold,0.75,0.75,train,https://storage.googleapis.com/sunrisesunset-32a25.firebasestorage.app/snapshots/5973565/1786376741318.jpg,sunset,2026-08-10 15:45:42.693175+00:00,0,webcam,
122320,29135072,gold,0.5,0.5,train,https://storage.googleapis.com/sunrisesunset-32a25.firebasestorage.app/snapshots/29135072/1786378554027.jpg,sunset,2026-08-10 16:15:54.367812+00:00,0,webcam,
122323,29051458,gold,0.0,0.0,train,https://storage.googleapis.com/sunrisesunset-32a25.firebasestorage.app/snapshots/29051458/1786379450252.jpg,sunset,2026-08-10 16:30:50.662283+00:00,0,webcam,
122324,331,gold,0.25,0.25,train,https://storage.googleapis.com/sunrisesunset-32a25.firebasestorage.app/snapshots/331/1786379453216.jpg,sunset,2026-08-10 16:30:53.532269+00:00,0,webcam,
122326,29224562,gold,0.75,0.75,train,https://storage.googleapis.com/sunrisesunset-32a25.firebasestorage.app/snapshots/29224562/1786380353193.jpg,sunset,2026-08-10 16:45:53.546310+00:00,0,webcam,
122328,15017506,gold,0.5,0.5,train,https://storage.googleapis.com/sunrisesunset-32a25.firebasestorage.app/snapshots/15017506/1786381298527.jpg,sunset,2026-08-10 17:01:39.643503+00:00,0,webcam,
122329,15017506,gold,0.5,0.5,train,https://storage.googleapis.com/sunrisesunset-32a25.firebasestorage.app/snapshots/15017506/1786382150233.jpg,sunset,2026-08-10 17:15:50.931016+00:00,0,webcam,
122330,29224562,gold,0.5,0.5,train,https://storage.googleapis.com/sunrisesunset-32a25.firebasestorage.app/snapshots/29224562/1786383053056.jpg,sunset,2026-08-10 17:30:53.640438+00:00,0,webcam,
122333,20868788,gold,0.5,0.5,train,https://storage.googleapis.com/sunrisesunset-32a25.firebasestorage.app/snapshots/20868788/1786384855429.jpg,sunset,2026-08-10 18:00:55.993131+00:00,0,webcam,
122335,28820838,gold,0.25,0.25,train,https://storage.googleapis.com/sunrisesunset-32a25.firebasestorage.app/snapshots/28820838/1786385750686.jpg,sunset,2026-08-10 18:15:51.081606+00:00,0,webcam,
122339,1336,gold,0.75,0.75,train,https://storage.googleapis.com/sunrisesunset-32a25.firebasestorage.app/snapshots/1336/1786388502467.jpg,sunset,2026-08-10 19:01:42.912149+00:00,0,webcam,
122350,24671280,gold,1.0,1.0,train,https://storage.googleapis.com/sunrisesunset-32a25.firebasestorage.app/snapshots/24671280/1786391173041.jpg,sunset,2026-08-10 19:46:13.490791+00:00,0,webcam,
122287,28952051,gold,0.0,0.0,train,https://storage.googleapis.com/sunrisesunset-32a25.firebasestorage.app/snapshots/28952051/1786357918344.jpg,sunset,2026-08-10 10:31:58.679216+00:00,0,webcam,
122288,10081819,gold,0.75,0.75,train,https://storage.googleapis.com/sunrisesunset-32a25.firebasestorage.app/snapshots/10081819/1786357917864.jpg,sunset,2026-08-10 10:31:58.732625+00:00,0,webcam,
122319,29135072,gold,0.25,0.25,train,https://storage.googleapis.com/sunrisesunset-32a25.firebasestorage.app/snapshots/29135072/1786377652498.jpg,sunset,2026-08-10 16:00:52.865336+00:00,0,webcam,
122327,331,gold,0.5,0.5,train,https://storage.googleapis.com/sunrisesunset-32a25.firebasestorage.app/snapshots/331/1786380353171.jpg,sunset,2026-08-10 16:45:53.549008+00:00,0,webcam,
122334,29029207,gold,0.5,0.5,train,https://storage.googleapis.com/sunrisesunset-32a25.firebasestorage.app/snapshots/29029207/1786384857725.jpg,sunset,2026-08-10 18:00:58.058222+00:00,0,webcam,
122353,28953955,gold,0.0,0.0,train,https://storage.googleapis.com/sunrisesunset-32a25.firebasestorage.app/snapshots/28953955/1786392077411.jpg,sunset,2026-08-10 20:01:17.753958+00:00,0,webcam,
122355,28751698,gold,0.75,0.75,train,https://storage.googleapis.com/sunrisesunset-32a25.firebasestorage.app/snapshots/28751698/1786392079625.jpg,sunset,2026-08-10 20:01:20.019636+00:00,0,webcam,
122356,29247968,gold,0.75,0.75,train,https://storage.googleapis.com/sunrisesunset-32a25.firebasestorage.app/snapshots/29247968/1786392946772.jpg,sunset,2026-08-10 20:15:47.294454+00:00,0,webcam,
122363,29247966,gold,0.0,0.0,train,https://storage.googleapis.com/sunrisesunset-32a25.firebasestorage.app/snapshots/29247966/1786393845180.jpg,sunset,2026-08-10 20:30:45.516410+00:00,0,webcam,
122364,29044963,gold,0.25,0.25,train,https://storage.googleapis.com/sunrisesunset-32a25.firebasestorage.app/snapshots/29044963/1786393845139.jpg,sunset,2026-08-10 20:30:45.554660+00:00,0,webcam,
122365,15939286,gold,0.5,0.5,train,https://storage.googleapis.com/sunrisesunset-32a25.firebasestorage.app/snapshots/15939286/1786393845199.jpg,sunset,2026-08-10 20:30:45.559930+00:00,0,webcam,
122369,29039317,gold,0.0,0.0,train,https://storage.googleapis.com/sunrisesunset-32a25.firebasestorage.app/snapshots/29039317/1786394755866.jpg,sunset,2026-08-10 20:45:56.360413+00:00,0,webcam,
122373,10122390,gold,0.5,0.5,train,https://storage.googleapis.com/sunrisesunset-32a25.firebasestorage.app/snapshots/10122390/1786395702550.jpg,sunset,2026-08-10 21:01:43.791402+00:00,0,webcam,
122379,931,gold,0.5,0.5,train,https://storage.googleapis.com/sunrisesunset-32a25.firebasestorage.app/snapshots/931/1786396564962.jpg,sunset,2026-08-10 21:16:05.291739+00:00,0,webcam,
122380,29022880,gold,0.25,0.25,train,https://storage.googleapis.com/sunrisesunset-32a25.firebasestorage.app/snapshots/29022880/1786396564678.jpg,sunset,2026-08-10 21:16:05.300094+00:00,0,webcam,
122381,29039317,gold,0.5,0.5,train,https://storage.googleapis.com/sunrisesunset-32a25.firebasestorage.app/snapshots/29039317/1786397459007.jpg,sunset,2026-08-10 21:30:59.547601+00:00,0,webcam,
122385,13588772,gold,0.25,0.25,train,https://storage.googleapis.com/sunrisesunset-32a25.firebasestorage.app/snapshots/13588772/1786398347645.jpg,sunset,2026-08-10 21:45:47.954201+00:00,0,webcam,
122393,9379772,gold,0.0,0.0,train,https://storage.googleapis.com/sunrisesunset-32a25.firebasestorage.app/snapshots/9379772/1786400157159.jpg,sunset,2026-08-10 22:15:58.318870+00:00,0,webcam,
122357,29053193,gold,0.25,0.25,train,https://storage.googleapis.com/sunrisesunset-32a25.firebasestorage.app/snapshots/29053193/1786392958255.jpg,sunset,2026-08-10 20:15:59.135313+00:00,0,webcam,
122383,29022880,gold,0.0,0.0,train,https://storage.googleapis.com/sunrisesunset-32a25.firebasestorage.app/snapshots/29022880/1786397463763.jpg,sunset,2026-08-10 21:31:04.445866+00:00,0,webcam,
122410,29168547,gold,1.0,1.0,train,https://storage.googleapis.com/sunrisesunset-32a25.firebasestorage.app/snapshots/29168547/1786403752724.jpg,sunset,2026-08-10 23:15:53.150641+00:00,0,webcam,
122371,931,gold,0.5,0.5,train,https://storage.googleapis.com/sunrisesunset-32a25.firebasestorage.app/snapshots/931/1786394762827.jpg,sunset,2026-08-10 20:46:03.126390+00:00,0,webcam,
122372,28992538,gold,0.25,0.25,train,https://storage.googleapis.com/sunrisesunset-32a25.firebasestorage.app/snapshots/28992538/1786394762845.jpg,sunset,2026-08-10 20:46:03.202107+00:00,0,webcam,
122377,24564388,gold,0.25,0.25,train,https://storage.googleapis.com/sunrisesunset-32a25.firebasestorage.app/snapshots/24564388/1786395722514.jpg,sunset,2026-08-10 21:02:02.853631+00:00,0,webcam,
122391,29039317,gold,0.0,0.0,train,https://storage.googleapis.com/sunrisesunset-32a25.firebasestorage.app/snapshots/29039317/1786399253090.jpg,sunset,2026-08-10 22:00:53.912159+00:00,0,webcam,
122402,29030753,gold,0.25,0.25,train,https://storage.googleapis.com/sunrisesunset-32a25.firebasestorage.app/snapshots/29030753/1786401956856.jpg,sunset,2026-08-10 22:45:57.155844+00:00,0,webcam,
122412,29208766,gold,0.25,0.25,train,https://storage.googleapis.com/sunrisesunset-32a25.firebasestorage.app/snapshots/29208766/1786404640705.jpg,sunset,2026-08-10 23:30:42.079868+00:00,0,webcam,
122418,8952830,gold,0.0,0.0,train,https://storage.googleapis.com/sunrisesunset-32a25.firebasestorage.app/snapshots/8952830/1786405558528.jpg,sunset,2026-08-10 23:45:58.886076+00:00,0,webcam,
122420,4752639,gold,0.75,0.75,train,https://storage.googleapis.com/sunrisesunset-32a25.firebasestorage.app/snapshots/4752639/1786406496309.jpg,sunset,2026-08-11 00:01:36.735651+00:00,0,webcam,
122443,29228195,gold,0.0,0.0,train,https://storage.googleapis.com/sunrisesunset-32a25.firebasestorage.app/snapshots/29228195/1786412759316.jpg,sunset,2026-08-11 01:45:59.777466+00:00,0,webcam,
122449,1792,gold,1.0,1.0,train,https://storage.googleapis.com/sunrisesunset-32a25.firebasestorage.app/snapshots/1792/1786414552207.jpg,sunset,2026-08-11 02:15:52.731048+00:00,0,webcam,
122451,5961510,gold,0.75,0.75,train,https://storage.googleapis.com/sunrisesunset-32a25.firebasestorage.app/snapshots/5961510/1786415496632.jpg,sunset,2026-08-11 02:31:38.097483+00:00,0,webcam,
122465,9797436,gold,0.75,0.75,train,https://storage.googleapis.com/sunrisesunset-32a25.firebasestorage.app/snapshots/9797436/1786417283118.jpg,sunset,2026-08-11 03:01:23.458518+00:00,0,webcam,
122438,28093409,gold,0.25,0.25,train,https://storage.googleapis.com/sunrisesunset-32a25.firebasestorage.app/snapshots/28093409/1786410112900.jpg,sunset,2026-08-11 01:01:53.517857+00:00,0,webcam,
122455,28326341,gold,0.75,0.75,train,https://storage.googleapis.com/sunrisesunset-32a25.firebasestorage.app/snapshots/28326341/1786415511506.jpg,sunset,2026-08-11 02:31:51.854456+00:00,0,webcam,
122425,28918600,gold,0.5,0.5,train,https://storage.googleapis.com/sunrisesunset-32a25.firebasestorage.app/snapshots/28918600/1786407356242.jpg,sunset,2026-08-11 00:15:57.142020+00:00,0,webcam,
122430,3168181,gold,0.0,0.0,train,https://storage.googleapis.com/sunrisesunset-32a25.firebasestorage.app/snapshots/3168181/1786408256084.jpg,sunset,2026-08-11 00:30:56.467400+00:00,0,webcam,
122453,1792,gold,0.75,0.75,train,https://storage.googleapis.com/sunrisesunset-32a25.firebasestorage.app/snapshots/1792/1786415506805.jpg,sunset,2026-08-11 02:31:47.139413+00:00,0,webcam,
122460,1792,gold,1.0,1.0,train,https://storage.googleapis.com/sunrisesunset-32a25.firebasestorage.app/snapshots/1792/1786416353137.jpg,sunset,2026-08-11 02:45:53.481382+00:00,0,webcam,
122471,9797436,gold,0.5,0.5,train,https://storage.googleapis.com/sunrisesunset-32a25.firebasestorage.app/snapshots/9797436/1786418157028.jpg,sunset,2026-08-11 03:15:57.344790+00:00,0,webcam,
122431,28918600,gold,0.75,0.75,train,https://storage.googleapis.com/sunrisesunset-32a25.firebasestorage.app/snapshots/28918600/1786408257984.jpg,sunset,2026-08-11 00:30:58.358665+00:00,0,webcam,
122462,28326341,gold,0.25,0.25,train,https://storage.googleapis.com/sunrisesunset-32a25.firebasestorage.app/snapshots/28326341/1786416359229.jpg,sunset,2026-08-11 02:45:59.525831+00:00,0,webcam,
122469,1792,gold,0.75,0.75,train,https://storage.googleapis.com/sunrisesunset-32a25.firebasestorage.app/snapshots/1792/1786418151078.jpg,sunset,2026-08-11 03:15:51.360579+00:00,0,webcam,
122479,7559,gold,0.0,0.0,train,https://storage.googleapis.com/sunrisesunset-32a25.firebasestorage.app/snapshots/7559/1786421747564.jpg,sunset,2026-08-11 04:15:48.279593+00:00,0,webcam,
122483,1792,gold,0.75,0.75,train,https://storage.googleapis.com/sunrisesunset-32a25.firebasestorage.app/snapshots/1792/1786423544450.jpg,sunset,2026-08-11 04:45:44.786669+00:00,0,webcam,
122484,25195019,gold,0.75,0.75,train,https://storage.googleapis.com/sunrisesunset-32a25.firebasestorage.app/snapshots/25195019/1786423550249.jpg,sunset,2026-08-11 04:45:50.567406+00:00,0,webcam,
122486,25195019,gold,0.75,0.75,train,https://storage.googleapis.com/sunrisesunset-32a25.firebasestorage.app/snapshots/25195019/1786424449793.jpg,sunset,2026-08-11 05:00:50.191671+00:00,0,webcam,
122487,21605540,gold,0.75,0.75,train,https://storage.googleapis.com/sunrisesunset-32a25.firebasestorage.app/snapshots/21605540/1786425349419.jpg,sunset,2026-08-11 05:15:49.808447+00:00,0,webcam,
122489,28980690,gold,0.25,0.25,train,https://storage.googleapis.com/sunrisesunset-32a25.firebasestorage.app/snapshots/28980690/1786426247890.jpg,sunset,2026-08-11 05:30:48.302398+00:00,0,webcam,
122504,2923203,gold,0.75,0.75,train,https://storage.googleapis.com/sunrisesunset-32a25.firebasestorage.app/snapshots/2923203/1786432550121.jpg,sunset,2026-08-11 07:15:50.460481+00:00,0,webcam,
122505,2923203,gold,0.5,0.5,train,https://storage.googleapis.com/sunrisesunset-32a25.firebasestorage.app/snapshots/2923203/1786433449471.jpg,sunset,2026-08-11 07:30:49.865829+00:00,0,webcam,
122507,8415550,gold,0.5,0.5,train,https://storage.googleapis.com/sunrisesunset-32a25.firebasestorage.app/snapshots/8415550/1786433450974.jpg,sunset,2026-08-11 07:30:51.439516+00:00,0,webcam,
122478,1792,gold,0.75,0.75,train,https://storage.googleapis.com/sunrisesunset-32a25.firebasestorage.app/snapshots/1792/1786421747861.jpg,sunset,2026-08-11 04:15:48.279068+00:00,0,webcam,
122491,5973565,gold,0.25,0.25,train,https://storage.googleapis.com/sunrisesunset-32a25.firebasestorage.app/snapshots/5973565/1786426250227.jpg,sunset,2026-08-11 05:30:50.696103+00:00,0,webcam,
122492,21605540,gold,0.25,0.25,train,https://storage.googleapis.com/sunrisesunset-32a25.firebasestorage.app/snapshots/21605540/1786426250606.jpg,sunset,2026-08-11 05:30:50.927838+00:00,0,webcam,
122509,14724533,gold,0.25,0.25,train,https://storage.googleapis.com/sunrisesunset-32a25.firebasestorage.app/snapshots/14724533/1786434356818.jpg,sunset,2026-08-11 07:45:57.119829+00:00,0,webcam,
122517,29252725,gold,0.0,0.0,train,https://storage.googleapis.com/sunrisesunset-32a25.firebasestorage.app/snapshots/29252725/1786436154351.jpg,sunset,2026-08-11 08:15:54.921183+00:00,0,webcam,
122525,15525812,gold,0.5,0.5,train,https://storage.googleapis.com/sunrisesunset-32a25.firebasestorage.app/snapshots/15525812/1786437951862.jpg,sunset,2026-08-11 08:45:52.660660+00:00,0,webcam,
122530,29044963,gold,0.0,0.0,train,https://storage.googleapis.com/sunrisesunset-32a25.firebasestorage.app/snapshots/29044963/1786438880417.jpg,sunset,2026-08-11 09:01:20.714257+00:00,0,webcam,
122538,8952830,gold,0.5,0.5,train,https://storage.googleapis.com/sunrisesunset-32a25.firebasestorage.app/snapshots/8952830/1786442500936.jpg,sunset,2026-08-11 10:01:42.369122+00:00,0,webcam,
122548,3794288,gold,0.5,0.5,train,https://storage.googleapis.com/sunrisesunset-32a25.firebasestorage.app/snapshots/3794288/1786444257495.jpg,sunset,2026-08-11 10:30:57.830497+00:00,0,webcam,
122559,27645536,gold,1.0,1.0,train,https://storage.googleapis.com/sunrisesunset-32a25.firebasestorage.app/snapshots/27645536/1786447845733.jpg,sunset,2026-08-11 11:30:46.127261+00:00,0,webcam,
122563,9797436,gold,0.75,0.75,train,https://storage.googleapis.com/sunrisesunset-32a25.firebasestorage.app/snapshots/9797436/1786448746202.jpg,sunset,2026-08-11 11:45:46.673434+00:00,0,webcam,
122564,27645536,gold,0.75,0.75,train,https://storage.googleapis.com/sunrisesunset-32a25.firebasestorage.app/snapshots/27645536/1786448746341.jpg,sunset,2026-08-11 11:45:46.746923+00:00,0,webcam,
122567,13588772,gold,0.0,0.0,train,https://storage.googleapis.com/sunrisesunset-32a25.firebasestorage.app/snapshots/13588772/1786448756861.jpg,sunset,2026-08-11 11:45:57.327142+00:00,0,webcam,
122527,29252999,gold,0.75,0.75,train,https://storage.googleapis.com/sunrisesunset-32a25.firebasestorage.app/snapshots/29252999/1786437955763.jpg,sunset,2026-08-11 08:45:56.051844+00:00,0,webcam,
122535,4523591,gold,0.0,0.0,train,https://storage.googleapis.com/sunrisesunset-32a25.firebasestorage.app/snapshots/4523591/1786440657328.jpg,sunset,2026-08-11 09:30:57.840935+00:00,0,webcam,
122544,10081819,gold,0.25,0.25,train,https://storage.googleapis.com/sunrisesunset-32a25.firebasestorage.app/snapshots/10081819/1786443365632.jpg,sunset,2026-08-11 10:16:05.967483+00:00,0,webcam,
122546,29144336,gold,0.75,0.75,train,https://storage.googleapis.com/sunrisesunset-32a25.firebasestorage.app/snapshots/29144336/1786443367476.jpg,sunset,2026-08-11 10:16:07.770916+00:00,0,webcam,
122547,7516880,gold,1.0,1.0,train,https://storage.googleapis.com/sunrisesunset-32a25.firebasestorage.app/snapshots/7516880/1786443367467.jpg,sunset,2026-08-11 10:16:08.017655+00:00,0,webcam,
122556,4599007,gold,0.5,0.5,train,https://storage.googleapis.com/sunrisesunset-32a25.firebasestorage.app/snapshots/4599007/1786445165991.jpg,sunset,2026-08-11 10:46:07.372061+00:00,0,webcam,
122566,29196434,gold,0.0,0.0,train,https://storage.googleapis.com/sunrisesunset-32a25.firebasestorage.app/snapshots/29196434/1786448752627.jpg,sunset,2026-08-11 11:45:52.961805+00:00,0,webcam,
122568,9797436,gold,0.25,0.25,train,https://storage.googleapis.com/sunrisesunset-32a25.firebasestorage.app/snapshots/9797436/1786449706688.jpg,sunset,2026-08-11 12:01:47.354540+00:00,0,webcam,
122551,10081819,gold,0.5,0.5,train,https://storage.googleapis.com/sunrisesunset-32a25.firebasestorage.app/snapshots/10081819/1786444264599.jpg,sunset,2026-08-11 10:31:04.958328+00:00,0,webcam,
122552,28952051,gold,0.25,0.25,train,https://storage.googleapis.com/sunrisesunset-32a25.firebasestorage.app/snapshots/28952051/1786444264637.jpg,sunset,2026-08-11 10:31:04.966626+00:00,0,webcam,
122570,29196434,gold,0.0,0.0,train,https://storage.googleapis.com/sunrisesunset-32a25.firebasestorage.app/snapshots/29196434/1786449711225.jpg,sunset,2026-08-11 12:01:51.500552+00:00,0,webcam,
122553,29144336,gold,0.0,0.0,train,https://storage.googleapis.com/sunrisesunset-32a25.firebasestorage.app/snapshots/29144336/1786444266357.jpg,sunset,2026-08-11 10:31:06.648547+00:00,0,webcam,
122573,29196434,gold,0.0,0.0,train,https://storage.googleapis.com/sunrisesunset-32a25.firebasestorage.app/snapshots/29196434/1786450546884.jpg,sunset,2026-08-11 12:15:47.410476+00:00,0,webcam,
122590,4748889,gold,0.75,0.75,train,https://storage.googleapis.com/sunrisesunset-32a25.firebasestorage.app/snapshots/4748889/1786458642918.jpg,sunset,2026-08-11 14:30:43.302532+00:00,0,webcam,
122592,21605540,gold,0.75,0.75,train,https://storage.googleapis.com/sunrisesunset-32a25.firebasestorage.app/snapshots/21605540/1786463143127.jpg,sunset,2026-08-11 15:45:43.542473+00:00,0,webcam,
122598,29051458,gold,0.5,0.5,train,https://storage.googleapis.com/sunrisesunset-32a25.firebasestorage.app/snapshots/29051458/1786464947502.jpg,sunset,2026-08-11 16:15:48.098500+00:00,0,webcam,
122599,29135072,gold,0.25,0.25,train,https://storage.googleapis.com/sunrisesunset-32a25.firebasestorage.app/snapshots/29135072/1786464948070.jpg,sunset,2026-08-11 16:15:48.409753+00:00,0,webcam,
122600,331,gold,0.0,0.0,train,https://storage.googleapis.com/sunrisesunset-32a25.firebasestorage.app/snapshots/331/1786465898815.jpg,sunset,2026-08-11 16:31:39.204653+00:00,0,webcam,
122601,29224562,gold,0.75,0.75,train,https://storage.googleapis.com/sunrisesunset-32a25.firebasestorage.app/snapshots/29224562/1786466746894.jpg,sunset,2026-08-11 16:45:47.263779+00:00,0,webcam,
122609,29029207,gold,0.75,0.75,train,https://storage.googleapis.com/sunrisesunset-32a25.firebasestorage.app/snapshots/29029207/1786469448875.jpg,sunset,2026-08-11 17:30:49.827691+00:00,0,webcam,
122574,2921338,gold,0.25,0.25,train,https://storage.googleapis.com/sunrisesunset-32a25.firebasestorage.app/snapshots/2921338/1786450548903.jpg,sunset,2026-08-11 12:15:49.194403+00:00,0,webcam,
122593,19441648,gold,0.5,0.5,train,https://storage.googleapis.com/sunrisesunset-32a25.firebasestorage.app/snapshots/19441648/1786463149196.jpg,sunset,2026-08-11 15:45:49.560657+00:00,0,webcam,
122603,331,gold,0.5,0.5,train,https://storage.googleapis.com/sunrisesunset-32a25.firebasestorage.app/snapshots/331/1786466750959.jpg,sunset,2026-08-11 16:45:51.274277+00:00,0,webcam,
122608,29224562,gold,0.75,0.75,train,https://storage.googleapis.com/sunrisesunset-32a25.firebasestorage.app/snapshots/29224562/1786468548155.jpg,sunset,2026-08-11 17:15:48.498393+00:00,0,webcam,
122611,6257085,gold,0.75,0.75,train,https://storage.googleapis.com/sunrisesunset-32a25.firebasestorage.app/snapshots/6257085/1786470351720.jpg,sunset,2026-08-11 17:45:52.352627+00:00,0,webcam,
122612,29029207,gold,0.0,0.0,train,https://storage.googleapis.com/sunrisesunset-32a25.firebasestorage.app/snapshots/29029207/1786470352264.jpg,sunset,2026-08-11 17:45:52.596385+00:00,0,webcam,
122613,20868788,gold,0.5,0.5,train,https://storage.googleapis.com/sunrisesunset-32a25.firebasestorage.app/snapshots/20868788/1786471304606.jpg,sunset,2026-08-11 18:01:45.726265+00:00,0,webcam,
122615,29052054,gold,0.5,0.5,train,https://storage.googleapis.com/sunrisesunset-32a25.firebasestorage.app/snapshots/29052054/1786473055793.jpg,sunset,2026-08-11 18:30:56.188358+00:00,0,webcam,
122616,1336,gold,0.5,0.5,train,https://storage.googleapis.com/sunrisesunset-32a25.firebasestorage.app/snapshots/1336/1786473943732.jpg,sunset,2026-08-11 18:45:44.125413+00:00,0,webcam,
122617,29232682,gold,1.0,1.0,train,https://storage.googleapis.com/sunrisesunset-32a25.firebasestorage.app/snapshots/29232682/1786473955296.jpg,sunset,2026-08-11 18:45:55.612036+00:00,0,webcam,
122620,28952051,gold,0.5,0.5,train,https://storage.googleapis.com/sunrisesunset-32a25.firebasestorage.app/snapshots/28952051/1786476695989.jpg,sunset,2026-08-11 19:31:36.360333+00:00,0,webcam,
122640,29053193,gold,0.25,0.25,train,https://storage.googleapis.com/sunrisesunset-32a25.firebasestorage.app/snapshots/29053193/1786479361799.jpg,sunset,2026-08-11 20:16:02.165230+00:00,0,webcam,
122623,28864023,gold,0.75,0.75,train,https://storage.googleapis.com/sunrisesunset-32a25.firebasestorage.app/snapshots/28864023/1786476706590.jpg,sunset,2026-08-11 19:31:46.889767+00:00,0,webcam,
122658,29022880,gold,0.75,0.75,train,https://storage.googleapis.com/sunrisesunset-32a25.firebasestorage.app/snapshots/29022880/1786482967000.jpg,sunset,2026-08-11 21:16:07.461163+00:00,0,webcam,
122661,13588772,gold,0.5,0.5,train,https://storage.googleapis.com/sunrisesunset-32a25.firebasestorage.app/snapshots/13588772/1786484747202.jpg,sunset,2026-08-11 21:45:47.531366+00:00,0,webcam,
122630,28864023,gold,0.5,0.5,train,https://storage.googleapis.com/sunrisesunset-32a25.firebasestorage.app/snapshots/28864023/1786477562836.jpg,sunset,2026-08-11 19:46:03.118094+00:00,0,webcam,
122632,24671280,gold,1.0,1.0,train,https://storage.googleapis.com/sunrisesunset-32a25.firebasestorage.app/snapshots/24671280/1786477563512.jpg,sunset,2026-08-11 19:46:03.867954+00:00,0,webcam,
122646,28992538,gold,0.5,0.5,train,https://storage.googleapis.com/sunrisesunset-32a25.firebasestorage.app/snapshots/28992538/1786480311573.jpg,sunset,2026-08-11 20:31:51.866972+00:00,0,webcam,
122650,28992538,gold,0.25,0.25,train,https://storage.googleapis.com/sunrisesunset-32a25.firebasestorage.app/snapshots/28992538/1786481157100.jpg,sunset,2026-08-11 20:45:57.648733+00:00,0,webcam,
122663,29144336,gold,0.0,0.0,train,https://storage.googleapis.com/sunrisesunset-32a25.firebasestorage.app/snapshots/29144336/1786485699619.jpg,sunset,2026-08-11 22:01:40.304761+00:00,0,webcam,
122673,23945173,gold,0.75,0.75,train,https://storage.googleapis.com/sunrisesunset-32a25.firebasestorage.app/snapshots/23945173/1786488362141.jpg,sunset,2026-08-11 22:46:03.341785+00:00,0,webcam,
122676,29168547,gold,1.0,1.0,train,https://storage.googleapis.com/sunrisesunset-32a25.firebasestorage.app/snapshots/29168547/1786490213819.jpg,sunset,2026-08-11 23:16:54.207943+00:00,0,webcam,
122682,29184277,gold,0.25,0.25,train,https://storage.googleapis.com/sunrisesunset-32a25.firebasestorage.app/snapshots/29184277/1786491952192.jpg,sunset,2026-08-11 23:45:53.937372+00:00,0,webcam,
122684,4752639,gold,0.75,0.75,train,https://storage.googleapis.com/sunrisesunset-32a25.firebasestorage.app/snapshots/4752639/1786492846124.jpg,sunset,2026-08-12 00:00:46.492071+00:00,0,webcam,
122696,29184277,gold,0.25,0.25,train,https://storage.googleapis.com/sunrisesunset-32a25.firebasestorage.app/snapshots/29184277/1786495552855.jpg,sunset,2026-08-12 00:45:53.155244+00:00,0,webcam,
122708,9212,gold,0.0,0.0,train,https://storage.googleapis.com/sunrisesunset-32a25.firebasestorage.app/snapshots/9212/1786499153747.jpg,sunset,2026-08-12 01:45:54.137139+00:00,0,webcam,
122683,8952830,gold,0.0,0.0,train,https://storage.googleapis.com/sunrisesunset-32a25.firebasestorage.app/snapshots/8952830/1786491955440.jpg,sunset,2026-08-11 23:45:55.815103+00:00,0,webcam,
122685,29184277,gold,0.25,0.25,train,https://storage.googleapis.com/sunrisesunset-32a25.firebasestorage.app/snapshots/29184277/1786492854265.jpg,sunset,2026-08-12 00:00:54.609163+00:00,0,webcam,
122686,25685576,gold,0.0,0.0,train,https://storage.googleapis.com/sunrisesunset-32a25.firebasestorage.app/snapshots/25685576/1786492854772.jpg,sunset,2026-08-12 00:00:55.665076+00:00,0,webcam,
122694,9766160,gold,0.25,0.25,train,https://storage.googleapis.com/sunrisesunset-32a25.firebasestorage.app/snapshots/9766160/1786495549419.jpg,sunset,2026-08-12 00:45:49.808156+00:00,0,webcam,
122707,9212,gold,0.5,0.5,train,https://storage.googleapis.com/sunrisesunset-32a25.firebasestorage.app/snapshots/9212/1786498316345.jpg,sunset,2026-08-12 01:31:56.857762+00:00,0,webcam,
122713,29040131,gold,0.5,0.5,train,https://storage.googleapis.com/sunrisesunset-32a25.firebasestorage.app/snapshots/29040131/1786500962367.jpg,sunset,2026-08-12 02:16:02.926596+00:00,0,webcam,
122702,3782492,gold,0.25,0.25,train,https://storage.googleapis.com/sunrisesunset-32a25.firebasestorage.app/snapshots/3782492/1786496453193.jpg,sunset,2026-08-12 01:00:53.518161+00:00,0,webcam,
122719,2921377,gold,0.25,0.25,train,https://storage.googleapis.com/sunrisesunset-32a25.firebasestorage.app/snapshots/2921377/1786501858870.jpg,sunset,2026-08-12 02:30:59.393300+00:00,0,webcam,
122720,5961510,gold,0.75,0.75,train,https://storage.googleapis.com/sunrisesunset-32a25.firebasestorage.app/snapshots/5961510/1786502742741.jpg,sunset,2026-08-12 02:45:44.116092+00:00,0,webcam,
122729,7495853,gold,1.0,1.0,train,https://storage.googleapis.com/sunrisesunset-32a25.firebasestorage.app/snapshots/7495853/1786503798740.jpg,sunset,2026-08-12 03:03:19.075637+00:00,0,webcam,
122733,7495853,gold,1.0,1.0,train,https://storage.googleapis.com/sunrisesunset-32a25.firebasestorage.app/snapshots/7495853/1786504546601.jpg,sunset,2026-08-12 03:15:47.128198+00:00,0,webcam,
122734,28428848,gold,1.0,1.0,train,https://storage.googleapis.com/sunrisesunset-32a25.firebasestorage.app/snapshots/28428848/1786504546582.jpg,sunset,2026-08-12 03:15:47.268954+00:00,0,webcam,
122736,28820838,gold,0.75,0.75,train,https://storage.googleapis.com/sunrisesunset-32a25.firebasestorage.app/snapshots/28820838/1786505443469.jpg,sunset,2026-08-12 03:30:43.818981+00:00,0,webcam,
122757,331,gold,0.75,0.75,train,https://storage.googleapis.com/sunrisesunset-32a25.firebasestorage.app/snapshots/331/1786509942929.jpg,sunset,2026-08-12 04:45:43.295235+00:00,0,webcam,
122762,7559,gold,0.5,0.5,train,https://storage.googleapis.com/sunrisesunset-32a25.firebasestorage.app/snapshots/7559/1786510899823.jpg,sunset,2026-08-12 05:01:40.327886+00:00,0,webcam,
122765,28980690,gold,1.0,1.0,train,https://storage.googleapis.com/sunrisesunset-32a25.firebasestorage.app/snapshots/28980690/1786511751476.jpg,sunset,2026-08-12 05:15:52.198159+00:00,0,webcam,
122772,29022880,gold,0.25,0.25,train,https://storage.googleapis.com/sunrisesunset-32a25.firebasestorage.app/snapshots/29022880/1786515342384.jpg,sunset,2026-08-12 06:15:42.866292+00:00,0,webcam,
122722,7495853,gold,0.75,0.75,train,https://storage.googleapis.com/sunrisesunset-32a25.firebasestorage.app/snapshots/7495853/1786502747319.jpg,sunset,2026-08-12 02:45:47.698707+00:00,0,webcam,
122732,29048102,gold,0.75,0.75,train,https://storage.googleapis.com/sunrisesunset-32a25.firebasestorage.app/snapshots/29048102/1786503807319.jpg,sunset,2026-08-12 03:03:27.912631+00:00,0,webcam,
122737,3793247,gold,0.25,0.25,train,https://storage.googleapis.com/sunrisesunset-32a25.firebasestorage.app/snapshots/3793247/1786505448889.jpg,sunset,2026-08-12 03:30:50.042409+00:00,0,webcam,
122738,10817222,gold,0.75,0.75,train,https://storage.googleapis.com/sunrisesunset-32a25.firebasestorage.app/snapshots/10817222/1786505452622.jpg,sunset,2026-08-12 03:30:52.929364+00:00,0,webcam,
122741,3793247,gold,0.0,0.0,train,https://storage.googleapis.com/sunrisesunset-32a25.firebasestorage.app/snapshots/3793247/1786506351512.jpg,sunset,2026-08-12 03:45:51.805509+00:00,0,webcam,
122764,7559,gold,0.75,0.75,train,https://storage.googleapis.com/sunrisesunset-32a25.firebasestorage.app/snapshots/7559/1786511745266.jpg,sunset,2026-08-12 05:15:45.615885+00:00,0,webcam,
122767,5973565,gold,0.5,0.5,train,https://storage.googleapis.com/sunrisesunset-32a25.firebasestorage.app/snapshots/5973565/1786512648654.jpg,sunset,2026-08-12 05:30:49.030015+00:00,0,webcam,
122727,29048102,gold,0.5,0.5,train,https://storage.googleapis.com/sunrisesunset-32a25.firebasestorage.app/snapshots/29048102/1786502760193.jpg,sunset,2026-08-12 02:46:00.525255+00:00,0,webcam,
122739,26263950,gold,0.25,0.25,train,https://storage.googleapis.com/sunrisesunset-32a25.firebasestorage.app/snapshots/26263950/1786505453592.jpg,sunset,2026-08-12 03:30:54.472501+00:00,0,webcam,
122746,3793247,gold,0.0,0.0,train,https://storage.googleapis.com/sunrisesunset-32a25.firebasestorage.app/snapshots/3793247/1786507299349.jpg,sunset,2026-08-12 04:01:39.876069+00:00,0,webcam,
122749,7559,gold,0.5,0.5,train,https://storage.googleapis.com/sunrisesunset-32a25.firebasestorage.app/snapshots/7559/1786508147465.jpg,sunset,2026-08-12 04:15:47.755661+00:00,0,webcam,
122753,7559,gold,0.25,0.25,train,https://storage.googleapis.com/sunrisesunset-32a25.firebasestorage.app/snapshots/7559/1786509099002.jpg,sunset,2026-08-12 04:31:39.354323+00:00,0,webcam,
122785,28886023,gold,0.25,0.25,train,https://storage.googleapis.com/sunrisesunset-32a25.firebasestorage.app/snapshots/28886023/1786522554298.jpg,sunset,2026-08-12 08:15:54.704942+00:00,0,webcam,
122787,29247886,gold,0.75,0.75,train,https://storage.googleapis.com/sunrisesunset-32a25.firebasestorage.app/snapshots/29247886/1786522554283.jpg,sunset,2026-08-12 08:15:54.778921+00:00,0,webcam,
122793,29260691,gold,1.0,1.0,train,https://storage.googleapis.com/sunrisesunset-32a25.firebasestorage.app/snapshots/29260691/1786524356400.jpg,sunset,2026-08-12 08:45:56.726817+00:00,0,webcam,
122795,28065365,gold,0.75,0.75,train,https://storage.googleapis.com/sunrisesunset-32a25.firebasestorage.app/snapshots/28065365/1786524356505.jpg,sunset,2026-08-12 08:45:56.844794+00:00,0,webcam,
122803,5471,gold,0.25,0.25,train,https://storage.googleapis.com/sunrisesunset-32a25.firebasestorage.app/snapshots/5471/1786527943611.jpg,sunset,2026-08-12 09:45:45.060072+00:00,0,webcam,
122755,25195019,gold,0.75,0.75,train,https://storage.googleapis.com/sunrisesunset-32a25.firebasestorage.app/snapshots/25195019/1786509104409.jpg,sunset,2026-08-12 04:31:44.716804+00:00,0,webcam,
122760,322,gold,0.5,0.5,train,https://storage.googleapis.com/sunrisesunset-32a25.firebasestorage.app/snapshots/322/1786509951716.jpg,sunset,2026-08-12 04:45:52.414560+00:00,0,webcam,
122761,25195019,gold,0.75,0.75,train,https://storage.googleapis.com/sunrisesunset-32a25.firebasestorage.app/snapshots/25195019/1786509952316.jpg,sunset,2026-08-12 04:45:52.599074+00:00,0,webcam,
122808,8952830,gold,0.75,0.75,train,https://storage.googleapis.com/sunrisesunset-32a25.firebasestorage.app/snapshots/8952830/1786528906161.jpg,sunset,2026-08-12 10:01:46.545780+00:00,0,webcam,
122811,29144336,gold,0.75,0.75,train,https://storage.googleapis.com/sunrisesunset-32a25.firebasestorage.app/snapshots/29144336/1786528918207.jpg,sunset,2026-08-12 10:01:58.516229+00:00,0,webcam,
122779,2921318,gold,0.5,0.5,train,https://storage.googleapis.com/sunrisesunset-32a25.firebasestorage.app/snapshots/2921318/1786518101734.jpg,sunset,2026-08-12 07:01:42.092489+00:00,0,webcam,
122810,28794621,gold,0.75,0.75,train,https://storage.googleapis.com/sunrisesunset-32a25.firebasestorage.app/snapshots/28794621/1786528917077.jpg,sunset,2026-08-12 10:01:57.616156+00:00,0,webcam,
122813,28794621,gold,0.75,0.75,train,https://storage.googleapis.com/sunrisesunset-32a25.firebasestorage.app/snapshots/28794621/1786529760827.jpg,sunset,2026-08-12 10:16:01.669954+00:00,0,webcam,
122817,29092660,gold,0.5,0.5,train,https://storage.googleapis.com/sunrisesunset-32a25.firebasestorage.app/snapshots/29092660/1786530648967.jpg,sunset,2026-08-12 10:30:49.312523+00:00,0,webcam,
122823,9379772,gold,0.75,0.75,train,https://storage.googleapis.com/sunrisesunset-32a25.firebasestorage.app/snapshots/9379772/1786531542345.jpg,sunset,2026-08-12 10:45:42.943521+00:00,0,webcam,
122830,28794621,gold,1.0,1.0,train,https://storage.googleapis.com/sunrisesunset-32a25.firebasestorage.app/snapshots/28794621/1786532503813.jpg,sunset,2026-08-12 11:01:44.493945+00:00,0,webcam,
122834,27645536,gold,0.5,0.5,train,https://storage.googleapis.com/sunrisesunset-32a25.firebasestorage.app/snapshots/27645536/1786535145631.jpg,sunset,2026-08-12 11:45:46.162274+00:00,0,webcam,
122852,331,gold,0.25,0.25,train,https://storage.googleapis.com/sunrisesunset-32a25.firebasestorage.app/snapshots/331/1786553148190.jpg,sunset,2026-08-12 16:45:48.571098+00:00,0,webcam,
122855,29224562,gold,0.75,0.75,train,https://storage.googleapis.com/sunrisesunset-32a25.firebasestorage.app/snapshots/29224562/1786555846125.jpg,sunset,2026-08-12 17:30:46.541121+00:00,0,webcam,
122814,29144336,gold,0.25,0.25,train,https://storage.googleapis.com/sunrisesunset-32a25.firebasestorage.app/snapshots/29144336/1786529761318.jpg,sunset,2026-08-12 10:16:01.671687+00:00,0,webcam,
122818,28794621,gold,0.75,0.75,train,https://storage.googleapis.com/sunrisesunset-32a25.firebasestorage.app/snapshots/28794621/1786530655982.jpg,sunset,2026-08-12 10:30:56.488130+00:00,0,webcam,
122824,28794621,gold,0.25,0.25,train,https://storage.googleapis.com/sunrisesunset-32a25.firebasestorage.app/snapshots/28794621/1786531555007.jpg,sunset,2026-08-12 10:45:55.499638+00:00,0,webcam,
122835,26013518,gold,0.5,0.5,train,https://storage.googleapis.com/sunrisesunset-32a25.firebasestorage.app/snapshots/26013518/1786535145790.jpg,sunset,2026-08-12 11:45:46.180944+00:00,0,webcam,
122839,12586,gold,0.25,0.25,train,https://storage.googleapis.com/sunrisesunset-32a25.firebasestorage.app/snapshots/12586/1786536049272.jpg,sunset,2026-08-12 12:00:50.012939+00:00,0,webcam,
122822,7516880,gold,0.75,0.75,train,https://storage.googleapis.com/sunrisesunset-32a25.firebasestorage.app/snapshots/7516880/1786530657920.jpg,sunset,2026-08-12 10:30:58.217453+00:00,0,webcam,
122826,28296051,gold,0.25,0.25,train,https://storage.googleapis.com/sunrisesunset-32a25.firebasestorage.app/snapshots/28296051/1786531556665.jpg,sunset,2026-08-12 10:45:57.135588+00:00,0,webcam,
122828,29246283,gold,0.5,0.5,train,https://storage.googleapis.com/sunrisesunset-32a25.firebasestorage.app/snapshots/29246283/1786531557942.jpg,sunset,2026-08-12 10:45:58.254776+00:00,0,webcam,
122858,6257085,gold,0.75,0.75,train,https://storage.googleapis.com/sunrisesunset-32a25.firebasestorage.app/snapshots/6257085/1786556756188.jpg,sunset,2026-08-12 17:45:56.820133+00:00,0,webcam,
122861,28794621,gold,0.0,0.0,train,https://storage.googleapis.com/sunrisesunset-32a25.firebasestorage.app/snapshots/28794621/1786559445895.jpg,sunset,2026-08-12 18:30:46.345063+00:00,0,webcam,
122864,7400374,gold,0.0,0.0,train,https://storage.googleapis.com/sunrisesunset-32a25.firebasestorage.app/snapshots/7400374/1786561248057.jpg,sunset,2026-08-12 19:00:49.068509+00:00,0,webcam,
122870,28952051,gold,0.5,0.5,train,https://storage.googleapis.com/sunrisesunset-32a25.firebasestorage.app/snapshots/28952051/1786563099596.jpg,sunset,2026-08-12 19:31:39.965773+00:00,0,webcam,
122894,29247966,gold,0.0,0.0,train,https://storage.googleapis.com/sunrisesunset-32a25.firebasestorage.app/snapshots/29247966/1786566643266.jpg,sunset,2026-08-12 20:30:43.643959+00:00,0,webcam,
122869,28833981,gold,0.5,0.5,train,https://storage.googleapis.com/sunrisesunset-32a25.firebasestorage.app/snapshots/28833981/1786562156117.jpg,sunset,2026-08-12 19:15:56.614038+00:00,0,webcam,
122902,28961840,gold,0.75,0.75,train,https://storage.googleapis.com/sunrisesunset-32a25.firebasestorage.app/snapshots/28961840/1786567544085.jpg,sunset,2026-08-12 20:45:44.441836+00:00,0,webcam,
122879,24671280,gold,1.0,1.0,train,https://storage.googleapis.com/sunrisesunset-32a25.firebasestorage.app/snapshots/24671280/1786563959052.jpg,sunset,2026-08-12 19:45:59.490029+00:00,0,webcam,
122880,17923366,gold,1.0,1.0,train,https://storage.googleapis.com/sunrisesunset-32a25.firebasestorage.app/snapshots/17923366/1786563958818.jpg,sunset,2026-08-12 19:45:59.562571+00:00,0,webcam,
122892,28992538,gold,0.5,0.5,train,https://storage.googleapis.com/sunrisesunset-32a25.firebasestorage.app/snapshots/28992538/1786565760264.jpg,sunset,2026-08-12 20:16:01.099779+00:00,0,webcam,
122898,28992538,gold,0.75,0.75,train,https://storage.googleapis.com/sunrisesunset-32a25.firebasestorage.app/snapshots/28992538/1786566658276.jpg,sunset,2026-08-12 20:30:58.964330+00:00,0,webcam,
122899,29060876,gold,1.0,1.0,train,https://storage.googleapis.com/sunrisesunset-32a25.firebasestorage.app/snapshots/29060876/1786566658653.jpg,sunset,2026-08-12 20:30:58.970095+00:00,0,webcam,
122908,24564388,gold,0.5,0.5,train,https://storage.googleapis.com/sunrisesunset-32a25.firebasestorage.app/snapshots/24564388/1786568511700.jpg,sunset,2026-08-12 21:01:52.124001+00:00,0,webcam,
122900,8224605,gold,0.75,0.75,train,https://storage.googleapis.com/sunrisesunset-32a25.firebasestorage.app/snapshots/8224605/1786566659997.jpg,sunset,2026-08-12 20:31:00.416359+00:00,0,webcam,
122905,28804845,gold,0.25,0.25,train,https://storage.googleapis.com/sunrisesunset-32a25.firebasestorage.app/snapshots/28804845/1786567558143.jpg,sunset,2026-08-12 20:45:58.437191+00:00,0,webcam,
122939,598510,gold,0.0,0.0,train,https://storage.googleapis.com/sunrisesunset-32a25.firebasestorage.app/snapshots/598510/1786577453374.jpg,sunset,2026-08-12 23:30:54.001678+00:00,0,webcam,
122943,4752639,gold,0.75,0.75,train,https://storage.googleapis.com/sunrisesunset-32a25.firebasestorage.app/snapshots/4752639/1786579244073.jpg,sunset,2026-08-13 00:00:44.506883+00:00,0,webcam,
122948,28918600,gold,0.5,0.5,train,https://storage.googleapis.com/sunrisesunset-32a25.firebasestorage.app/snapshots/28918600/1786581052016.jpg,sunset,2026-08-13 00:30:53.331134+00:00,0,webcam,
122958,12451,gold,0.75,0.75,train,https://storage.googleapis.com/sunrisesunset-32a25.firebasestorage.app/snapshots/12451/1786583757965.jpg,sunset,2026-08-13 01:15:58.413334+00:00,0,webcam,
122964,28482880,gold,0.75,0.75,train,https://storage.googleapis.com/sunrisesunset-32a25.firebasestorage.app/snapshots/28482880/1786586456618.jpg,sunset,2026-08-13 02:00:57.625259+00:00,0,webcam,
122919,29264393,gold,0.25,0.25,train,https://storage.googleapis.com/sunrisesunset-32a25.firebasestorage.app/snapshots/29264393/1786572106087.jpg,sunset,2026-08-12 22:01:46.564715+00:00,0,webcam,
122930,29030753,gold,0.75,0.75,train,https://storage.googleapis.com/sunrisesunset-32a25.firebasestorage.app/snapshots/29030753/1786574756272.jpg,sunset,2026-08-12 22:45:56.637712+00:00,0,webcam,
122938,28955461,gold,0.5,0.5,train,https://storage.googleapis.com/sunrisesunset-32a25.firebasestorage.app/snapshots/28955461/1786576553741.jpg,sunset,2026-08-12 23:15:54.047328+00:00,0,webcam,
122946,28918600,gold,0.5,0.5,train,https://storage.googleapis.com/sunrisesunset-32a25.firebasestorage.app/snapshots/28918600/1786580151957.jpg,sunset,2026-08-13 00:15:52.671785+00:00,0,webcam,
122947,25685576,gold,0.0,0.0,train,https://storage.googleapis.com/sunrisesunset-32a25.firebasestorage.app/snapshots/25685576/1786580154120.jpg,sunset,2026-08-13 00:15:54.430076+00:00,0,webcam,
122957,3782492,gold,1.0,1.0,train,https://storage.googleapis.com/sunrisesunset-32a25.firebasestorage.app/snapshots/3782492/1786583754646.jpg,sunset,2026-08-13 01:15:55.461765+00:00,0,webcam,
122963,11859,gold,0.0,0.0,train,https://storage.googleapis.com/sunrisesunset-32a25.firebasestorage.app/snapshots/11859/1786585558035.jpg,sunset,2026-08-13 01:45:58.335653+00:00,0,webcam,
122961,23499737,gold,1.0,1.0,train,https://storage.googleapis.com/sunrisesunset-32a25.firebasestorage.app/snapshots/23499737/1786584658716.jpg,sunset,2026-08-13 01:30:59.048281+00:00,0,webcam,
122912,29022880,gold,0.25,0.25,train,https://storage.googleapis.com/sunrisesunset-32a25.firebasestorage.app/snapshots/29022880/1786569357325.jpg,sunset,2026-08-12 21:15:57.891709+00:00,0,webcam,
122969,28326341,gold,0.25,0.25,train,https://storage.googleapis.com/sunrisesunset-32a25.firebasestorage.app/snapshots/28326341/1786587359351.jpg,sunset,2026-08-13 02:15:59.648372+00:00,0,webcam,
122973,5961510,gold,0.5,0.5,train,https://storage.googleapis.com/sunrisesunset-32a25.firebasestorage.app/snapshots/5961510/1786589142093.jpg,sunset,2026-08-13 02:45:42.805061+00:00,0,webcam,
122978,7495853,gold,0.75,0.75,train,https://storage.googleapis.com/sunrisesunset-32a25.firebasestorage.app/snapshots/7495853/1786590046131.jpg,sunset,2026-08-13 03:00:46.654739+00:00,0,webcam,
122982,7495853,gold,0.75,0.75,train,https://storage.googleapis.com/sunrisesunset-32a25.firebasestorage.app/snapshots/7495853/1786590947008.jpg,sunset,2026-08-13 03:15:47.519828+00:00,0,webcam,
122984,28820838,gold,0.5,0.5,train,https://storage.googleapis.com/sunrisesunset-32a25.firebasestorage.app/snapshots/28820838/1786591894620.jpg,sunset,2026-08-13 03:31:34.991934+00:00,0,webcam,
122987,29068491,gold,0.25,0.25,train,https://storage.googleapis.com/sunrisesunset-32a25.firebasestorage.app/snapshots/29068491/1786591896420.jpg,sunset,2026-08-13 03:31:36.716202+00:00,0,webcam,
122993,29146169,gold,0.5,0.5,train,https://storage.googleapis.com/sunrisesunset-32a25.firebasestorage.app/snapshots/29146169/1786593702790.jpg,sunset,2026-08-13 04:01:43.493056+00:00,0,webcam,
123001,29256383,gold,0.75,0.75,train,https://storage.googleapis.com/sunrisesunset-32a25.firebasestorage.app/snapshots/29256383/1786596342538.jpg,sunset,2026-08-13 04:45:43.388382+00:00,0,webcam,
123005,25195019,gold,0.75,0.75,train,https://storage.googleapis.com/sunrisesunset-32a25.firebasestorage.app/snapshots/25195019/1786596351561.jpg,sunset,2026-08-13 04:45:52.005969+00:00,0,webcam,
123006,28980690,gold,0.75,0.75,train,https://storage.googleapis.com/sunrisesunset-32a25.firebasestorage.app/snapshots/28980690/1786598148449.jpg,sunset,2026-08-13 05:15:48.946997+00:00,0,webcam,
122971,28326341,gold,0.5,0.5,train,https://storage.googleapis.com/sunrisesunset-32a25.firebasestorage.app/snapshots/28326341/1786588257038.jpg,sunset,2026-08-13 02:30:57.334738+00:00,0,webcam,
122975,7495853,gold,0.75,0.75,train,https://storage.googleapis.com/sunrisesunset-32a25.firebasestorage.app/snapshots/7495853/1786589145607.jpg,sunset,2026-08-13 02:45:45.938649+00:00,0,webcam,
122985,29046503,gold,1.0,1.0,train,https://storage.googleapis.com/sunrisesunset-32a25.firebasestorage.app/snapshots/29046503/1786591895166.jpg,sunset,2026-08-13 03:31:35.585198+00:00,0,webcam,
123000,25195019,gold,0.75,0.75,train,https://storage.googleapis.com/sunrisesunset-32a25.firebasestorage.app/snapshots/25195019/1786595450013.jpg,sunset,2026-08-13 04:30:50.319366+00:00,0,webcam,
122972,2921377,gold,0.25,0.25,train,https://storage.googleapis.com/sunrisesunset-32a25.firebasestorage.app/snapshots/2921377/1786588258492.jpg,sunset,2026-08-13 02:30:58.806406+00:00,0,webcam,
122991,3793247,gold,0.25,0.25,train,https://storage.googleapis.com/sunrisesunset-32a25.firebasestorage.app/snapshots/3793247/1786592752659.jpg,sunset,2026-08-13 03:45:53.083896+00:00,0,webcam,
122995,3793247,gold,0.25,0.25,train,https://storage.googleapis.com/sunrisesunset-32a25.firebasestorage.app/snapshots/3793247/1786593707009.jpg,sunset,2026-08-13 04:01:48.033289+00:00,0,webcam,
123009,21605540,gold,1.0,1.0,train,https://storage.googleapis.com/sunrisesunset-32a25.firebasestorage.app/snapshots/21605540/1786599097165.jpg,sunset,2026-08-13 05:31:38.137242+00:00,0,webcam,
123037,29247966,gold,0.75,0.75,train,https://storage.googleapis.com/sunrisesunset-32a25.firebasestorage.app/snapshots/29247966/1786608954661.jpg,sunset,2026-08-13 08:15:55.019638+00:00,0,webcam,
123031,29247966,gold,0.75,0.75,train,https://storage.googleapis.com/sunrisesunset-32a25.firebasestorage.app/snapshots/29247966/1786608054417.jpg,sunset,2026-08-13 08:00:54.722543+00:00,0,webcam,
123033,29247886,gold,0.75,0.75,train,https://storage.googleapis.com/sunrisesunset-32a25.firebasestorage.app/snapshots/29247886/1786608952529.jpg,sunset,2026-08-13 08:15:53.502742+00:00,0,webcam,
123050,29255968,gold,0.75,0.75,train,https://storage.googleapis.com/sunrisesunset-32a25.firebasestorage.app/snapshots/29255968/1786611658416.jpg,sunset,2026-08-13 09:00:58.867621+00:00,0,webcam,
123042,29044963,gold,0.0,0.0,train,https://storage.googleapis.com/sunrisesunset-32a25.firebasestorage.app/snapshots/29044963/1786609902868.jpg,sunset,2026-08-13 08:31:43.194484+00:00,0,webcam,
123063,3963339,gold,1.0,1.0,train,https://storage.googleapis.com/sunrisesunset-32a25.firebasestorage.app/snapshots/3963339/1786615311863.jpg,sunset,2026-08-13 10:01:52.769711+00:00,0,webcam,
123064,29144336,gold,0.5,0.5,train,https://storage.googleapis.com/sunrisesunset-32a25.firebasestorage.app/snapshots/29144336/1786615312341.jpg,sunset,2026-08-13 10:01:53.092697+00:00,0,webcam,
123065,28794621,gold,0.75,0.75,train,https://storage.googleapis.com/sunrisesunset-32a25.firebasestorage.app/snapshots/28794621/1786615312661.jpg,sunset,2026-08-13 10:01:53.104841+00:00,0,webcam,
123078,3963339,gold,0.5,0.5,train,https://storage.googleapis.com/sunrisesunset-32a25.firebasestorage.app/snapshots/3963339/1786617061113.jpg,sunset,2026-08-13 10:31:01.411405+00:00,0,webcam,
123086,28296051,gold,0.5,0.5,train,https://storage.googleapis.com/sunrisesunset-32a25.firebasestorage.app/snapshots/28296051/1786618916844.jpg,sunset,2026-08-13 11:01:57.185532+00:00,0,webcam,
123088,12586,gold,0.25,0.25,train,https://storage.googleapis.com/sunrisesunset-32a25.firebasestorage.app/snapshots/12586/1786622598997.jpg,sunset,2026-08-13 12:03:19.708744+00:00,0,webcam,
123089,12586,gold,0.0,0.0,train,https://storage.googleapis.com/sunrisesunset-32a25.firebasestorage.app/snapshots/12586/1786623345273.jpg,sunset,2026-08-13 12:15:45.743094+00:00,0,webcam,
123092,2921338,gold,0.0,0.0,train,https://storage.googleapis.com/sunrisesunset-32a25.firebasestorage.app/snapshots/2921338/1786624245646.jpg,sunset,2026-08-13 12:30:46.000033+00:00,0,webcam,
123056,2412333,gold,1.0,1.0,train,https://storage.googleapis.com/sunrisesunset-32a25.firebasestorage.app/snapshots/2412333/1786614399629.jpg,sunset,2026-08-13 09:46:40.005285+00:00,0,webcam,
123069,28794621,gold,0.75,0.75,train,https://storage.googleapis.com/sunrisesunset-32a25.firebasestorage.app/snapshots/28794621/1786616157399.jpg,sunset,2026-08-13 10:15:58.088693+00:00,0,webcam,
123070,3963339,gold,0.75,0.75,train,https://storage.googleapis.com/sunrisesunset-32a25.firebasestorage.app/snapshots/3963339/1786616158819.jpg,sunset,2026-08-13 10:15:59.188285+00:00,0,webcam,
123071,29144336,gold,0.5,0.5,train,https://storage.googleapis.com/sunrisesunset-32a25.firebasestorage.app/snapshots/29144336/1786616158905.jpg,sunset,2026-08-13 10:15:59.209209+00:00,0,webcam,
123084,28952051,gold,0.25,0.25,train,https://storage.googleapis.com/sunrisesunset-32a25.firebasestorage.app/snapshots/28952051/1786617958890.jpg,sunset,2026-08-13 10:45:59.168388+00:00,0,webcam,
123090,2921338,gold,0.25,0.25,train,https://storage.googleapis.com/sunrisesunset-32a25.firebasestorage.app/snapshots/2921338/1786623347142.jpg,sunset,2026-08-13 12:15:47.425136+00:00,0,webcam,
123094,2921338,gold,0.0,0.0,train,https://storage.googleapis.com/sunrisesunset-32a25.firebasestorage.app/snapshots/2921338/1786625143900.jpg,sunset,2026-08-13 12:45:44.431692+00:00,0,webcam,
123075,28794621,gold,0.75,0.75,train,https://storage.googleapis.com/sunrisesunset-32a25.firebasestorage.app/snapshots/28794621/1786617058037.jpg,sunset,2026-08-13 10:30:58.403180+00:00,0,webcam,
123059,3963339,gold,0.75,0.75,train,https://storage.googleapis.com/sunrisesunset-32a25.firebasestorage.app/snapshots/3963339/1786614413638.jpg,sunset,2026-08-13 09:46:53.999768+00:00,0,webcam,
123097,2921338,gold,0.25,0.25,train,https://storage.googleapis.com/sunrisesunset-32a25.firebasestorage.app/snapshots/2921338/1786626095643.jpg,sunset,2026-08-13 13:01:36.010081+00:00,0,webcam,
123105,16934,gold,0.5,0.5,train,https://storage.googleapis.com/sunrisesunset-32a25.firebasestorage.app/snapshots/16934/1786632396293.jpg,sunset,2026-08-13 14:46:36.736652+00:00,0,webcam,
123107,16934,gold,0.0,0.0,train,https://storage.googleapis.com/sunrisesunset-32a25.firebasestorage.app/snapshots/16934/1786633242397.jpg,sunset,2026-08-13 15:00:42.773341+00:00,0,webcam,
123108,21605540,gold,0.5,0.5,train,https://storage.googleapis.com/sunrisesunset-32a25.firebasestorage.app/snapshots/21605540/1786635098964.jpg,sunset,2026-08-13 15:31:39.642290+00:00,0,webcam,
123109,21605540,gold,0.75,0.75,train,https://storage.googleapis.com/sunrisesunset-32a25.firebasestorage.app/snapshots/21605540/1786635942148.jpg,sunset,2026-08-13 15:45:42.590277+00:00,0,webcam,
123111,29135072,gold,0.25,0.25,train,https://storage.googleapis.com/sunrisesunset-32a25.firebasestorage.app/snapshots/29135072/1786636896504.jpg,sunset,2026-08-13 16:01:36.798976+00:00,0,webcam,
123114,29135072,gold,0.25,0.25,train,https://storage.googleapis.com/sunrisesunset-32a25.firebasestorage.app/snapshots/29135072/1786637747789.jpg,sunset,2026-08-13 16:15:48.144730+00:00,0,webcam,
123118,13611,gold,0.0,0.0,train,https://storage.googleapis.com/sunrisesunset-32a25.firebasestorage.app/snapshots/13611/1786639545704.jpg,sunset,2026-08-13 16:45:46.143231+00:00,0,webcam,
123120,331,gold,0.5,0.5,train,https://storage.googleapis.com/sunrisesunset-32a25.firebasestorage.app/snapshots/331/1786639549072.jpg,sunset,2026-08-13 16:45:49.592240+00:00,0,webcam,
123122,29224562,gold,0.5,0.5,train,https://storage.googleapis.com/sunrisesunset-32a25.firebasestorage.app/snapshots/29224562/1786641354591.jpg,sunset,2026-08-13 17:15:54.911211+00:00,0,webcam,
123123,29029207,gold,0.75,0.75,train,https://storage.googleapis.com/sunrisesunset-32a25.firebasestorage.app/snapshots/29029207/1786642248819.jpg,sunset,2026-08-13 17:30:49.245139+00:00,0,webcam,
123124,6257085,gold,0.5,0.5,train,https://storage.googleapis.com/sunrisesunset-32a25.firebasestorage.app/snapshots/6257085/1786643149843.jpg,sunset,2026-08-13 17:45:50.584147+00:00,0,webcam,
123126,29029207,gold,0.0,0.0,train,https://storage.googleapis.com/sunrisesunset-32a25.firebasestorage.app/snapshots/29029207/1786643151786.jpg,sunset,2026-08-13 17:45:52.157673+00:00,0,webcam,
123117,331,gold,0.75,0.75,train,https://storage.googleapis.com/sunrisesunset-32a25.firebasestorage.app/snapshots/331/1786638647556.jpg,sunset,2026-08-13 16:30:47.893586+00:00,0,webcam,
123133,29270917,gold,0.75,0.75,train,https://storage.googleapis.com/sunrisesunset-32a25.firebasestorage.app/snapshots/29270917/1786647654453.jpg,sunset,2026-08-13 19:00:54.845408+00:00,0,webcam,
123135,28804140,gold,0.0,0.0,train,https://storage.googleapis.com/sunrisesunset-32a25.firebasestorage.app/snapshots/28804140/1786648556208.jpg,sunset,2026-08-13 19:15:56.707141+00:00,0,webcam,
123173,29022880,gold,0.25,0.25,train,https://storage.googleapis.com/sunrisesunset-32a25.firebasestorage.app/snapshots/29022880/1786655758378.jpg,sunset,2026-08-13 21:15:58.732527+00:00,0,webcam,
123180,3963339,gold,0.0,0.0,train,https://storage.googleapis.com/sunrisesunset-32a25.firebasestorage.app/snapshots/3963339/1786658443678.jpg,sunset,2026-08-13 22:00:44.090349+00:00,0,webcam,
123134,29075255,gold,0.75,0.75,train,https://storage.googleapis.com/sunrisesunset-32a25.firebasestorage.app/snapshots/29075255/1786648555228.jpg,sunset,2026-08-13 19:15:56.707944+00:00,0,webcam,
123139,28804140,gold,0.25,0.25,train,https://storage.googleapis.com/sunrisesunset-32a25.firebasestorage.app/snapshots/28804140/1786649509287.jpg,sunset,2026-08-13 19:31:49.579813+00:00,0,webcam,
123140,29068491,gold,0.75,0.75,train,https://storage.googleapis.com/sunrisesunset-32a25.firebasestorage.app/snapshots/29068491/1786649509290.jpg,sunset,2026-08-13 19:31:49.614731+00:00,0,webcam,
123194,4752639,gold,0.75,0.75,train,https://storage.googleapis.com/sunrisesunset-32a25.firebasestorage.app/snapshots/4752639/1786665644053.jpg,sunset,2026-08-14 00:00:44.412521+00:00,0,webcam,
123136,29068491,gold,0.75,0.75,train,https://storage.googleapis.com/sunrisesunset-32a25.firebasestorage.app/snapshots/29068491/1786648555075.jpg,sunset,2026-08-13 19:15:56.715603+00:00,0,webcam,
123178,23880643,gold,0.0,0.0,train,https://storage.googleapis.com/sunrisesunset-32a25.firebasestorage.app/snapshots/23880643/1786657558870.jpg,sunset,2026-08-13 21:45:59.254433+00:00,0,webcam,
123196,29184277,gold,0.5,0.5,train,https://storage.googleapis.com/sunrisesunset-32a25.firebasestorage.app/snapshots/29184277/1786665652152.jpg,sunset,2026-08-14 00:00:52.759007+00:00,0,webcam,
123198,29184277,gold,0.75,0.75,train,https://storage.googleapis.com/sunrisesunset-32a25.firebasestorage.app/snapshots/29184277/1786666554438.jpg,sunset,2026-08-14 00:15:54.790696+00:00,0,webcam,
123199,29072861,gold,0.0,0.0,train,https://storage.googleapis.com/sunrisesunset-32a25.firebasestorage.app/snapshots/29072861/1786666556429.jpg,sunset,2026-08-14 00:15:56.791655+00:00,0,webcam,
123208,12586,gold,0.5,0.5,train,https://storage.googleapis.com/sunrisesunset-32a25.firebasestorage.app/snapshots/12586/1786671043745.jpg,sunset,2026-08-14 01:30:44.075515+00:00,0,webcam,
123212,29195564,gold,0.75,0.75,train,https://storage.googleapis.com/sunrisesunset-32a25.firebasestorage.app/snapshots/29195564/1786672857322.jpg,sunset,2026-08-14 02:00:57.686507+00:00,0,webcam,
123220,5961510,gold,0.75,0.75,train,https://storage.googleapis.com/sunrisesunset-32a25.firebasestorage.app/snapshots/5961510/1786675542651.jpg,sunset,2026-08-14 02:45:43.302428+00:00,0,webcam,
123222,7495853,gold,1.0,1.0,train,https://storage.googleapis.com/sunrisesunset-32a25.firebasestorage.app/snapshots/7495853/1786675546839.jpg,sunset,2026-08-14 02:45:47.169210+00:00,0,webcam,
123207,12451,gold,0.75,0.75,train,https://storage.googleapis.com/sunrisesunset-32a25.firebasestorage.app/snapshots/12451/1786670155250.jpg,sunset,2026-08-14 01:15:55.828257+00:00,0,webcam,
123213,28326341,gold,0.5,0.5,train,https://storage.googleapis.com/sunrisesunset-32a25.firebasestorage.app/snapshots/28326341/1786672859480.jpg,sunset,2026-08-14 02:00:59.782188+00:00,0,webcam,
123219,29273916,gold,0.75,0.75,train,https://storage.googleapis.com/sunrisesunset-32a25.firebasestorage.app/snapshots/29273916/1786674655110.jpg,sunset,2026-08-14 02:30:55.527194+00:00,0,webcam,
123225,29039306,gold,0.25,0.25,train,https://storage.googleapis.com/sunrisesunset-32a25.firebasestorage.app/snapshots/29039306/1786676501382.jpg,sunset,2026-08-14 03:01:41.808676+00:00,0,webcam,
123235,9164847,gold,0.75,0.75,train,https://storage.googleapis.com/sunrisesunset-32a25.firebasestorage.app/snapshots/9164847/1786679144412.jpg,sunset,2026-08-14 03:45:45.144055+00:00,0,webcam,
123238,27026498,gold,0.5,0.5,train,https://storage.googleapis.com/sunrisesunset-32a25.firebasestorage.app/snapshots/27026498/1786680049699.jpg,sunset,2026-08-14 04:00:50.095865+00:00,0,webcam,
123241,137,gold,0.75,0.75,train,https://storage.googleapis.com/sunrisesunset-32a25.firebasestorage.app/snapshots/137/1786681040683.jpg,sunset,2026-08-14 04:17:21.089932+00:00,0,webcam,
123229,7495853,gold,1.0,1.0,train,https://storage.googleapis.com/sunrisesunset-32a25.firebasestorage.app/snapshots/7495853/1786677346284.jpg,sunset,2026-08-14 03:15:46.606945+00:00,0,webcam,
123230,29039306,gold,0.0,0.0,train,https://storage.googleapis.com/sunrisesunset-32a25.firebasestorage.app/snapshots/29039306/1786677346382.jpg,sunset,2026-08-14 03:15:46.712569+00:00,0,webcam,
123236,4769517,gold,0.0,0.0,train,https://storage.googleapis.com/sunrisesunset-32a25.firebasestorage.app/snapshots/4769517/1786679148223.jpg,sunset,2026-08-14 03:45:48.632053+00:00,0,webcam,
123246,331,gold,0.5,0.5,train,https://storage.googleapis.com/sunrisesunset-32a25.firebasestorage.app/snapshots/331/1786682742202.jpg,sunset,2026-08-14 04:45:42.946881+00:00,0,webcam,
123272,2375743,gold,0.75,0.75,train,https://storage.googleapis.com/sunrisesunset-32a25.firebasestorage.app/snapshots/2375743/1786695353847.jpg,sunset,2026-08-14 08:15:54.199083+00:00,0,webcam,
123277,29056937,gold,0.75,0.75,train,https://storage.googleapis.com/sunrisesunset-32a25.firebasestorage.app/snapshots/29056937/1786696254829.jpg,sunset,2026-08-14 08:30:55.302725+00:00,0,webcam,
123232,29274101,gold,0.0,0.0,train,https://storage.googleapis.com/sunrisesunset-32a25.firebasestorage.app/snapshots/29274101/1786677353822.jpg,sunset,2026-08-14 03:15:54.226219+00:00,0,webcam,
123297,3741,gold,0.75,0.75,train,https://storage.googleapis.com/sunrisesunset-32a25.firebasestorage.app/snapshots/3741/1786699855932.jpg,sunset,2026-08-14 09:30:56.541197+00:00,0,webcam,
123301,3741,gold,0.75,0.75,train,https://storage.googleapis.com/sunrisesunset-32a25.firebasestorage.app/snapshots/3741/1786700759139.jpg,sunset,2026-08-14 09:45:59.445560+00:00,0,webcam,
123302,3963339,gold,1.0,1.0,train,https://storage.googleapis.com/sunrisesunset-32a25.firebasestorage.app/snapshots/3963339/1786700759768.jpg,sunset,2026-08-14 09:46:00.116183+00:00,0,webcam,
123311,8750142,gold,0.5,0.5,train,https://storage.googleapis.com/sunrisesunset-32a25.firebasestorage.app/snapshots/8750142/1786702544115.jpg,sunset,2026-08-14 10:15:44.608567+00:00,0,webcam,
123331,27645536,gold,0.5,0.5,train,https://storage.googleapis.com/sunrisesunset-32a25.firebasestorage.app/snapshots/27645536/1786707046403.jpg,sunset,2026-08-14 11:30:46.861611+00:00,0,webcam,
123287,4641273,gold,0.25,0.25,train,https://storage.googleapis.com/sunrisesunset-32a25.firebasestorage.app/snapshots/4641273/1786698113219.jpg,sunset,2026-08-14 09:01:53.487112+00:00,0,webcam,
123304,8952830,gold,0.5,0.5,train,https://storage.googleapis.com/sunrisesunset-32a25.firebasestorage.app/snapshots/8952830/1786701648310.jpg,sunset,2026-08-14 10:00:48.675749+00:00,0,webcam,
123313,28794621,gold,1.0,1.0,train,https://storage.googleapis.com/sunrisesunset-32a25.firebasestorage.app/snapshots/28794621/1786702557662.jpg,sunset,2026-08-14 10:15:58.120770+00:00,0,webcam,
123318,28794621,gold,1.0,1.0,train,https://storage.googleapis.com/sunrisesunset-32a25.firebasestorage.app/snapshots/28794621/1786703455244.jpg,sunset,2026-08-14 10:30:55.536135+00:00,0,webcam,
123325,28296051,gold,0.5,0.5,train,https://storage.googleapis.com/sunrisesunset-32a25.firebasestorage.app/snapshots/28296051/1786705256702.jpg,sunset,2026-08-14 11:00:57.883269+00:00,0,webcam,
123327,2957622,gold,0.0,0.0,train,https://storage.googleapis.com/sunrisesunset-32a25.firebasestorage.app/snapshots/2957622/1786706144644.jpg,sunset,2026-08-14 11:15:45.002851+00:00,0,webcam,
123288,29255968,gold,0.75,0.75,train,https://storage.googleapis.com/sunrisesunset-32a25.firebasestorage.app/snapshots/29255968/1786698115681.jpg,sunset,2026-08-14 09:01:55.973807+00:00,0,webcam,
123308,29144336,gold,0.5,0.5,train,https://storage.googleapis.com/sunrisesunset-32a25.firebasestorage.app/snapshots/29144336/1786701660329.jpg,sunset,2026-08-14 10:01:01.193710+00:00,0,webcam,
123309,29246283,gold,0.75,0.75,train,https://storage.googleapis.com/sunrisesunset-32a25.firebasestorage.app/snapshots/29246283/1786701660909.jpg,sunset,2026-08-14 10:01:01.416885+00:00,0,webcam,
123314,29246283,gold,0.25,0.25,train,https://storage.googleapis.com/sunrisesunset-32a25.firebasestorage.app/snapshots/29246283/1786702558435.jpg,sunset,2026-08-14 10:15:58.899941+00:00,0,webcam,
123315,29144336,gold,0.75,0.75,train,https://storage.googleapis.com/sunrisesunset-32a25.firebasestorage.app/snapshots/29144336/1786702558893.jpg,sunset,2026-08-14 10:15:59.185494+00:00,0,webcam,
123333,27645536,gold,0.25,0.25,train,https://storage.googleapis.com/sunrisesunset-32a25.firebasestorage.app/snapshots/27645536/1786707944210.jpg,sunset,2026-08-14 11:45:44.603437+00:00,0,webcam,
123336,2921372,gold,0.25,0.25,train,https://storage.googleapis.com/sunrisesunset-32a25.firebasestorage.app/snapshots/2921372/1786708860750.jpg,sunset,2026-08-14 12:01:01.171199+00:00,0,webcam,
123338,11859,gold,0.0,0.0,train,https://storage.googleapis.com/sunrisesunset-32a25.firebasestorage.app/snapshots/11859/1786709742958.jpg,sunset,2026-08-14 12:15:43.359269+00:00,0,webcam,
123341,2921377,gold,0.25,0.25,train,https://storage.googleapis.com/sunrisesunset-32a25.firebasestorage.app/snapshots/2921377/1786710641822.jpg,sunset,2026-08-14 12:30:42.799458+00:00,0,webcam,
123356,2375743,gold,1.0,1.0,train,https://storage.googleapis.com/sunrisesunset-32a25.firebasestorage.app/snapshots/2375743/1786716095843.jpg,sunset,2026-08-14 14:01:36.585971+00:00,0,webcam,
123357,21605540,gold,0.75,0.75,train,https://storage.googleapis.com/sunrisesunset-32a25.firebasestorage.app/snapshots/21605540/1786722394275.jpg,sunset,2026-08-14 15:46:35.017315+00:00,0,webcam,
123360,3800978,gold,0.75,0.75,train,https://storage.googleapis.com/sunrisesunset-32a25.firebasestorage.app/snapshots/3800978/1786723246950.jpg,sunset,2026-08-14 16:00:47.311814+00:00,0,webcam,
123285,4641273,gold,0.5,0.5,train,https://storage.googleapis.com/sunrisesunset-32a25.firebasestorage.app/snapshots/4641273/1786697218096.jpg,sunset,2026-08-14 08:46:58.405471+00:00,0,webcam,
123339,12586,gold,0.0,0.0,train,https://storage.googleapis.com/sunrisesunset-32a25.firebasestorage.app/snapshots/12586/1786709745885.jpg,sunset,2026-08-14 12:15:46.206495+00:00,0,webcam,
123340,2921338,gold,0.0,0.0,train,https://storage.googleapis.com/sunrisesunset-32a25.firebasestorage.app/snapshots/2921338/1786709748022.jpg,sunset,2026-08-14 12:15:48.353408+00:00,0,webcam,
123349,28960218,gold,0.0,0.0,train,https://storage.googleapis.com/sunrisesunset-32a25.firebasestorage.app/snapshots/28960218/1786712502654.jpg,sunset,2026-08-14 13:01:42.961929+00:00,0,webcam,
123353,28046669,gold,0.0,0.0,train,https://storage.googleapis.com/sunrisesunset-32a25.firebasestorage.app/snapshots/28046669/1786714242723.jpg,sunset,2026-08-14 13:30:43.291371+00:00,0,webcam,
123362,29135072,gold,0.5,0.5,train,https://storage.googleapis.com/sunrisesunset-32a25.firebasestorage.app/snapshots/29135072/1786724147119.jpg,sunset,2026-08-14 16:15:47.481471+00:00,0,webcam,
123368,15017506,gold,0.0,0.0,train,https://storage.googleapis.com/sunrisesunset-32a25.firebasestorage.app/snapshots/15017506/1786725951081.jpg,sunset,2026-08-14 16:45:51.444024+00:00,0,webcam,
123375,29029207,gold,0.0,0.0,train,https://storage.googleapis.com/sunrisesunset-32a25.firebasestorage.app/snapshots/29029207/1786728648458.jpg,sunset,2026-08-14 17:30:48.874866+00:00,0,webcam,
123377,6257085,gold,0.5,0.5,train,https://storage.googleapis.com/sunrisesunset-32a25.firebasestorage.app/snapshots/6257085/1786729553273.jpg,sunset,2026-08-14 17:45:53.600074+00:00,0,webcam,
123378,20868788,gold,0.25,0.25,train,https://storage.googleapis.com/sunrisesunset-32a25.firebasestorage.app/snapshots/20868788/1786730612233.jpg,sunset,2026-08-14 18:03:33.225766+00:00,0,webcam,
123379,28820838,gold,0.25,0.25,train,https://storage.googleapis.com/sunrisesunset-32a25.firebasestorage.app/snapshots/28820838/1786731354307.jpg,sunset,2026-08-14 18:15:54.746557+00:00,0,webcam,
123389,28952048,gold,0.5,0.5,train,https://storage.googleapis.com/sunrisesunset-32a25.firebasestorage.app/snapshots/28952048/1786734949456.jpg,sunset,2026-08-14 19:15:49.993376+00:00,0,webcam,
123409,28961840,gold,0.5,0.5,train,https://storage.googleapis.com/sunrisesunset-32a25.firebasestorage.app/snapshots/28961840/1786738543652.jpg,sunset,2026-08-14 20:15:43.998552+00:00,0,webcam,
123412,28992538,gold,0.75,0.75,train,https://storage.googleapis.com/sunrisesunset-32a25.firebasestorage.app/snapshots/28992538/1786738558857.jpg,sunset,2026-08-14 20:15:59.295584+00:00,0,webcam,
123413,28856817,gold,0.5,0.5,train,https://storage.googleapis.com/sunrisesunset-32a25.firebasestorage.app/snapshots/28856817/1786738559053.jpg,sunset,2026-08-14 20:15:59.352542+00:00,0,webcam,
123414,28961840,gold,0.5,0.5,train,https://storage.googleapis.com/sunrisesunset-32a25.firebasestorage.app/snapshots/28961840/1786739442960.jpg,sunset,2026-08-14 20:30:43.341682+00:00,0,webcam,
123417,28992538,gold,0.5,0.5,train,https://storage.googleapis.com/sunrisesunset-32a25.firebasestorage.app/snapshots/28992538/1786739455856.jpg,sunset,2026-08-14 20:30:56.400613+00:00,0,webcam,
123365,29135072,gold,0.75,0.75,train,https://storage.googleapis.com/sunrisesunset-32a25.firebasestorage.app/snapshots/29135072/1786725048060.jpg,sunset,2026-08-14 16:30:48.384295+00:00,0,webcam,
123366,29247269,gold,0.25,0.25,train,https://storage.googleapis.com/sunrisesunset-32a25.firebasestorage.app/snapshots/29247269/1786725048077.jpg,sunset,2026-08-14 16:30:48.465907+00:00,0,webcam,
123371,4582505,gold,0.0,0.0,train,https://storage.googleapis.com/sunrisesunset-32a25.firebasestorage.app/snapshots/4582505/1786726848256.jpg,sunset,2026-08-14 17:00:48.665978+00:00,0,webcam,
123373,29224562,gold,1.0,1.0,train,https://storage.googleapis.com/sunrisesunset-32a25.firebasestorage.app/snapshots/29224562/1786727801793.jpg,sunset,2026-08-14 17:16:42.221966+00:00,0,webcam,
123374,4582505,gold,0.0,0.0,train,https://storage.googleapis.com/sunrisesunset-32a25.firebasestorage.app/snapshots/4582505/1786727804633.jpg,sunset,2026-08-14 17:16:44.958168+00:00,0,webcam,
123385,29270917,gold,1.0,1.0,train,https://storage.googleapis.com/sunrisesunset-32a25.firebasestorage.app/snapshots/29270917/1786734112963.jpg,sunset,2026-08-14 19:01:54.705581+00:00,0,webcam,
123388,29037883,gold,0.25,0.25,train,https://storage.googleapis.com/sunrisesunset-32a25.firebasestorage.app/snapshots/29037883/1786734117966.jpg,sunset,2026-08-14 19:01:58.326187+00:00,0,webcam,
123390,29243415,gold,0.25,0.25,train,https://storage.googleapis.com/sunrisesunset-32a25.firebasestorage.app/snapshots/29243415/1786734963253.jpg,sunset,2026-08-14 19:16:03.617428+00:00,0,webcam,
123392,29037883,gold,0.5,0.5,train,https://storage.googleapis.com/sunrisesunset-32a25.firebasestorage.app/snapshots/29037883/1786734964293.jpg,sunset,2026-08-14 19:16:04.573982+00:00,0,webcam,
123398,29037883,gold,0.75,0.75,train,https://storage.googleapis.com/sunrisesunset-32a25.firebasestorage.app/snapshots/29037883/1786735912235.jpg,sunset,2026-08-14 19:31:52.601852+00:00,0,webcam,
123404,28513448,gold,0.75,0.75,train,https://storage.googleapis.com/sunrisesunset-32a25.firebasestorage.app/snapshots/28513448/1786737716467.jpg,sunset,2026-08-14 20:01:57.608546+00:00,0,webcam,
123405,24671280,gold,0.5,0.5,train,https://storage.googleapis.com/sunrisesunset-32a25.firebasestorage.app/snapshots/24671280/1786737717609.jpg,sunset,2026-08-14 20:01:57.899832+00:00,0,webcam,
123420,28961840,gold,0.75,0.75,train,https://storage.googleapis.com/sunrisesunset-32a25.firebasestorage.app/snapshots/28961840/1786740392516.jpg,sunset,2026-08-14 20:46:32.866965+00:00,0,webcam,
123437,29144336,gold,0.25,0.25,train,https://storage.googleapis.com/sunrisesunset-32a25.firebasestorage.app/snapshots/29144336/1786743945790.jpg,sunset,2026-08-14 21:45:46.464704+00:00,0,webcam,
123441,29144336,gold,0.0,0.0,train,https://storage.googleapis.com/sunrisesunset-32a25.firebasestorage.app/snapshots/29144336/1786744897085.jpg,sunset,2026-08-14 22:01:37.459633+00:00,0,webcam,
123458,21550102,gold,0.5,0.5,train,https://storage.googleapis.com/sunrisesunset-32a25.firebasestorage.app/snapshots/21550102/1786752107928.jpg,sunset,2026-08-15 00:01:48.324297+00:00,0,webcam,
123459,21550102,gold,0.5,0.5,train,https://storage.googleapis.com/sunrisesunset-32a25.firebasestorage.app/snapshots/21550102/1786752953475.jpg,sunset,2026-08-15 00:15:54.125191+00:00,0,webcam,
123460,3168181,gold,0.0,0.0,train,https://storage.googleapis.com/sunrisesunset-32a25.firebasestorage.app/snapshots/3168181/1786753851219.jpg,sunset,2026-08-15 00:30:51.761844+00:00,0,webcam,
123473,12451,gold,1.0,1.0,train,https://storage.googleapis.com/sunrisesunset-32a25.firebasestorage.app/snapshots/12451/1786757456121.jpg,sunset,2026-08-15 01:30:56.470659+00:00,0,webcam,
123425,14396710,gold,0.0,0.0,train,https://storage.googleapis.com/sunrisesunset-32a25.firebasestorage.app/snapshots/14396710/1786741256167.jpg,sunset,2026-08-14 21:00:56.507851+00:00,0,webcam,
123429,29022880,gold,0.5,0.5,train,https://storage.googleapis.com/sunrisesunset-32a25.firebasestorage.app/snapshots/29022880/1786742159366.jpg,sunset,2026-08-14 21:15:59.819012+00:00,0,webcam,
123430,14396710,gold,0.5,0.5,train,https://storage.googleapis.com/sunrisesunset-32a25.firebasestorage.app/snapshots/14396710/1786742160519.jpg,sunset,2026-08-14 21:16:00.917696+00:00,0,webcam,
123461,21550102,gold,0.5,0.5,train,https://storage.googleapis.com/sunrisesunset-32a25.firebasestorage.app/snapshots/21550102/1786753853308.jpg,sunset,2026-08-15 00:30:53.594536+00:00,0,webcam,
123470,29092660,gold,0.0,0.0,train,https://storage.googleapis.com/sunrisesunset-32a25.firebasestorage.app/snapshots/29092660/1786756553724.jpg,sunset,2026-08-15 01:15:54.005047+00:00,0,webcam,
123421,931,gold,0.25,0.25,train,https://storage.googleapis.com/sunrisesunset-32a25.firebasestorage.app/snapshots/931/1786740406216.jpg,sunset,2026-08-14 20:46:46.514908+00:00,0,webcam,
123471,12451,gold,0.75,0.75,train,https://storage.googleapis.com/sunrisesunset-32a25.firebasestorage.app/snapshots/12451/1786756556330.jpg,sunset,2026-08-15 01:15:56.698804+00:00,0,webcam,
123483,5961510,gold,0.75,0.75,train,https://storage.googleapis.com/sunrisesunset-32a25.firebasestorage.app/snapshots/5961510/1786761943179.jpg,sunset,2026-08-15 02:45:43.497242+00:00,0,webcam,
123486,5961510,gold,0.75,0.75,train,https://storage.googleapis.com/sunrisesunset-32a25.firebasestorage.app/snapshots/5961510/1786762846314.jpg,sunset,2026-08-15 03:00:46.948412+00:00,0,webcam,
123489,7495853,gold,1.0,1.0,train,https://storage.googleapis.com/sunrisesunset-32a25.firebasestorage.app/snapshots/7495853/1786763753856.jpg,sunset,2026-08-15 03:15:54.222554+00:00,0,webcam,
123492,9164847,gold,0.25,0.25,train,https://storage.googleapis.com/sunrisesunset-32a25.firebasestorage.app/snapshots/9164847/1786765543008.jpg,sunset,2026-08-15 03:45:43.359162+00:00,0,webcam,
123497,29247269,gold,0.75,0.75,train,https://storage.googleapis.com/sunrisesunset-32a25.firebasestorage.app/snapshots/29247269/1786766496134.jpg,sunset,2026-08-15 04:01:36.883793+00:00,0,webcam,
123507,29256383,gold,0.25,0.25,train,https://storage.googleapis.com/sunrisesunset-32a25.firebasestorage.app/snapshots/29256383/1786768290139.jpg,sunset,2026-08-15 04:31:30.471341+00:00,0,webcam,
123510,331,gold,0.5,0.5,train,https://storage.googleapis.com/sunrisesunset-32a25.firebasestorage.app/snapshots/331/1786769142252.jpg,sunset,2026-08-15 04:45:42.583699+00:00,0,webcam,
123514,4582505,gold,0.75,0.75,train,https://storage.googleapis.com/sunrisesunset-32a25.firebasestorage.app/snapshots/4582505/1786770098777.jpg,sunset,2026-08-15 05:01:39.519785+00:00,0,webcam,
123482,2921377,gold,0.25,0.25,train,https://storage.googleapis.com/sunrisesunset-32a25.firebasestorage.app/snapshots/2921377/1786761116570.jpg,sunset,2026-08-15 02:31:56.879928+00:00,0,webcam,
123493,29247269,gold,0.75,0.75,train,https://storage.googleapis.com/sunrisesunset-32a25.firebasestorage.app/snapshots/29247269/1786765542986.jpg,sunset,2026-08-15 03:45:43.434749+00:00,0,webcam,
123496,2972357,gold,0.5,0.5,train,https://storage.googleapis.com/sunrisesunset-32a25.firebasestorage.app/snapshots/2972357/1786765554421.jpg,sunset,2026-08-15 03:45:54.826180+00:00,0,webcam,
123503,29146169,gold,0.75,0.75,train,https://storage.googleapis.com/sunrisesunset-32a25.firebasestorage.app/snapshots/29146169/1786767343997.jpg,sunset,2026-08-15 04:15:44.331286+00:00,0,webcam,
123501,2972357,gold,0.0,0.0,train,https://storage.googleapis.com/sunrisesunset-32a25.firebasestorage.app/snapshots/2972357/1786766506287.jpg,sunset,2026-08-15 04:01:46.614637+00:00,0,webcam,
123534,8415550,gold,0.75,0.75,train,https://storage.googleapis.com/sunrisesunset-32a25.firebasestorage.app/snapshots/8415550/1786779046189.jpg,sunset,2026-08-15 07:30:46.905512+00:00,0,webcam,
123541,29252999,gold,0.5,0.5,train,https://storage.googleapis.com/sunrisesunset-32a25.firebasestorage.app/snapshots/29252999/1786781810764.jpg,sunset,2026-08-15 08:16:51.069556+00:00,0,webcam,
123552,301,gold,0.5,0.5,train,https://storage.googleapis.com/sunrisesunset-32a25.firebasestorage.app/snapshots/301/1786783550995.jpg,sunset,2026-08-15 08:45:51.290930+00:00,0,webcam,
123583,8952830,gold,0.25,0.25,train,https://storage.googleapis.com/sunrisesunset-32a25.firebasestorage.app/snapshots/8952830/1786788945951.jpg,sunset,2026-08-15 10:15:46.283103+00:00,0,webcam,
123596,7516880,gold,0.5,0.5,train,https://storage.googleapis.com/sunrisesunset-32a25.firebasestorage.app/snapshots/7516880/1786789859548.jpg,sunset,2026-08-15 10:30:59.842431+00:00,0,webcam,
123562,29252999,gold,0.5,0.5,train,https://storage.googleapis.com/sunrisesunset-32a25.firebasestorage.app/snapshots/29252999/1786784512085.jpg,sunset,2026-08-15 09:01:52.442521+00:00,0,webcam,
123563,29255968,gold,0.75,0.75,train,https://storage.googleapis.com/sunrisesunset-32a25.firebasestorage.app/snapshots/29255968/1786784512069.jpg,sunset,2026-08-15 09:01:52.451819+00:00,0,webcam,
123574,2412333,gold,0.75,0.75,train,https://storage.googleapis.com/sunrisesunset-32a25.firebasestorage.app/snapshots/2412333/1786787148557.jpg,sunset,2026-08-15 09:45:48.878964+00:00,0,webcam,
123580,29144336,gold,0.75,0.75,train,https://storage.googleapis.com/sunrisesunset-32a25.firebasestorage.app/snapshots/29144336/1786788058539.jpg,sunset,2026-08-15 10:00:58.941125+00:00,0,webcam,
123585,28794621,gold,0.5,0.5,train,https://storage.googleapis.com/sunrisesunset-32a25.firebasestorage.app/snapshots/28794621/1786788958485.jpg,sunset,2026-08-15 10:15:58.789789+00:00,0,webcam,
123586,29144336,gold,1.0,1.0,train,https://storage.googleapis.com/sunrisesunset-32a25.firebasestorage.app/snapshots/29144336/1786788959629.jpg,sunset,2026-08-15 10:16:00.032642+00:00,0,webcam,
123594,28794621,gold,0.75,0.75,train,https://storage.googleapis.com/sunrisesunset-32a25.firebasestorage.app/snapshots/28794621/1786789857914.jpg,sunset,2026-08-15 10:30:58.439227+00:00,0,webcam,
123546,29056937,gold,0.5,0.5,train,https://storage.googleapis.com/sunrisesunset-32a25.firebasestorage.app/snapshots/29056937/1786782650284.jpg,sunset,2026-08-15 08:30:50.643741+00:00,0,webcam,
123547,29252999,gold,0.5,0.5,train,https://storage.googleapis.com/sunrisesunset-32a25.firebasestorage.app/snapshots/29252999/1786782650310.jpg,sunset,2026-08-15 08:30:50.664324+00:00,0,webcam,
123556,29252999,gold,0.5,0.5,train,https://storage.googleapis.com/sunrisesunset-32a25.firebasestorage.app/snapshots/29252999/1786783552928.jpg,sunset,2026-08-15 08:45:53.263757+00:00,0,webcam,
123572,3741,gold,0.75,0.75,train,https://storage.googleapis.com/sunrisesunset-32a25.firebasestorage.app/snapshots/3741/1786786256716.jpg,sunset,2026-08-15 09:30:57.502468+00:00,0,webcam,
123557,29056937,gold,0.25,0.25,train,https://storage.googleapis.com/sunrisesunset-32a25.firebasestorage.app/snapshots/29056937/1786783554282.jpg,sunset,2026-08-15 08:45:54.557649+00:00,0,webcam,
123610,27645536,gold,0.5,0.5,train,https://storage.googleapis.com/sunrisesunset-32a25.firebasestorage.app/snapshots/27645536/1786793444471.jpg,sunset,2026-08-15 11:30:44.944228+00:00,0,webcam,
123612,28881793,gold,0.0,0.0,train,https://storage.googleapis.com/sunrisesunset-32a25.firebasestorage.app/snapshots/28881793/1786794343541.jpg,sunset,2026-08-15 11:45:43.924276+00:00,0,webcam,
123613,27645536,gold,0.0,0.0,train,https://storage.googleapis.com/sunrisesunset-32a25.firebasestorage.app/snapshots/27645536/1786794345258.jpg,sunset,2026-08-15 11:45:45.536494+00:00,0,webcam,
123624,24760427,gold,0.5,0.5,train,https://storage.googleapis.com/sunrisesunset-32a25.firebasestorage.app/snapshots/24760427/1786797041193.jpg,sunset,2026-08-15 12:30:41.904455+00:00,0,webcam,
123625,2921377,gold,0.5,0.5,train,https://storage.googleapis.com/sunrisesunset-32a25.firebasestorage.app/snapshots/2921377/1786797041628.jpg,sunset,2026-08-15 12:30:41.990389+00:00,0,webcam,
123632,2375743,gold,0.5,0.5,train,https://storage.googleapis.com/sunrisesunset-32a25.firebasestorage.app/snapshots/2375743/1786801543666.jpg,sunset,2026-08-15 13:45:44.351019+00:00,0,webcam,
123635,2375743,gold,0.25,0.25,train,https://storage.googleapis.com/sunrisesunset-32a25.firebasestorage.app/snapshots/2375743/1786802442701.jpg,sunset,2026-08-15 14:00:43.313384+00:00,0,webcam,
123636,9164847,gold,0.0,0.0,train,https://storage.googleapis.com/sunrisesunset-32a25.firebasestorage.app/snapshots/9164847/1786808750258.jpg,sunset,2026-08-15 15:45:50.918910+00:00,0,webcam,
123638,29247269,gold,0.0,0.0,train,https://storage.googleapis.com/sunrisesunset-32a25.firebasestorage.app/snapshots/29247269/1786809646818.jpg,sunset,2026-08-15 16:00:47.494747+00:00,0,webcam,
123639,3800978,gold,1.0,1.0,train,https://storage.googleapis.com/sunrisesunset-32a25.firebasestorage.app/snapshots/3800978/1786809647153.jpg,sunset,2026-08-15 16:00:47.959819+00:00,0,webcam,
123640,29051458,gold,0.75,0.75,train,https://storage.googleapis.com/sunrisesunset-32a25.firebasestorage.app/snapshots/29051458/1786810603715.jpg,sunset,2026-08-15 16:16:44.137247+00:00,0,webcam,
123578,3963339,gold,0.75,0.75,train,https://storage.googleapis.com/sunrisesunset-32a25.firebasestorage.app/snapshots/3963339/1786787161334.jpg,sunset,2026-08-15 09:46:01.647506+00:00,0,webcam,
123614,4185852,gold,0.0,0.0,train,https://storage.googleapis.com/sunrisesunset-32a25.firebasestorage.app/snapshots/4185852/1786794348320.jpg,sunset,2026-08-15 11:45:48.787136+00:00,0,webcam,
123618,3550090,gold,0.75,0.75,train,https://storage.googleapis.com/sunrisesunset-32a25.firebasestorage.app/snapshots/3550090/1786795302463.jpg,sunset,2026-08-15 12:01:43.124046+00:00,0,webcam,
123641,29247269,gold,0.0,0.0,train,https://storage.googleapis.com/sunrisesunset-32a25.firebasestorage.app/snapshots/29247269/1786810604633.jpg,sunset,2026-08-15 16:16:45.194289+00:00,0,webcam,
123642,29135072,gold,0.75,0.75,train,https://storage.googleapis.com/sunrisesunset-32a25.firebasestorage.app/snapshots/29135072/1786810605095.jpg,sunset,2026-08-15 16:16:45.387578+00:00,0,webcam,
123643,29051458,gold,1.0,1.0,train,https://storage.googleapis.com/sunrisesunset-32a25.firebasestorage.app/snapshots/29051458/1786811446234.jpg,sunset,2026-08-15 16:30:46.568572+00:00,0,webcam,
123644,29135072,gold,0.75,0.75,train,https://storage.googleapis.com/sunrisesunset-32a25.firebasestorage.app/snapshots/29135072/1786811446239.jpg,sunset,2026-08-15 16:30:46.591373+00:00,0,webcam,
123603,28952051,gold,0.0,0.0,train,https://storage.googleapis.com/sunrisesunset-32a25.firebasestorage.app/snapshots/28952051/1786790756877.jpg,sunset,2026-08-15 10:45:57.178338+00:00,0,webcam,
123647,331,gold,0.75,0.75,train,https://storage.googleapis.com/sunrisesunset-32a25.firebasestorage.app/snapshots/331/1786812349690.jpg,sunset,2026-08-15 16:45:49.988504+00:00,0,webcam,
123648,29224562,gold,0.75,0.75,train,https://storage.googleapis.com/sunrisesunset-32a25.firebasestorage.app/snapshots/29224562/1786814146051.jpg,sunset,2026-08-15 17:15:46.398955+00:00,0,webcam,
123649,29029207,gold,0.25,0.25,train,https://storage.googleapis.com/sunrisesunset-32a25.firebasestorage.app/snapshots/29029207/1786815106198.jpg,sunset,2026-08-15 17:31:46.807947+00:00,0,webcam,
123654,20868788,gold,0.75,0.75,train,https://storage.googleapis.com/sunrisesunset-32a25.firebasestorage.app/snapshots/20868788/1786816851678.jpg,sunset,2026-08-15 18:00:52.043271+00:00,0,webcam,
123655,28836338,gold,0.75,0.75,train,https://storage.googleapis.com/sunrisesunset-32a25.firebasestorage.app/snapshots/28836338/1786817807918.jpg,sunset,2026-08-15 18:16:48.252707+00:00,0,webcam,
123656,28794621,gold,0.0,0.0,train,https://storage.googleapis.com/sunrisesunset-32a25.firebasestorage.app/snapshots/28794621/1786818644422.jpg,sunset,2026-08-15 18:30:45.092238+00:00,0,webcam,
123661,28836338,gold,0.5,0.5,train,https://storage.googleapis.com/sunrisesunset-32a25.firebasestorage.app/snapshots/28836338/1786819551962.jpg,sunset,2026-08-15 18:45:52.289812+00:00,0,webcam,
123663,1336,gold,1.0,1.0,train,https://storage.googleapis.com/sunrisesunset-32a25.firebasestorage.app/snapshots/1336/1786820441954.jpg,sunset,2026-08-15 19:00:43.167712+00:00,0,webcam,
123665,28836338,gold,0.0,0.0,train,https://storage.googleapis.com/sunrisesunset-32a25.firebasestorage.app/snapshots/28836338/1786820452630.jpg,sunset,2026-08-15 19:00:52.914222+00:00,0,webcam,
123666,29270917,gold,0.25,0.25,train,https://storage.googleapis.com/sunrisesunset-32a25.firebasestorage.app/snapshots/29270917/1786820452650.jpg,sunset,2026-08-15 19:00:52.999909+00:00,0,webcam,
123682,28961840,gold,0.25,0.25,train,https://storage.googleapis.com/sunrisesunset-32a25.firebasestorage.app/snapshots/28961840/1786825900849.jpg,sunset,2026-08-15 20:31:41.179638+00:00,0,webcam,
123688,931,gold,0.5,0.5,train,https://storage.googleapis.com/sunrisesunset-32a25.firebasestorage.app/snapshots/931/1786827657618.jpg,sunset,2026-08-15 21:00:57.974705+00:00,0,webcam,
123651,20868788,gold,0.75,0.75,train,https://storage.googleapis.com/sunrisesunset-32a25.firebasestorage.app/snapshots/20868788/1786815949899.jpg,sunset,2026-08-15 17:45:50.235520+00:00,0,webcam,
123652,6257085,gold,0.75,0.75,train,https://storage.googleapis.com/sunrisesunset-32a25.firebasestorage.app/snapshots/6257085/1786815951210.jpg,sunset,2026-08-15 17:45:51.546587+00:00,0,webcam,
123653,29029207,gold,0.5,0.5,train,https://storage.googleapis.com/sunrisesunset-32a25.firebasestorage.app/snapshots/29029207/1786815952699.jpg,sunset,2026-08-15 17:45:53.037349+00:00,0,webcam,
123657,29232682,gold,1.0,1.0,train,https://storage.googleapis.com/sunrisesunset-32a25.firebasestorage.app/snapshots/29232682/1786818651302.jpg,sunset,2026-08-15 18:30:52.194040+00:00,0,webcam,
123658,28836338,gold,0.75,0.75,train,https://storage.googleapis.com/sunrisesunset-32a25.firebasestorage.app/snapshots/28836338/1786818653303.jpg,sunset,2026-08-15 18:30:53.616070+00:00,0,webcam,
123670,24671280,gold,1.0,1.0,train,https://storage.googleapis.com/sunrisesunset-32a25.firebasestorage.app/snapshots/24671280/1786823158981.jpg,sunset,2026-08-15 19:45:59.814080+00:00,0,webcam,
123674,24671280,gold,1.0,1.0,train,https://storage.googleapis.com/sunrisesunset-32a25.firebasestorage.app/snapshots/24671280/1786824060804.jpg,sunset,2026-08-15 20:01:01.153743+00:00,0,webcam,
123687,931,gold,0.5,0.5,train,https://storage.googleapis.com/sunrisesunset-32a25.firebasestorage.app/snapshots/931/1786826757311.jpg,sunset,2026-08-15 20:45:57.701960+00:00,0,webcam,
123691,931,gold,0.5,0.5,train,https://storage.googleapis.com/sunrisesunset-32a25.firebasestorage.app/snapshots/931/1786828559281.jpg,sunset,2026-08-15 21:15:59.570948+00:00,0,webcam,
123692,29022880,gold,0.75,0.75,train,https://storage.googleapis.com/sunrisesunset-32a25.firebasestorage.app/snapshots/29022880/1786828559183.jpg,sunset,2026-08-15 21:15:59.614320+00:00,0,webcam,
123694,29022880,gold,0.5,0.5,train,https://storage.googleapis.com/sunrisesunset-32a25.firebasestorage.app/snapshots/29022880/1786829460370.jpg,sunset,2026-08-15 21:31:00.773175+00:00,0,webcam,
123679,28992538,gold,0.25,0.25,train,https://storage.googleapis.com/sunrisesunset-32a25.firebasestorage.app/snapshots/28992538/1786824958528.jpg,sunset,2026-08-15 20:15:59.040827+00:00,0,webcam,
123685,28992538,gold,0.5,0.5,train,https://storage.googleapis.com/sunrisesunset-32a25.firebasestorage.app/snapshots/28992538/1786825914596.jpg,sunset,2026-08-15 20:31:54.913969+00:00,0,webcam,
123698,29144336,gold,0.75,0.75,train,https://storage.googleapis.com/sunrisesunset-32a25.firebasestorage.app/snapshots/29144336/1786831300316.jpg,sunset,2026-08-15 22:01:40.760778+00:00,0,webcam,
123714,4752639,gold,0.75,0.75,train,https://storage.googleapis.com/sunrisesunset-32a25.firebasestorage.app/snapshots/4752639/1786838500341.jpg,sunset,2026-08-16 00:01:40.721367+00:00,0,webcam,
123715,21550102,gold,0.5,0.5,train,https://storage.googleapis.com/sunrisesunset-32a25.firebasestorage.app/snapshots/21550102/1786838512352.jpg,sunset,2026-08-16 00:01:52.669212+00:00,0,webcam,
123696,3963339,gold,0.25,0.25,train,https://storage.googleapis.com/sunrisesunset-32a25.firebasestorage.app/snapshots/3963339/1786830344559.jpg,sunset,2026-08-15 21:45:44.930259+00:00,0,webcam,
123697,23880643,gold,0.25,0.25,train,https://storage.googleapis.com/sunrisesunset-32a25.firebasestorage.app/snapshots/23880643/1786830359564.jpg,sunset,2026-08-15 21:45:59.925768+00:00,0,webcam,
123722,3168181,gold,0.0,0.0,train,https://storage.googleapis.com/sunrisesunset-32a25.firebasestorage.app/snapshots/3168181/1786840251626.jpg,sunset,2026-08-16 00:30:52.216645+00:00,0,webcam,
123719,21550102,gold,0.5,0.5,train,https://storage.googleapis.com/sunrisesunset-32a25.firebasestorage.app/snapshots/21550102/1786839354245.jpg,sunset,2026-08-16 00:15:54.534272+00:00,0,webcam,
123724,25685576,gold,0.5,0.5,train,https://storage.googleapis.com/sunrisesunset-32a25.firebasestorage.app/snapshots/25685576/1786840253363.jpg,sunset,2026-08-16 00:30:53.817053+00:00,0,webcam,
123738,28326341,gold,0.25,0.25,train,https://storage.googleapis.com/sunrisesunset-32a25.firebasestorage.app/snapshots/28326341/1786846557285.jpg,sunset,2026-08-16 02:15:58.283863+00:00,0,webcam,
123746,5961510,gold,0.5,0.5,train,https://storage.googleapis.com/sunrisesunset-32a25.firebasestorage.app/snapshots/5961510/1786848343358.jpg,sunset,2026-08-16 02:45:43.685756+00:00,0,webcam,
123748,4600867,gold,0.25,0.25,train,https://storage.googleapis.com/sunrisesunset-32a25.firebasestorage.app/snapshots/4600867/1786848353382.jpg,sunset,2026-08-16 02:45:53.674553+00:00,0,webcam,
123758,24906830,gold,0.25,0.25,train,https://storage.googleapis.com/sunrisesunset-32a25.firebasestorage.app/snapshots/24906830/1786851047493.jpg,sunset,2026-08-16 03:30:48.193991+00:00,0,webcam,
123761,29247269,gold,0.5,0.5,train,https://storage.googleapis.com/sunrisesunset-32a25.firebasestorage.app/snapshots/29247269/1786851944990.jpg,sunset,2026-08-16 03:45:45.303969+00:00,0,webcam,
123765,29247269,gold,1.0,1.0,train,https://storage.googleapis.com/sunrisesunset-32a25.firebasestorage.app/snapshots/29247269/1786852896007.jpg,sunset,2026-08-16 04:01:36.343583+00:00,0,webcam,
123775,29256383,gold,0.5,0.5,train,https://storage.googleapis.com/sunrisesunset-32a25.firebasestorage.app/snapshots/29256383/1786855542116.jpg,sunset,2026-08-16 04:45:42.979115+00:00,0,webcam,
123777,4582505,gold,0.75,0.75,train,https://storage.googleapis.com/sunrisesunset-32a25.firebasestorage.app/snapshots/4582505/1786856441671.jpg,sunset,2026-08-16 05:00:42.972506+00:00,0,webcam,
123734,28326341,gold,0.75,0.75,train,https://storage.googleapis.com/sunrisesunset-32a25.firebasestorage.app/snapshots/28326341/1786845657097.jpg,sunset,2026-08-16 02:00:57.377111+00:00,0,webcam,
123776,331,gold,0.75,0.75,train,https://storage.googleapis.com/sunrisesunset-32a25.firebasestorage.app/snapshots/331/1786855542694.jpg,sunset,2026-08-16 04:45:43.015025+00:00,0,webcam,
123741,28326341,gold,0.5,0.5,train,https://storage.googleapis.com/sunrisesunset-32a25.firebasestorage.app/snapshots/28326341/1786847505507.jpg,sunset,2026-08-16 02:31:45.789339+00:00,0,webcam,
123750,2921377,gold,0.25,0.25,train,https://storage.googleapis.com/sunrisesunset-32a25.firebasestorage.app/snapshots/2921377/1786848354915.jpg,sunset,2026-08-16 02:45:55.171434+00:00,0,webcam,
123768,2972357,gold,0.0,0.0,train,https://storage.googleapis.com/sunrisesunset-32a25.firebasestorage.app/snapshots/2972357/1786852904510.jpg,sunset,2026-08-16 04:01:44.918327+00:00,0,webcam,
123810,29249044,gold,0.25,0.25,train,https://storage.googleapis.com/sunrisesunset-32a25.firebasestorage.app/snapshots/29249044/1786872643105.jpg,sunset,2026-08-16 09:30:43.446822+00:00,0,webcam,
123743,2921377,gold,0.0,0.0,train,https://storage.googleapis.com/sunrisesunset-32a25.firebasestorage.app/snapshots/2921377/1786847508350.jpg,sunset,2026-08-16 02:31:48.669791+00:00,0,webcam,
123764,2972357,gold,0.5,0.5,train,https://storage.googleapis.com/sunrisesunset-32a25.firebasestorage.app/snapshots/2972357/1786851955146.jpg,sunset,2026-08-16 03:45:55.619852+00:00,0,webcam,
123799,29263479,gold,0.0,0.0,train,https://storage.googleapis.com/sunrisesunset-32a25.firebasestorage.app/snapshots/29263479/1786869114242.jpg,sunset,2026-08-16 08:31:54.553928+00:00,0,webcam,
123800,29056937,gold,0.5,0.5,train,https://storage.googleapis.com/sunrisesunset-32a25.firebasestorage.app/snapshots/29056937/1786869114244.jpg,sunset,2026-08-16 08:31:54.667007+00:00,0,webcam,
123812,4523591,gold,0.0,0.0,train,https://storage.googleapis.com/sunrisesunset-32a25.firebasestorage.app/snapshots/4523591/1786872654708.jpg,sunset,2026-08-16 09:30:55.371083+00:00,0,webcam,
123818,3963339,gold,1.0,1.0,train,https://storage.googleapis.com/sunrisesunset-32a25.firebasestorage.app/snapshots/3963339/1786873566408.jpg,sunset,2026-08-16 09:46:06.886235+00:00,0,webcam,
123822,10081819,gold,0.75,0.75,train,https://storage.googleapis.com/sunrisesunset-32a25.firebasestorage.app/snapshots/10081819/1786874510362.jpg,sunset,2026-08-16 10:01:50.848009+00:00,0,webcam,
123825,29144336,gold,1.0,1.0,train,https://storage.googleapis.com/sunrisesunset-32a25.firebasestorage.app/snapshots/29144336/1786874511202.jpg,sunset,2026-08-16 10:01:51.789359+00:00,0,webcam,
123832,8750142,gold,0.5,0.5,train,https://storage.googleapis.com/sunrisesunset-32a25.firebasestorage.app/snapshots/8750142/1786876244019.jpg,sunset,2026-08-16 10:30:44.366360+00:00,0,webcam,
123836,9379772,gold,0.5,0.5,train,https://storage.googleapis.com/sunrisesunset-32a25.firebasestorage.app/snapshots/9379772/1786877143259.jpg,sunset,2026-08-16 10:45:43.625659+00:00,0,webcam,
123850,2921372,gold,1.0,1.0,train,https://storage.googleapis.com/sunrisesunset-32a25.firebasestorage.app/snapshots/2921372/1786881645198.jpg,sunset,2026-08-16 12:00:46.124876+00:00,0,webcam,
123857,22856539,gold,1.0,1.0,train,https://storage.googleapis.com/sunrisesunset-32a25.firebasestorage.app/snapshots/22856539/1786883442000.jpg,sunset,2026-08-16 12:30:42.523173+00:00,0,webcam,
123830,10081819,gold,0.75,0.75,train,https://storage.googleapis.com/sunrisesunset-32a25.firebasestorage.app/snapshots/10081819/1786875358703.jpg,sunset,2026-08-16 10:15:59.092198+00:00,0,webcam,
123831,29144336,gold,0.25,0.25,train,https://storage.googleapis.com/sunrisesunset-32a25.firebasestorage.app/snapshots/29144336/1786875359882.jpg,sunset,2026-08-16 10:16:00.305506+00:00,0,webcam,
123835,7516880,gold,0.75,0.75,train,https://storage.googleapis.com/sunrisesunset-32a25.firebasestorage.app/snapshots/7516880/1786876258678.jpg,sunset,2026-08-16 10:30:58.994686+00:00,0,webcam,
123856,2921338,gold,0.0,0.0,train,https://storage.googleapis.com/sunrisesunset-32a25.firebasestorage.app/snapshots/2921338/1786882606712.jpg,sunset,2026-08-16 12:16:47.037396+00:00,0,webcam,
123858,12586,gold,0.0,0.0,train,https://storage.googleapis.com/sunrisesunset-32a25.firebasestorage.app/snapshots/12586/1786883443861.jpg,sunset,2026-08-16 12:30:44.362837+00:00,0,webcam,
123860,2921338,gold,0.25,0.25,train,https://storage.googleapis.com/sunrisesunset-32a25.firebasestorage.app/snapshots/2921338/1786883445978.jpg,sunset,2026-08-16 12:30:46.350221+00:00,0,webcam,
123874,29043741,gold,0.5,0.5,train,https://storage.googleapis.com/sunrisesunset-32a25.firebasestorage.app/snapshots/29043741/1786890698212.jpg,sunset,2026-08-16 14:31:38.529939+00:00,0,webcam,
123875,16934,gold,0.0,0.0,train,https://storage.googleapis.com/sunrisesunset-32a25.firebasestorage.app/snapshots/16934/1786891543326.jpg,sunset,2026-08-16 14:45:43.648114+00:00,0,webcam,
123878,29135072,gold,1.0,1.0,train,https://storage.googleapis.com/sunrisesunset-32a25.firebasestorage.app/snapshots/29135072/1786896952393.jpg,sunset,2026-08-16 16:15:52.879854+00:00,0,webcam,
123880,29051458,gold,0.75,0.75,train,https://storage.googleapis.com/sunrisesunset-32a25.firebasestorage.app/snapshots/29051458/1786897850482.jpg,sunset,2026-08-16 16:30:51.243299+00:00,0,webcam,
123881,29135072,gold,0.75,0.75,train,https://storage.googleapis.com/sunrisesunset-32a25.firebasestorage.app/snapshots/29135072/1786897850883.jpg,sunset,2026-08-16 16:30:51.277358+00:00,0,webcam,
123882,29247269,gold,0.0,0.0,train,https://storage.googleapis.com/sunrisesunset-32a25.firebasestorage.app/snapshots/29247269/1786897854088.jpg,sunset,2026-08-16 16:30:54.365154+00:00,0,webcam,
123885,331,gold,0.5,0.5,train,https://storage.googleapis.com/sunrisesunset-32a25.firebasestorage.app/snapshots/331/1786898749923.jpg,sunset,2026-08-16 16:45:50.199262+00:00,0,webcam,
123888,29029207,gold,0.5,0.5,train,https://storage.googleapis.com/sunrisesunset-32a25.firebasestorage.app/snapshots/29029207/1786901448365.jpg,sunset,2026-08-16 17:30:48.762426+00:00,0,webcam,
123889,29047311,gold,0.75,0.75,train,https://storage.googleapis.com/sunrisesunset-32a25.firebasestorage.app/snapshots/29047311/1786902355850.jpg,sunset,2026-08-16 17:45:56.176244+00:00,0,webcam,
123890,29029207,gold,0.25,0.25,train,https://storage.googleapis.com/sunrisesunset-32a25.firebasestorage.app/snapshots/29029207/1786902359446.jpg,sunset,2026-08-16 17:45:59.734075+00:00,0,webcam,
123893,1336,gold,0.75,0.75,train,https://storage.googleapis.com/sunrisesunset-32a25.firebasestorage.app/snapshots/1336/1786906845518.jpg,sunset,2026-08-16 19:00:45.893896+00:00,0,webcam,
123904,29044963,gold,0.5,0.5,train,https://storage.googleapis.com/sunrisesunset-32a25.firebasestorage.app/snapshots/29044963/1786910497582.jpg,sunset,2026-08-16 20:01:38.244826+00:00,0,webcam,
123877,29051458,gold,0.75,0.75,train,https://storage.googleapis.com/sunrisesunset-32a25.firebasestorage.app/snapshots/29051458/1786896952377.jpg,sunset,2026-08-16 16:15:52.884072+00:00,0,webcam,
123879,29247269,gold,0.0,0.0,train,https://storage.googleapis.com/sunrisesunset-32a25.firebasestorage.app/snapshots/29247269/1786896952275.jpg,sunset,2026-08-16 16:15:52.926510+00:00,0,webcam,
123906,24671280,gold,0.75,0.75,train,https://storage.googleapis.com/sunrisesunset-32a25.firebasestorage.app/snapshots/24671280/1786910527264.jpg,sunset,2026-08-16 20:02:07.747095+00:00,0,webcam,
123907,772735,gold,1.0,1.0,train,https://storage.googleapis.com/sunrisesunset-32a25.firebasestorage.app/snapshots/772735/1786911344431.jpg,sunset,2026-08-16 20:15:45.565953+00:00,0,webcam,
123916,29263479,gold,0.5,0.5,train,https://storage.googleapis.com/sunrisesunset-32a25.firebasestorage.app/snapshots/29263479/1786912246595.jpg,sunset,2026-08-16 20:30:47.189166+00:00,0,webcam,
123925,29022880,gold,0.5,0.5,train,https://storage.googleapis.com/sunrisesunset-32a25.firebasestorage.app/snapshots/29022880/1786914970470.jpg,sunset,2026-08-16 21:16:10.854374+00:00,0,webcam,
123930,29144336,gold,0.75,0.75,train,https://storage.googleapis.com/sunrisesunset-32a25.firebasestorage.app/snapshots/29144336/1786917705309.jpg,sunset,2026-08-16 22:01:45.888519+00:00,0,webcam,
123940,28482755,gold,0.75,0.75,train,https://storage.googleapis.com/sunrisesunset-32a25.firebasestorage.app/snapshots/28482755/1786919507235.jpg,sunset,2026-08-16 22:31:47.548420+00:00,0,webcam,
123948,29168547,gold,0.75,0.75,train,https://storage.googleapis.com/sunrisesunset-32a25.firebasestorage.app/snapshots/29168547/1786922157889.jpg,sunset,2026-08-16 23:15:58.216660+00:00,0,webcam,
123928,23880643,gold,0.25,0.25,train,https://storage.googleapis.com/sunrisesunset-32a25.firebasestorage.app/snapshots/23880643/1786916756312.jpg,sunset,2026-08-16 21:45:56.697194+00:00,0,webcam,
123950,29226625,gold,0.0,0.0,train,https://storage.googleapis.com/sunrisesunset-32a25.firebasestorage.app/snapshots/29226625/1786923048800.jpg,sunset,2026-08-16 23:30:49.127075+00:00,0,webcam,
123952,29286729,gold,0.25,0.25,train,https://storage.googleapis.com/sunrisesunset-32a25.firebasestorage.app/snapshots/29286729/1786923051717.jpg,sunset,2026-08-16 23:30:52.000306+00:00,0,webcam,
123958,21550102,gold,0.75,0.75,train,https://storage.googleapis.com/sunrisesunset-32a25.firebasestorage.app/snapshots/21550102/1786924903204.jpg,sunset,2026-08-17 00:01:44.094354+00:00,0,webcam,
123969,28986924,gold,0.5,0.5,train,https://storage.googleapis.com/sunrisesunset-32a25.firebasestorage.app/snapshots/28986924/1786931156580.jpg,sunset,2026-08-17 01:45:57.179352+00:00,0,webcam,
123979,5961510,gold,0.5,0.5,train,https://storage.googleapis.com/sunrisesunset-32a25.firebasestorage.app/snapshots/5961510/1786934743220.jpg,sunset,2026-08-17 02:45:43.631112+00:00,0,webcam,
123989,29247269,gold,0.5,0.5,train,https://storage.googleapis.com/sunrisesunset-32a25.firebasestorage.app/snapshots/29247269/1786938343308.jpg,sunset,2026-08-17 03:45:44.662762+00:00,0,webcam,
124004,29256383,gold,0.0,0.0,train,https://storage.googleapis.com/sunrisesunset-32a25.firebasestorage.app/snapshots/29256383/1786941041645.jpg,sunset,2026-08-17 04:30:41.971104+00:00,0,webcam,
123955,29184277,gold,0.0,0.0,train,https://storage.googleapis.com/sunrisesunset-32a25.firebasestorage.app/snapshots/29184277/1786923950161.jpg,sunset,2026-08-16 23:45:50.439174+00:00,0,webcam,
123957,8952830,gold,0.25,0.25,train,https://storage.googleapis.com/sunrisesunset-32a25.firebasestorage.app/snapshots/8952830/1786923951668.jpg,sunset,2026-08-16 23:45:51.986506+00:00,0,webcam,
123972,28986924,gold,0.75,0.75,train,https://storage.googleapis.com/sunrisesunset-32a25.firebasestorage.app/snapshots/28986924/1786932107103.jpg,sunset,2026-08-17 02:01:47.414344+00:00,0,webcam,
124005,29062415,gold,0.25,0.25,train,https://storage.googleapis.com/sunrisesunset-32a25.firebasestorage.app/snapshots/29062415/1786941040988.jpg,sunset,2026-08-17 04:30:41.982470+00:00,0,webcam,
124007,331,gold,0.75,0.75,train,https://storage.googleapis.com/sunrisesunset-32a25.firebasestorage.app/snapshots/331/1786941942508.jpg,sunset,2026-08-17 04:45:42.800974+00:00,0,webcam,
123981,2921377,gold,0.25,0.25,train,https://storage.googleapis.com/sunrisesunset-32a25.firebasestorage.app/snapshots/2921377/1786934756319.jpg,sunset,2026-08-17 02:45:56.852421+00:00,0,webcam,
124003,137,gold,0.75,0.75,train,https://storage.googleapis.com/sunrisesunset-32a25.firebasestorage.app/snapshots/137/1786940152830.jpg,sunset,2026-08-17 04:15:53.133692+00:00,0,webcam,
124020,2921354,gold,0.25,0.25,train,https://storage.googleapis.com/sunrisesunset-32a25.firebasestorage.app/snapshots/2921354/1786947346090.jpg,sunset,2026-08-17 06:15:46.557976+00:00,0,webcam,
124031,29252999,gold,0.5,0.5,train,https://storage.googleapis.com/sunrisesunset-32a25.firebasestorage.app/snapshots/29252999/1786955450362.jpg,sunset,2026-08-17 08:30:50.716761+00:00,0,webcam,
124012,3802591,gold,0.25,0.25,train,https://storage.googleapis.com/sunrisesunset-32a25.firebasestorage.app/snapshots/3802591/1786943747234.jpg,sunset,2026-08-17 05:15:47.694429+00:00,0,webcam,
124037,29252999,gold,0.5,0.5,train,https://storage.googleapis.com/sunrisesunset-32a25.firebasestorage.app/snapshots/29252999/1786956351481.jpg,sunset,2026-08-17 08:45:51.782485+00:00,0,webcam,
124043,29252999,gold,0.25,0.25,train,https://storage.googleapis.com/sunrisesunset-32a25.firebasestorage.app/snapshots/29252999/1786957310876.jpg,sunset,2026-08-17 09:01:51.175377+00:00,0,webcam,
124049,2412333,gold,0.75,0.75,train,https://storage.googleapis.com/sunrisesunset-32a25.firebasestorage.app/snapshots/2412333/1786959945185.jpg,sunset,2026-08-17 09:45:45.513884+00:00,0,webcam,
124040,29230109,gold,0.5,0.5,train,https://storage.googleapis.com/sunrisesunset-32a25.firebasestorage.app/snapshots/29230109/1786956351449.jpg,sunset,2026-08-17 08:45:51.796419+00:00,0,webcam,
124070,9379772,gold,0.75,0.75,train,https://storage.googleapis.com/sunrisesunset-32a25.firebasestorage.app/snapshots/9379772/1786963543110.jpg,sunset,2026-08-17 10:45:44.287362+00:00,0,webcam,
124079,27645536,gold,0.75,0.75,train,https://storage.googleapis.com/sunrisesunset-32a25.firebasestorage.app/snapshots/27645536/1786967145055.jpg,sunset,2026-08-17 11:45:45.512140+00:00,0,webcam,
124086,2921381,gold,0.25,0.25,train,https://storage.googleapis.com/sunrisesunset-32a25.firebasestorage.app/snapshots/2921381/1786969895654.jpg,sunset,2026-08-17 12:31:36.028934+00:00,0,webcam,
124093,28046669,gold,0.0,0.0,train,https://storage.googleapis.com/sunrisesunset-32a25.firebasestorage.app/snapshots/28046669/1786973444903.jpg,sunset,2026-08-17 13:30:45.901011+00:00,0,webcam,
124100,5973565,gold,0.75,0.75,train,https://storage.googleapis.com/sunrisesunset-32a25.firebasestorage.app/snapshots/5973565/1786982442823.jpg,sunset,2026-08-17 16:00:43.178222+00:00,0,webcam,
124106,29247269,gold,0.25,0.25,train,https://storage.googleapis.com/sunrisesunset-32a25.firebasestorage.app/snapshots/29247269/1786983405187.jpg,sunset,2026-08-17 16:16:46.141814+00:00,0,webcam,
124110,29247269,gold,0.5,0.5,train,https://storage.googleapis.com/sunrisesunset-32a25.firebasestorage.app/snapshots/29247269/1786984250293.jpg,sunset,2026-08-17 16:30:51.214799+00:00,0,webcam,
124113,29224562,gold,0.5,0.5,train,https://storage.googleapis.com/sunrisesunset-32a25.firebasestorage.app/snapshots/29224562/1786985148695.jpg,sunset,2026-08-17 16:45:49.404156+00:00,0,webcam,
124114,15017506,gold,0.5,0.5,train,https://storage.googleapis.com/sunrisesunset-32a25.firebasestorage.app/snapshots/15017506/1786985149075.jpg,sunset,2026-08-17 16:45:49.481378+00:00,0,webcam,
124058,29144336,gold,0.5,0.5,train,https://storage.googleapis.com/sunrisesunset-32a25.firebasestorage.app/snapshots/29144336/1786960862043.jpg,sunset,2026-08-17 10:01:02.710891+00:00,0,webcam,
124060,3963339,gold,0.0,0.0,train,https://storage.googleapis.com/sunrisesunset-32a25.firebasestorage.app/snapshots/3963339/1786960863263.jpg,sunset,2026-08-17 10:01:03.563471+00:00,0,webcam,
124071,6487367,gold,0.25,0.25,train,https://storage.googleapis.com/sunrisesunset-32a25.firebasestorage.app/snapshots/6487367/1786963548442.jpg,sunset,2026-08-17 10:45:48.941160+00:00,0,webcam,
124084,2921338,gold,0.0,0.0,train,https://storage.googleapis.com/sunrisesunset-32a25.firebasestorage.app/snapshots/2921338/1786968949272.jpg,sunset,2026-08-17 12:15:49.572046+00:00,0,webcam,
124087,12586,gold,0.0,0.0,train,https://storage.googleapis.com/sunrisesunset-32a25.firebasestorage.app/snapshots/12586/1786969898378.jpg,sunset,2026-08-17 12:31:38.691885+00:00,0,webcam,
124090,2921338,gold,0.0,0.0,train,https://storage.googleapis.com/sunrisesunset-32a25.firebasestorage.app/snapshots/2921338/1786970803582.jpg,sunset,2026-08-17 12:46:44.134607+00:00,0,webcam,
124102,3800978,gold,0.75,0.75,train,https://storage.googleapis.com/sunrisesunset-32a25.firebasestorage.app/snapshots/3800978/1786982447208.jpg,sunset,2026-08-17 16:00:47.964207+00:00,0,webcam,
124105,3375326,gold,0.0,0.0,train,https://storage.googleapis.com/sunrisesunset-32a25.firebasestorage.app/snapshots/3375326/1786982448059.jpg,sunset,2026-08-17 16:00:48.405853+00:00,0,webcam,
124111,29051458,gold,0.75,0.75,train,https://storage.googleapis.com/sunrisesunset-32a25.firebasestorage.app/snapshots/29051458/1786984250790.jpg,sunset,2026-08-17 16:30:51.247356+00:00,0,webcam,
124115,331,gold,0.5,0.5,train,https://storage.googleapis.com/sunrisesunset-32a25.firebasestorage.app/snapshots/331/1786985150855.jpg,sunset,2026-08-17 16:45:51.174254+00:00,0,webcam,
124065,29144336,gold,0.75,0.75,train,https://storage.googleapis.com/sunrisesunset-32a25.firebasestorage.app/snapshots/29144336/1786961759061.jpg,sunset,2026-08-17 10:15:59.497429+00:00,0,webcam,
124089,2921338,gold,0.0,0.0,train,https://storage.googleapis.com/sunrisesunset-32a25.firebasestorage.app/snapshots/2921338/1786969900058.jpg,sunset,2026-08-17 12:31:40.428410+00:00,0,webcam,
124108,29051458,gold,0.5,0.5,train,https://storage.googleapis.com/sunrisesunset-32a25.firebasestorage.app/snapshots/29051458/1786983405794.jpg,sunset,2026-08-17 16:16:46.149798+00:00,0,webcam,
124118,29224562,gold,0.5,0.5,train,https://storage.googleapis.com/sunrisesunset-32a25.firebasestorage.app/snapshots/29224562/1786986096823.jpg,sunset,2026-08-17 17:01:37.170328+00:00,0,webcam,
124109,3800978,gold,0.75,0.75,train,https://storage.googleapis.com/sunrisesunset-32a25.firebasestorage.app/snapshots/3800978/1786983405789.jpg,sunset,2026-08-17 16:16:46.162377+00:00,0,webcam,
124120,29224562,gold,0.5,0.5,train,https://storage.googleapis.com/sunrisesunset-32a25.firebasestorage.app/snapshots/29224562/1786986947592.jpg,sunset,2026-08-17 17:15:47.947793+00:00,0,webcam,
124121,21846,gold,0.25,0.25,train,https://storage.googleapis.com/sunrisesunset-32a25.firebasestorage.app/snapshots/21846/1786987844235.jpg,sunset,2026-08-17 17:30:44.664454+00:00,0,webcam,
124122,29029207,gold,0.5,0.5,train,https://storage.googleapis.com/sunrisesunset-32a25.firebasestorage.app/snapshots/29029207/1786987850815.jpg,sunset,2026-08-17 17:30:51.651687+00:00,0,webcam,
124123,6257085,gold,0.75,0.75,train,https://storage.googleapis.com/sunrisesunset-32a25.firebasestorage.app/snapshots/6257085/1786988750419.jpg,sunset,2026-08-17 17:45:50.860801+00:00,0,webcam,
124125,2921338,gold,0.5,0.5,train,https://storage.googleapis.com/sunrisesunset-32a25.firebasestorage.app/snapshots/2921338/1786990544276.jpg,sunset,2026-08-17 18:15:44.794854+00:00,0,webcam,
124126,2921338,gold,0.75,0.75,train,https://storage.googleapis.com/sunrisesunset-32a25.firebasestorage.app/snapshots/2921338/1786991499160.jpg,sunset,2026-08-17 18:31:39.560551+00:00,0,webcam,
124127,2921338,gold,0.75,0.75,train,https://storage.googleapis.com/sunrisesunset-32a25.firebasestorage.app/snapshots/2921338/1786992348178.jpg,sunset,2026-08-17 18:45:48.841292+00:00,0,webcam,
124144,24671280,gold,0.5,0.5,train,https://storage.googleapis.com/sunrisesunset-32a25.firebasestorage.app/snapshots/24671280/1786996861850.jpg,sunset,2026-08-17 20:01:02.855915+00:00,0,webcam,
124145,29100990,gold,0.75,0.75,train,https://storage.googleapis.com/sunrisesunset-32a25.firebasestorage.app/snapshots/29100990/1786996862868.jpg,sunset,2026-08-17 20:01:03.159530+00:00,0,webcam,
124146,28961840,gold,0.25,0.25,train,https://storage.googleapis.com/sunrisesunset-32a25.firebasestorage.app/snapshots/28961840/1786997744435.jpg,sunset,2026-08-17 20:15:44.896852+00:00,0,webcam,
124151,28961840,gold,0.5,0.5,train,https://storage.googleapis.com/sunrisesunset-32a25.firebasestorage.app/snapshots/28961840/1786998642640.jpg,sunset,2026-08-17 20:30:43.154744+00:00,0,webcam,
124152,29044963,gold,0.25,0.25,train,https://storage.googleapis.com/sunrisesunset-32a25.firebasestorage.app/snapshots/29044963/1786998643149.jpg,sunset,2026-08-17 20:30:43.532682+00:00,0,webcam,
124167,29022880,gold,0.5,0.5,train,https://storage.googleapis.com/sunrisesunset-32a25.firebasestorage.app/snapshots/29022880/1787001362250.jpg,sunset,2026-08-17 21:16:02.592781+00:00,0,webcam,
124119,15017506,gold,0.25,0.25,train,https://storage.googleapis.com/sunrisesunset-32a25.firebasestorage.app/snapshots/15017506/1786986947371.jpg,sunset,2026-08-17 17:15:47.940558+00:00,0,webcam,
124165,2944828,gold,0.75,0.75,train,https://storage.googleapis.com/sunrisesunset-32a25.firebasestorage.app/snapshots/2944828/1787001347147.jpg,sunset,2026-08-17 21:15:47.709432+00:00,0,webcam,
124163,29022880,gold,0.5,0.5,train,https://storage.googleapis.com/sunrisesunset-32a25.firebasestorage.app/snapshots/29022880/1787000460486.jpg,sunset,2026-08-17 21:01:01.521919+00:00,0,webcam,
124171,23880643,gold,0.0,0.0,train,https://storage.googleapis.com/sunrisesunset-32a25.firebasestorage.app/snapshots/23880643/1787003158764.jpg,sunset,2026-08-17 21:45:59.378015+00:00,0,webcam,
124172,29144336,gold,0.75,0.75,train,https://storage.googleapis.com/sunrisesunset-32a25.firebasestorage.app/snapshots/29144336/1787004096864.jpg,sunset,2026-08-17 22:01:37.222519+00:00,0,webcam,
124178,4949016,gold,0.0,0.0,train,https://storage.googleapis.com/sunrisesunset-32a25.firebasestorage.app/snapshots/4949016/1787006743757.jpg,sunset,2026-08-17 22:45:44.120290+00:00,0,webcam,
124184,8952830,gold,0.0,0.0,train,https://storage.googleapis.com/sunrisesunset-32a25.firebasestorage.app/snapshots/8952830/1787009452452.jpg,sunset,2026-08-17 23:30:53.388141+00:00,0,webcam,
124203,874215,gold,0.5,0.5,train,https://storage.googleapis.com/sunrisesunset-32a25.firebasestorage.app/snapshots/874215/1787017611308.jpg,sunset,2026-08-18 01:46:51.690789+00:00,0,webcam,
124215,3882985,gold,0.0,0.0,train,https://storage.googleapis.com/sunrisesunset-32a25.firebasestorage.app/snapshots/3882985/1787020298112.jpg,sunset,2026-08-18 02:31:38.676609+00:00,0,webcam,
124183,598510,gold,1.0,1.0,train,https://storage.googleapis.com/sunrisesunset-32a25.firebasestorage.app/snapshots/598510/1787008551971.jpg,sunset,2026-08-17 23:15:52.344625+00:00,0,webcam,
124217,15017506,gold,0.25,0.25,train,https://storage.googleapis.com/sunrisesunset-32a25.firebasestorage.app/snapshots/15017506/1787021143907.jpg,sunset,2026-08-18 02:45:44.241861+00:00,0,webcam,
124208,29275950,gold,0.5,0.5,train,https://storage.googleapis.com/sunrisesunset-32a25.firebasestorage.app/snapshots/29275950/1787018517185.jpg,sunset,2026-08-18 02:01:57.480383+00:00,0,webcam,
124209,28986924,gold,0.0,0.0,train,https://storage.googleapis.com/sunrisesunset-32a25.firebasestorage.app/snapshots/28986924/1787018517191.jpg,sunset,2026-08-18 02:01:57.492506+00:00,0,webcam,
124220,26985219,gold,0.5,0.5,train,https://storage.googleapis.com/sunrisesunset-32a25.firebasestorage.app/snapshots/26985219/1787021158585.jpg,sunset,2026-08-18 02:45:58.871497+00:00,0,webcam,
124230,29247269,gold,0.75,0.75,train,https://storage.googleapis.com/sunrisesunset-32a25.firebasestorage.app/snapshots/29247269/1787024744038.jpg,sunset,2026-08-18 03:45:44.824530+00:00,0,webcam,
124240,29256383,gold,0.5,0.5,train,https://storage.googleapis.com/sunrisesunset-32a25.firebasestorage.app/snapshots/29256383/1787027442278.jpg,sunset,2026-08-18 04:30:42.948237+00:00,0,webcam,
124242,25195019,gold,0.5,0.5,train,https://storage.googleapis.com/sunrisesunset-32a25.firebasestorage.app/snapshots/25195019/1787027451158.jpg,sunset,2026-08-18 04:30:51.447520+00:00,0,webcam,
124243,331,gold,0.5,0.5,train,https://storage.googleapis.com/sunrisesunset-32a25.firebasestorage.app/snapshots/331/1787028342305.jpg,sunset,2026-08-18 04:45:42.957884+00:00,0,webcam,
124249,3802591,gold,0.5,0.5,train,https://storage.googleapis.com/sunrisesunset-32a25.firebasestorage.app/snapshots/3802591/1787030148259.jpg,sunset,2026-08-18 05:15:49.957012+00:00,0,webcam,
124252,2923203,gold,0.75,0.75,train,https://storage.googleapis.com/sunrisesunset-32a25.firebasestorage.app/snapshots/2923203/1787036446049.jpg,sunset,2026-08-18 07:00:46.406140+00:00,0,webcam,
124266,29230109,gold,0.5,0.5,train,https://storage.googleapis.com/sunrisesunset-32a25.firebasestorage.app/snapshots/29230109/1787042751181.jpg,sunset,2026-08-18 08:45:51.592481+00:00,0,webcam,
124233,2972357,gold,0.0,0.0,train,https://storage.googleapis.com/sunrisesunset-32a25.firebasestorage.app/snapshots/2972357/1787024758863.jpg,sunset,2026-08-18 03:45:59.218099+00:00,0,webcam,
124237,29060170,gold,0.75,0.75,train,https://storage.googleapis.com/sunrisesunset-32a25.firebasestorage.app/snapshots/29060170/1787026544141.jpg,sunset,2026-08-18 04:15:44.726408+00:00,0,webcam,
124245,25195019,gold,0.75,0.75,train,https://storage.googleapis.com/sunrisesunset-32a25.firebasestorage.app/snapshots/25195019/1787028349275.jpg,sunset,2026-08-18 04:45:49.594659+00:00,0,webcam,
124263,29056937,gold,0.25,0.25,train,https://storage.googleapis.com/sunrisesunset-32a25.firebasestorage.app/snapshots/29056937/1787041911641.jpg,sunset,2026-08-18 08:31:51.927990+00:00,0,webcam,
124272,29255968,gold,1.0,1.0,train,https://storage.googleapis.com/sunrisesunset-32a25.firebasestorage.app/snapshots/29255968/1787043660237.jpg,sunset,2026-08-18 09:01:00.542651+00:00,0,webcam,
124275,2412333,gold,1.0,1.0,train,https://storage.googleapis.com/sunrisesunset-32a25.firebasestorage.app/snapshots/2412333/1787046345006.jpg,sunset,2026-08-18 09:45:46.031842+00:00,0,webcam,
124284,8750142,gold,0.5,0.5,train,https://storage.googleapis.com/sunrisesunset-32a25.firebasestorage.app/snapshots/8750142/1787048145086.jpg,sunset,2026-08-18 10:15:45.438512+00:00,0,webcam,
124285,8952830,gold,0.75,0.75,train,https://storage.googleapis.com/sunrisesunset-32a25.firebasestorage.app/snapshots/8952830/1787048145772.jpg,sunset,2026-08-18 10:15:46.655882+00:00,0,webcam,
124294,29279459,gold,0.5,0.5,train,https://storage.googleapis.com/sunrisesunset-32a25.firebasestorage.app/snapshots/29279459/1787050901421.jpg,sunset,2026-08-18 11:01:42.397181+00:00,0,webcam,
124280,8952830,gold,0.75,0.75,train,https://storage.googleapis.com/sunrisesunset-32a25.firebasestorage.app/snapshots/8952830/1787047247205.jpg,sunset,2026-08-18 10:00:47.946043+00:00,0,webcam,
124281,28955461,gold,0.75,0.75,train,https://storage.googleapis.com/sunrisesunset-32a25.firebasestorage.app/snapshots/28955461/1787047247945.jpg,sunset,2026-08-18 10:00:48.249413+00:00,0,webcam,
124286,29144336,gold,0.5,0.5,train,https://storage.googleapis.com/sunrisesunset-32a25.firebasestorage.app/snapshots/29144336/1787048158288.jpg,sunset,2026-08-18 10:15:58.979347+00:00,0,webcam,
124313,3800978,gold,0.75,0.75,train,https://storage.googleapis.com/sunrisesunset-32a25.firebasestorage.app/snapshots/3800978/1787068853279.jpg,sunset,2026-08-18 16:00:53.722089+00:00,0,webcam,
124282,29144336,gold,0.5,0.5,train,https://storage.googleapis.com/sunrisesunset-32a25.firebasestorage.app/snapshots/29144336/1787047260764.jpg,sunset,2026-08-18 10:01:01.510540+00:00,0,webcam,
124283,3963339,gold,1.0,1.0,train,https://storage.googleapis.com/sunrisesunset-32a25.firebasestorage.app/snapshots/3963339/1787047261190.jpg,sunset,2026-08-18 10:01:01.535042+00:00,0,webcam,
124287,3963339,gold,0.75,0.75,train,https://storage.googleapis.com/sunrisesunset-32a25.firebasestorage.app/snapshots/3963339/1787048158566.jpg,sunset,2026-08-18 10:15:58.980265+00:00,0,webcam,
124317,3156420,gold,0.75,0.75,train,https://storage.googleapis.com/sunrisesunset-32a25.firebasestorage.app/snapshots/3156420/1787070707091.jpg,sunset,2026-08-18 16:31:47.427003+00:00,0,webcam,
124321,331,gold,0.75,0.75,train,https://storage.googleapis.com/sunrisesunset-32a25.firebasestorage.app/snapshots/331/1787071550052.jpg,sunset,2026-08-18 16:45:50.347352+00:00,0,webcam,
124322,15017506,gold,0.25,0.25,train,https://storage.googleapis.com/sunrisesunset-32a25.firebasestorage.app/snapshots/15017506/1787072450587.jpg,sunset,2026-08-18 17:00:51.653265+00:00,0,webcam,
124323,4582505,gold,0.5,0.5,train,https://storage.googleapis.com/sunrisesunset-32a25.firebasestorage.app/snapshots/4582505/1787072453886.jpg,sunset,2026-08-18 17:00:54.232680+00:00,0,webcam,
124324,29224562,gold,1.0,1.0,train,https://storage.googleapis.com/sunrisesunset-32a25.firebasestorage.app/snapshots/29224562/1787073347252.jpg,sunset,2026-08-18 17:15:47.687102+00:00,0,webcam,
124326,21846,gold,0.25,0.25,train,https://storage.googleapis.com/sunrisesunset-32a25.firebasestorage.app/snapshots/21846/1787074244331.jpg,sunset,2026-08-18 17:30:44.848009+00:00,0,webcam,
124328,20868788,gold,0.75,0.75,train,https://storage.googleapis.com/sunrisesunset-32a25.firebasestorage.app/snapshots/20868788/1787075148410.jpg,sunset,2026-08-18 17:45:50.039734+00:00,0,webcam,
124332,1336,gold,0.0,0.0,train,https://storage.googleapis.com/sunrisesunset-32a25.firebasestorage.app/snapshots/1336/1787079644863.jpg,sunset,2026-08-18 19:00:45.470703+00:00,0,webcam,
124344,28791837,gold,0.0,0.0,train,https://storage.googleapis.com/sunrisesunset-32a25.firebasestorage.app/snapshots/28791837/1787083312042.jpg,sunset,2026-08-18 20:01:52.345807+00:00,0,webcam,
124315,29135072,gold,1.0,1.0,train,https://storage.googleapis.com/sunrisesunset-32a25.firebasestorage.app/snapshots/29135072/1787069752460.jpg,sunset,2026-08-18 16:15:52.834087+00:00,0,webcam,
124346,28954171,gold,0.0,0.0,train,https://storage.googleapis.com/sunrisesunset-32a25.firebasestorage.app/snapshots/28954171/1787083314300.jpg,sunset,2026-08-18 20:01:54.598424+00:00,0,webcam,
124347,772735,gold,0.0,0.0,train,https://storage.googleapis.com/sunrisesunset-32a25.firebasestorage.app/snapshots/772735/1787084143209.jpg,sunset,2026-08-18 20:15:43.915108+00:00,0,webcam,
124316,29051458,gold,0.75,0.75,train,https://storage.googleapis.com/sunrisesunset-32a25.firebasestorage.app/snapshots/29051458/1787069752464.jpg,sunset,2026-08-18 16:15:52.848690+00:00,0,webcam,
124351,28791837,gold,0.5,0.5,train,https://storage.googleapis.com/sunrisesunset-32a25.firebasestorage.app/snapshots/28791837/1787084163832.jpg,sunset,2026-08-18 20:16:04.208487+00:00,0,webcam,
124356,2989416,gold,0.25,0.25,train,https://storage.googleapis.com/sunrisesunset-32a25.firebasestorage.app/snapshots/2989416/1787085955947.jpg,sunset,2026-08-18 20:45:56.343504+00:00,0,webcam,
124362,2944828,gold,0.75,0.75,train,https://storage.googleapis.com/sunrisesunset-32a25.firebasestorage.app/snapshots/2944828/1787087745590.jpg,sunset,2026-08-18 21:15:45.923133+00:00,0,webcam,
124371,28482755,gold,0.75,0.75,train,https://storage.googleapis.com/sunrisesunset-32a25.firebasestorage.app/snapshots/28482755/1787092261217.jpg,sunset,2026-08-18 22:31:01.490389+00:00,0,webcam,
124373,29045968,gold,0.5,0.5,train,https://storage.googleapis.com/sunrisesunset-32a25.firebasestorage.app/snapshots/29045968/1787093153797.jpg,sunset,2026-08-18 22:45:54.414473+00:00,0,webcam,
124389,598510,gold,0.5,0.5,train,https://storage.googleapis.com/sunrisesunset-32a25.firebasestorage.app/snapshots/598510/1787096812850.jpg,sunset,2026-08-18 23:46:53.303692+00:00,0,webcam,
124390,29184277,gold,0.0,0.0,train,https://storage.googleapis.com/sunrisesunset-32a25.firebasestorage.app/snapshots/29184277/1787097650248.jpg,sunset,2026-08-19 00:00:51.442614+00:00,0,webcam,
124403,2937106,gold,0.75,0.75,train,https://storage.googleapis.com/sunrisesunset-32a25.firebasestorage.app/snapshots/2937106/1787101250110.jpg,sunset,2026-08-19 01:00:51.516621+00:00,0,webcam,
124359,29022880,gold,0.25,0.25,train,https://storage.googleapis.com/sunrisesunset-32a25.firebasestorage.app/snapshots/29022880/1787086858419.jpg,sunset,2026-08-18 21:00:59.106492+00:00,0,webcam,
124360,28992196,gold,0.5,0.5,train,https://storage.googleapis.com/sunrisesunset-32a25.firebasestorage.app/snapshots/28992196/1787086859574.jpg,sunset,2026-08-18 21:00:59.953157+00:00,0,webcam,
124361,14396710,gold,0.5,0.5,train,https://storage.googleapis.com/sunrisesunset-32a25.firebasestorage.app/snapshots/14396710/1787086859560.jpg,sunset,2026-08-18 21:01:00.183928+00:00,0,webcam,
124363,29022880,gold,0.0,0.0,train,https://storage.googleapis.com/sunrisesunset-32a25.firebasestorage.app/snapshots/29022880/1787087757264.jpg,sunset,2026-08-18 21:15:58.180274+00:00,0,webcam,
124366,3963339,gold,0.5,0.5,train,https://storage.googleapis.com/sunrisesunset-32a25.firebasestorage.app/snapshots/3963339/1787089543629.jpg,sunset,2026-08-18 21:45:44.367638+00:00,0,webcam,
124375,29279459,gold,0.0,0.0,train,https://storage.googleapis.com/sunrisesunset-32a25.firebasestorage.app/snapshots/29279459/1787093155643.jpg,sunset,2026-08-18 22:45:55.968896+00:00,0,webcam,
124383,598510,gold,0.0,0.0,train,https://storage.googleapis.com/sunrisesunset-32a25.firebasestorage.app/snapshots/598510/1787095855174.jpg,sunset,2026-08-18 23:30:55.504494+00:00,0,webcam,
124397,29184277,gold,0.5,0.5,train,https://storage.googleapis.com/sunrisesunset-32a25.firebasestorage.app/snapshots/29184277/1787099512020.jpg,sunset,2026-08-19 00:31:52.309684+00:00,0,webcam,
124385,29286729,gold,0.5,0.5,train,https://storage.googleapis.com/sunrisesunset-32a25.firebasestorage.app/snapshots/29286729/1787095856957.jpg,sunset,2026-08-18 23:30:57.353977+00:00,0,webcam,
124386,8952830,gold,0.25,0.25,train,https://storage.googleapis.com/sunrisesunset-32a25.firebasestorage.app/snapshots/8952830/1787095856952.jpg,sunset,2026-08-18 23:30:57.371650+00:00,0,webcam,
124411,28326341,gold,0.5,0.5,train,https://storage.googleapis.com/sunrisesunset-32a25.firebasestorage.app/snapshots/28326341/1787104926785.jpg,sunset,2026-08-19 02:02:07.245475+00:00,0,webcam,
124412,29275950,gold,0.25,0.25,train,https://storage.googleapis.com/sunrisesunset-32a25.firebasestorage.app/snapshots/29275950/1787104927245.jpg,sunset,2026-08-19 02:02:07.548215+00:00,0,webcam,
124413,359,gold,0.75,0.75,train,https://storage.googleapis.com/sunrisesunset-32a25.firebasestorage.app/snapshots/359/1787105753714.jpg,sunset,2026-08-19 02:15:54.888857+00:00,0,webcam,
124421,28326341,gold,0.75,0.75,train,https://storage.googleapis.com/sunrisesunset-32a25.firebasestorage.app/snapshots/28326341/1787106660688.jpg,sunset,2026-08-19 02:31:00.988769+00:00,0,webcam,
124425,5961510,gold,0.75,0.75,train,https://storage.googleapis.com/sunrisesunset-32a25.firebasestorage.app/snapshots/5961510/1787107543894.jpg,sunset,2026-08-19 02:45:44.608693+00:00,0,webcam,
124444,20803711,gold,0.0,0.0,train,https://storage.googleapis.com/sunrisesunset-32a25.firebasestorage.app/snapshots/20803711/1787113895411.jpg,sunset,2026-08-19 04:31:35.803125+00:00,0,webcam,
124417,4600867,gold,0.75,0.75,train,https://storage.googleapis.com/sunrisesunset-32a25.firebasestorage.app/snapshots/4600867/1787105763868.jpg,sunset,2026-08-19 02:16:04.420760+00:00,0,webcam,
124418,28326341,gold,0.5,0.5,train,https://storage.googleapis.com/sunrisesunset-32a25.firebasestorage.app/snapshots/28326341/1787105763883.jpg,sunset,2026-08-19 02:16:04.474372+00:00,0,webcam,
124428,9797436,gold,0.25,0.25,train,https://storage.googleapis.com/sunrisesunset-32a25.firebasestorage.app/snapshots/9797436/1787107571398.jpg,sunset,2026-08-19 02:46:11.714567+00:00,0,webcam,
124429,29308959,gold,0.5,0.5,train,https://storage.googleapis.com/sunrisesunset-32a25.firebasestorage.app/snapshots/29308959/1787108608326.jpg,sunset,2026-08-19 03:03:28.690334+00:00,0,webcam,
124432,9797436,gold,0.75,0.75,train,https://storage.googleapis.com/sunrisesunset-32a25.firebasestorage.app/snapshots/9797436/1787108610408.jpg,sunset,2026-08-19 03:03:30.728945+00:00,0,webcam,
124446,25195019,gold,0.75,0.75,train,https://storage.googleapis.com/sunrisesunset-32a25.firebasestorage.app/snapshots/25195019/1787113902371.jpg,sunset,2026-08-19 04:31:42.690177+00:00,0,webcam,
124453,5973565,gold,0.5,0.5,train,https://storage.googleapis.com/sunrisesunset-32a25.firebasestorage.app/snapshots/5973565/1787116547231.jpg,sunset,2026-08-19 05:15:47.597959+00:00,0,webcam,
124473,4641273,gold,0.25,0.25,train,https://storage.googleapis.com/sunrisesunset-32a25.firebasestorage.app/snapshots/4641273/1787129152036.jpg,sunset,2026-08-19 08:45:52.629497+00:00,0,webcam,
124477,4641273,gold,0.0,0.0,train,https://storage.googleapis.com/sunrisesunset-32a25.firebasestorage.app/snapshots/4641273/1787130113681.jpg,sunset,2026-08-19 09:01:53.982073+00:00,0,webcam,
124478,29255968,gold,0.75,0.75,train,https://storage.googleapis.com/sunrisesunset-32a25.firebasestorage.app/snapshots/29255968/1787130115157.jpg,sunset,2026-08-19 09:01:55.663324+00:00,0,webcam,
124485,8952830,gold,0.25,0.25,train,https://storage.googleapis.com/sunrisesunset-32a25.firebasestorage.app/snapshots/8952830/1787132745583.jpg,sunset,2026-08-19 09:45:45.934259+00:00,0,webcam,
124487,8750142,gold,0.25,0.25,train,https://storage.googleapis.com/sunrisesunset-32a25.firebasestorage.app/snapshots/8750142/1787133697229.jpg,sunset,2026-08-19 10:01:37.628850+00:00,0,webcam,
124488,8952830,gold,0.75,0.75,train,https://storage.googleapis.com/sunrisesunset-32a25.firebasestorage.app/snapshots/8952830/1787133699091.jpg,sunset,2026-08-19 10:01:39.488523+00:00,0,webcam,
124493,8952830,gold,0.75,0.75,train,https://storage.googleapis.com/sunrisesunset-32a25.firebasestorage.app/snapshots/8952830/1787134546750.jpg,sunset,2026-08-19 10:15:47.122894+00:00,0,webcam,
124499,9379772,gold,0.5,0.5,train,https://storage.googleapis.com/sunrisesunset-32a25.firebasestorage.app/snapshots/9379772/1787135443514.jpg,sunset,2026-08-19 10:30:43.882677+00:00,0,webcam,
124449,25195019,gold,0.5,0.5,train,https://storage.googleapis.com/sunrisesunset-32a25.firebasestorage.app/snapshots/25195019/1787114749234.jpg,sunset,2026-08-19 04:45:49.525362+00:00,0,webcam,
124451,3802591,gold,0.5,0.5,train,https://storage.googleapis.com/sunrisesunset-32a25.firebasestorage.app/snapshots/3802591/1787115707363.jpg,sunset,2026-08-19 05:01:47.743080+00:00,0,webcam,
124452,3802591,gold,0.5,0.5,train,https://storage.googleapis.com/sunrisesunset-32a25.firebasestorage.app/snapshots/3802591/1787116547257.jpg,sunset,2026-08-19 05:15:47.596536+00:00,0,webcam,
124456,3802591,gold,0.5,0.5,train,https://storage.googleapis.com/sunrisesunset-32a25.firebasestorage.app/snapshots/3802591/1787117504611.jpg,sunset,2026-08-19 05:31:44.937243+00:00,0,webcam,
124483,4523591,gold,0.75,0.75,train,https://storage.googleapis.com/sunrisesunset-32a25.firebasestorage.app/snapshots/4523591/1787131854334.jpg,sunset,2026-08-19 09:30:54.773963+00:00,0,webcam,
124484,2937865,gold,0.0,0.0,train,https://storage.googleapis.com/sunrisesunset-32a25.firebasestorage.app/snapshots/2937865/1787131854532.jpg,sunset,2026-08-19 09:30:54.871462+00:00,0,webcam,
124489,28794621,gold,0.75,0.75,train,https://storage.googleapis.com/sunrisesunset-32a25.firebasestorage.app/snapshots/28794621/1787133710214.jpg,sunset,2026-08-19 10:01:50.768435+00:00,0,webcam,
124490,3963339,gold,0.75,0.75,train,https://storage.googleapis.com/sunrisesunset-32a25.firebasestorage.app/snapshots/3963339/1787133711928.jpg,sunset,2026-08-19 10:01:52.512723+00:00,0,webcam,
124492,29144336,gold,0.5,0.5,train,https://storage.googleapis.com/sunrisesunset-32a25.firebasestorage.app/snapshots/29144336/1787133712233.jpg,sunset,2026-08-19 10:01:52.604417+00:00,0,webcam,
124495,28794621,gold,0.75,0.75,train,https://storage.googleapis.com/sunrisesunset-32a25.firebasestorage.app/snapshots/28794621/1787134556412.jpg,sunset,2026-08-19 10:15:57.065199+00:00,0,webcam,
124501,3963339,gold,0.5,0.5,train,https://storage.googleapis.com/sunrisesunset-32a25.firebasestorage.app/snapshots/3963339/1787135460892.jpg,sunset,2026-08-19 10:31:01.216679+00:00,0,webcam,
124502,29144336,gold,0.5,0.5,train,https://storage.googleapis.com/sunrisesunset-32a25.firebasestorage.app/snapshots/29144336/1787135460978.jpg,sunset,2026-08-19 10:31:01.281275+00:00,0,webcam,
124504,9379772,gold,0.5,0.5,train,https://storage.googleapis.com/sunrisesunset-32a25.firebasestorage.app/snapshots/9379772/1787136343186.jpg,sunset,2026-08-19 10:45:43.587716+00:00,0,webcam,
124469,29056937,gold,0.75,0.75,train,https://storage.googleapis.com/sunrisesunset-32a25.firebasestorage.app/snapshots/29056937/1787128308734.jpg,sunset,2026-08-19 08:31:49.037414+00:00,0,webcam,
124496,29144336,gold,0.5,0.5,train,https://storage.googleapis.com/sunrisesunset-32a25.firebasestorage.app/snapshots/29144336/1787134558291.jpg,sunset,2026-08-19 10:15:58.677355+00:00,0,webcam,
124498,3963339,gold,0.5,0.5,train,https://storage.googleapis.com/sunrisesunset-32a25.firebasestorage.app/snapshots/3963339/1787134558430.jpg,sunset,2026-08-19 10:15:58.774016+00:00,0,webcam,
124506,29279459,gold,0.5,0.5,train,https://storage.googleapis.com/sunrisesunset-32a25.firebasestorage.app/snapshots/29279459/1787137303386.jpg,sunset,2026-08-19 11:01:44.040165+00:00,0,webcam,
124520,22856539,gold,0.75,0.75,train,https://storage.googleapis.com/sunrisesunset-32a25.firebasestorage.app/snapshots/22856539/1787142644019.jpg,sunset,2026-08-19 12:30:44.428267+00:00,0,webcam,
124528,29247269,gold,0.0,0.0,train,https://storage.googleapis.com/sunrisesunset-32a25.firebasestorage.app/snapshots/29247269/1787155247687.jpg,sunset,2026-08-19 16:00:48.203486+00:00,0,webcam,
124531,29247269,gold,0.0,0.0,train,https://storage.googleapis.com/sunrisesunset-32a25.firebasestorage.app/snapshots/29247269/1787156149369.jpg,sunset,2026-08-19 16:15:50.418797+00:00,0,webcam,
124532,29051458,gold,0.75,0.75,train,https://storage.googleapis.com/sunrisesunset-32a25.firebasestorage.app/snapshots/29051458/1787157045131.jpg,sunset,2026-08-19 16:30:45.918598+00:00,0,webcam,
124533,3156420,gold,0.75,0.75,train,https://storage.googleapis.com/sunrisesunset-32a25.firebasestorage.app/snapshots/3156420/1787157045313.jpg,sunset,2026-08-19 16:30:46.003993+00:00,0,webcam,
124535,29247269,gold,0.0,0.0,train,https://storage.googleapis.com/sunrisesunset-32a25.firebasestorage.app/snapshots/29247269/1787157047770.jpg,sunset,2026-08-19 16:30:48.132346+00:00,0,webcam,
124536,29224562,gold,0.75,0.75,train,https://storage.googleapis.com/sunrisesunset-32a25.firebasestorage.app/snapshots/29224562/1787157945686.jpg,sunset,2026-08-19 16:45:46.538174+00:00,0,webcam,
124542,15017506,gold,0.0,0.0,train,https://storage.googleapis.com/sunrisesunset-32a25.firebasestorage.app/snapshots/15017506/1787158896562.jpg,sunset,2026-08-19 17:01:36.951587+00:00,0,webcam,
124512,4185852,gold,0.0,0.0,train,https://storage.googleapis.com/sunrisesunset-32a25.firebasestorage.app/snapshots/4185852/1787139997912.jpg,sunset,2026-08-19 11:46:38.241503+00:00,0,webcam,
124527,3800978,gold,0.5,0.5,train,https://storage.googleapis.com/sunrisesunset-32a25.firebasestorage.app/snapshots/3800978/1787155247453.jpg,sunset,2026-08-19 16:00:48.201725+00:00,0,webcam,
124530,29135072,gold,1.0,1.0,train,https://storage.googleapis.com/sunrisesunset-32a25.firebasestorage.app/snapshots/29135072/1787156150059.jpg,sunset,2026-08-19 16:15:50.416561+00:00,0,webcam,
124537,15017506,gold,0.5,0.5,train,https://storage.googleapis.com/sunrisesunset-32a25.firebasestorage.app/snapshots/15017506/1787157948461.jpg,sunset,2026-08-19 16:45:48.817021+00:00,0,webcam,
124539,331,gold,0.25,0.25,train,https://storage.googleapis.com/sunrisesunset-32a25.firebasestorage.app/snapshots/331/1787157950799.jpg,sunset,2026-08-19 16:45:51.106072+00:00,0,webcam,
124543,29224562,gold,0.75,0.75,train,https://storage.googleapis.com/sunrisesunset-32a25.firebasestorage.app/snapshots/29224562/1787158896580.jpg,sunset,2026-08-19 17:01:36.991828+00:00,0,webcam,
124545,29224562,gold,0.75,0.75,train,https://storage.googleapis.com/sunrisesunset-32a25.firebasestorage.app/snapshots/29224562/1787159748005.jpg,sunset,2026-08-19 17:15:48.409920+00:00,0,webcam,
124546,29312516,gold,0.25,0.25,train,https://storage.googleapis.com/sunrisesunset-32a25.firebasestorage.app/snapshots/29312516/1787163402123.jpg,sunset,2026-08-19 18:16:43.321072+00:00,0,webcam,
124565,28961840,gold,0.0,0.0,train,https://storage.googleapis.com/sunrisesunset-32a25.firebasestorage.app/snapshots/28961840/1787170546333.jpg,sunset,2026-08-19 20:15:46.705206+00:00,0,webcam,
124570,28961840,gold,0.5,0.5,train,https://storage.googleapis.com/sunrisesunset-32a25.firebasestorage.app/snapshots/28961840/1787171444196.jpg,sunset,2026-08-19 20:30:44.542226+00:00,0,webcam,
124585,29144336,gold,0.25,0.25,train,https://storage.googleapis.com/sunrisesunset-32a25.firebasestorage.app/snapshots/29144336/1787175998868.jpg,sunset,2026-08-19 21:46:39.184218+00:00,0,webcam,
124548,29312516,gold,0.75,0.75,train,https://storage.googleapis.com/sunrisesunset-32a25.firebasestorage.app/snapshots/29312516/1787164250100.jpg,sunset,2026-08-19 18:30:50.475785+00:00,0,webcam,
124602,22802971,gold,0.0,0.0,train,https://storage.googleapis.com/sunrisesunset-32a25.firebasestorage.app/snapshots/22802971/1787180513678.jpg,sunset,2026-08-19 23:01:53.997117+00:00,0,webcam,
124579,931,gold,0.25,0.25,train,https://storage.googleapis.com/sunrisesunset-32a25.firebasestorage.app/snapshots/931/1787173304871.jpg,sunset,2026-08-19 21:01:45.168579+00:00,0,webcam,
124595,28482755,gold,0.75,0.75,train,https://storage.googleapis.com/sunrisesunset-32a25.firebasestorage.app/snapshots/28482755/1787178657246.jpg,sunset,2026-08-19 22:30:57.616021+00:00,0,webcam,
124609,28907546,gold,0.25,0.25,train,https://storage.googleapis.com/sunrisesunset-32a25.firebasestorage.app/snapshots/28907546/1787183143928.jpg,sunset,2026-08-19 23:45:44.270604+00:00,0,webcam,
124616,3168181,gold,0.75,0.75,train,https://storage.googleapis.com/sunrisesunset-32a25.firebasestorage.app/snapshots/3168181/1787184107136.jpg,sunset,2026-08-20 00:01:47.463875+00:00,0,webcam,
124620,3168181,gold,0.75,0.75,train,https://storage.googleapis.com/sunrisesunset-32a25.firebasestorage.app/snapshots/3168181/1787184953056.jpg,sunset,2026-08-20 00:15:53.848215+00:00,0,webcam,
124622,3168181,gold,0.5,0.5,train,https://storage.googleapis.com/sunrisesunset-32a25.firebasestorage.app/snapshots/3168181/1787185899593.jpg,sunset,2026-08-20 00:31:40.411665+00:00,0,webcam,
124635,11859,gold,0.75,0.75,train,https://storage.googleapis.com/sunrisesunset-32a25.firebasestorage.app/snapshots/11859/1787190358377.jpg,sunset,2026-08-20 01:45:58.769629+00:00,0,webcam,
124563,10027789,gold,0.25,0.25,train,https://storage.googleapis.com/sunrisesunset-32a25.firebasestorage.app/snapshots/10027789/1787169711078.jpg,sunset,2026-08-19 20:01:51.477488+00:00,0,webcam,
124574,931,gold,0.0,0.0,train,https://storage.googleapis.com/sunrisesunset-32a25.firebasestorage.app/snapshots/931/1787171458299.jpg,sunset,2026-08-19 20:30:58.618443+00:00,0,webcam,
124580,29022880,gold,0.75,0.75,train,https://storage.googleapis.com/sunrisesunset-32a25.firebasestorage.app/snapshots/29022880/1787173306223.jpg,sunset,2026-08-19 21:01:46.531800+00:00,0,webcam,
124604,29286729,gold,0.75,0.75,train,https://storage.googleapis.com/sunrisesunset-32a25.firebasestorage.app/snapshots/29286729/1787181351438.jpg,sunset,2026-08-19 23:15:51.758423+00:00,0,webcam,
124612,3168181,gold,0.75,0.75,train,https://storage.googleapis.com/sunrisesunset-32a25.firebasestorage.app/snapshots/3168181/1787183151905.jpg,sunset,2026-08-19 23:45:52.292688+00:00,0,webcam,
124634,11859,gold,0.75,0.75,train,https://storage.googleapis.com/sunrisesunset-32a25.firebasestorage.app/snapshots/11859/1787189455902.jpg,sunset,2026-08-20 01:30:56.199571+00:00,0,webcam,
124607,8952830,gold,0.5,0.5,train,https://storage.googleapis.com/sunrisesunset-32a25.firebasestorage.app/snapshots/8952830/1787182253059.jpg,sunset,2026-08-19 23:30:53.351715+00:00,0,webcam,
124638,28326341,gold,0.75,0.75,train,https://storage.googleapis.com/sunrisesunset-32a25.firebasestorage.app/snapshots/28326341/1787192158607.jpg,sunset,2026-08-20 02:15:58.903942+00:00,0,webcam,
124639,4600867,gold,0.5,0.5,train,https://storage.googleapis.com/sunrisesunset-32a25.firebasestorage.app/snapshots/4600867/1787192158506.jpg,sunset,2026-08-20 02:15:58.919583+00:00,0,webcam,
124640,29149680,gold,0.0,0.0,train,https://storage.googleapis.com/sunrisesunset-32a25.firebasestorage.app/snapshots/29149680/1787192158618.jpg,sunset,2026-08-20 02:15:58.937330+00:00,0,webcam,
124614,8952830,gold,0.5,0.5,train,https://storage.googleapis.com/sunrisesunset-32a25.firebasestorage.app/snapshots/8952830/1787183151942.jpg,sunset,2026-08-19 23:45:52.294062+00:00,0,webcam,
124644,5961510,gold,1.0,1.0,train,https://storage.googleapis.com/sunrisesunset-32a25.firebasestorage.app/snapshots/5961510/1787193942577.jpg,sunset,2026-08-20 02:45:43.390618+00:00,0,webcam,
124653,5961510,gold,1.0,1.0,train,https://storage.googleapis.com/sunrisesunset-32a25.firebasestorage.app/snapshots/5961510/1787194841866.jpg,sunset,2026-08-20 03:00:43.276142+00:00,0,webcam,
124656,27645536,gold,0.5,0.5,train,https://storage.googleapis.com/sunrisesunset-32a25.firebasestorage.app/snapshots/27645536/1787194854962.jpg,sunset,2026-08-20 03:00:55.277327+00:00,0,webcam,
124658,9797436,gold,0.75,0.75,train,https://storage.googleapis.com/sunrisesunset-32a25.firebasestorage.app/snapshots/9797436/1787194856149.jpg,sunset,2026-08-20 03:00:56.432036+00:00,0,webcam,
124659,9164847,gold,0.25,0.25,train,https://storage.googleapis.com/sunrisesunset-32a25.firebasestorage.app/snapshots/9164847/1787195743265.jpg,sunset,2026-08-20 03:15:43.741715+00:00,0,webcam,
124670,29247269,gold,0.5,0.5,train,https://storage.googleapis.com/sunrisesunset-32a25.firebasestorage.app/snapshots/29247269/1787197543432.jpg,sunset,2026-08-20 03:45:43.987009+00:00,0,webcam,
124675,29247269,gold,0.75,0.75,train,https://storage.googleapis.com/sunrisesunset-32a25.firebasestorage.app/snapshots/29247269/1787198499742.jpg,sunset,2026-08-20 04:01:40.554282+00:00,0,webcam,
124683,137,gold,0.5,0.5,train,https://storage.googleapis.com/sunrisesunset-32a25.firebasestorage.app/snapshots/137/1787199353101.jpg,sunset,2026-08-20 04:15:53.464894+00:00,0,webcam,
124688,5973565,gold,0.5,0.5,train,https://storage.googleapis.com/sunrisesunset-32a25.firebasestorage.app/snapshots/5973565/1787202946151.jpg,sunset,2026-08-20 05:15:47.201040+00:00,0,webcam,
124692,29022880,gold,0.0,0.0,train,https://storage.googleapis.com/sunrisesunset-32a25.firebasestorage.app/snapshots/29022880/1787207444045.jpg,sunset,2026-08-20 06:30:44.695360+00:00,0,webcam,
124667,28820838,gold,0.75,0.75,train,https://storage.googleapis.com/sunrisesunset-32a25.firebasestorage.app/snapshots/28820838/1787196645847.jpg,sunset,2026-08-20 03:30:46.203901+00:00,0,webcam,
124671,24906830,gold,0.25,0.25,train,https://storage.googleapis.com/sunrisesunset-32a25.firebasestorage.app/snapshots/24906830/1787197546997.jpg,sunset,2026-08-20 03:45:47.278495+00:00,0,webcam,
124678,16978236,gold,0.0,0.0,train,https://storage.googleapis.com/sunrisesunset-32a25.firebasestorage.app/snapshots/16978236/1787198507463.jpg,sunset,2026-08-20 04:01:47.795086+00:00,0,webcam,
124685,25195019,gold,0.75,0.75,train,https://storage.googleapis.com/sunrisesunset-32a25.firebasestorage.app/snapshots/25195019/1787200248637.jpg,sunset,2026-08-20 04:30:48.941820+00:00,0,webcam,
124687,3802591,gold,0.5,0.5,train,https://storage.googleapis.com/sunrisesunset-32a25.firebasestorage.app/snapshots/3802591/1787202098315.jpg,sunset,2026-08-20 05:01:38.896926+00:00,0,webcam,
124698,29316877,gold,0.0,0.0,train,https://storage.googleapis.com/sunrisesunset-32a25.firebasestorage.app/snapshots/29316877/1787212906045.jpg,sunset,2026-08-20 08:01:46.343717+00:00,0,webcam,
124652,29246518,gold,0.0,0.0,train,https://storage.googleapis.com/sunrisesunset-32a25.firebasestorage.app/snapshots/29246518/1787193957435.jpg,sunset,2026-08-20 02:45:57.831694+00:00,0,webcam,
124682,29064479,gold,0.0,0.0,train,https://storage.googleapis.com/sunrisesunset-32a25.firebasestorage.app/snapshots/29064479/1787199351907.jpg,sunset,2026-08-20 04:15:52.263335+00:00,0,webcam,
124669,3004200,gold,0.75,0.75,train,https://storage.googleapis.com/sunrisesunset-32a25.firebasestorage.app/snapshots/3004200/1787196654008.jpg,sunset,2026-08-20 03:30:54.754723+00:00,0,webcam,
124674,2972357,gold,0.0,0.0,train,https://storage.googleapis.com/sunrisesunset-32a25.firebasestorage.app/snapshots/2972357/1787197553734.jpg,sunset,2026-08-20 03:45:54.436560+00:00,0,webcam,
124706,29230109,gold,0.5,0.5,train,https://storage.googleapis.com/sunrisesunset-32a25.firebasestorage.app/snapshots/29230109/1787215549642.jpg,sunset,2026-08-20 08:45:49.920469+00:00,0,webcam,
124708,4641273,gold,0.0,0.0,train,https://storage.googleapis.com/sunrisesunset-32a25.firebasestorage.app/snapshots/4641273/1787215551482.jpg,sunset,2026-08-20 08:45:51.812197+00:00,0,webcam,
124717,8952830,gold,0.25,0.25,train,https://storage.googleapis.com/sunrisesunset-32a25.firebasestorage.app/snapshots/8952830/1787219197874.jpg,sunset,2026-08-20 09:46:38.262437+00:00,0,webcam,
124720,8750142,gold,0.0,0.0,train,https://storage.googleapis.com/sunrisesunset-32a25.firebasestorage.app/snapshots/8750142/1787220044433.jpg,sunset,2026-08-20 10:00:44.771896+00:00,0,webcam,
124721,8952830,gold,0.5,0.5,train,https://storage.googleapis.com/sunrisesunset-32a25.firebasestorage.app/snapshots/8952830/1787220045179.jpg,sunset,2026-08-20 10:00:46.078022+00:00,0,webcam,
124725,8750142,gold,0.5,0.5,train,https://storage.googleapis.com/sunrisesunset-32a25.firebasestorage.app/snapshots/8750142/1787220947190.jpg,sunset,2026-08-20 10:15:47.793241+00:00,0,webcam,
124730,8750142,gold,0.75,0.75,train,https://storage.googleapis.com/sunrisesunset-32a25.firebasestorage.app/snapshots/8750142/1787221892455.jpg,sunset,2026-08-20 10:31:32.862488+00:00,0,webcam,
124734,3963339,gold,1.0,1.0,train,https://storage.googleapis.com/sunrisesunset-32a25.firebasestorage.app/snapshots/3963339/1787221909057.jpg,sunset,2026-08-20 10:31:49.335862+00:00,0,webcam,
124739,9797436,gold,0.75,0.75,train,https://storage.googleapis.com/sunrisesunset-32a25.firebasestorage.app/snapshots/9797436/1787227245186.jpg,sunset,2026-08-20 12:00:45.645823+00:00,0,webcam,
124726,8952830,gold,0.25,0.25,train,https://storage.googleapis.com/sunrisesunset-32a25.firebasestorage.app/snapshots/8952830/1787220949310.jpg,sunset,2026-08-20 10:15:49.600124+00:00,0,webcam,
124740,9797436,gold,0.5,0.5,train,https://storage.googleapis.com/sunrisesunset-32a25.firebasestorage.app/snapshots/9797436/1787228145778.jpg,sunset,2026-08-20 12:15:46.511140+00:00,0,webcam,
124719,3963339,gold,1.0,1.0,train,https://storage.googleapis.com/sunrisesunset-32a25.firebasestorage.app/snapshots/3963339/1787219208760.jpg,sunset,2026-08-20 09:46:49.269094+00:00,0,webcam,
124724,29144336,gold,0.5,0.5,train,https://storage.googleapis.com/sunrisesunset-32a25.firebasestorage.app/snapshots/29144336/1787220056641.jpg,sunset,2026-08-20 10:00:57.188015+00:00,0,webcam,
124729,29144336,gold,0.5,0.5,train,https://storage.googleapis.com/sunrisesunset-32a25.firebasestorage.app/snapshots/29144336/1787220961753.jpg,sunset,2026-08-20 10:16:02.340398+00:00,0,webcam,
124749,5973565,gold,0.25,0.25,train,https://storage.googleapis.com/sunrisesunset-32a25.firebasestorage.app/snapshots/5973565/1787240742463.jpg,sunset,2026-08-20 15:45:42.929796+00:00,0,webcam,
124750,5973565,gold,0.75,0.75,train,https://storage.googleapis.com/sunrisesunset-32a25.firebasestorage.app/snapshots/5973565/1787241689860.jpg,sunset,2026-08-20 16:01:30.216818+00:00,0,webcam,
124755,29051458,gold,0.75,0.75,train,https://storage.googleapis.com/sunrisesunset-32a25.firebasestorage.app/snapshots/29051458/1787242600885.jpg,sunset,2026-08-20 16:16:41.395601+00:00,0,webcam,
124756,3800978,gold,0.75,0.75,train,https://storage.googleapis.com/sunrisesunset-32a25.firebasestorage.app/snapshots/3800978/1787242600186.jpg,sunset,2026-08-20 16:16:41.469385+00:00,0,webcam,
124759,29051458,gold,0.5,0.5,train,https://storage.googleapis.com/sunrisesunset-32a25.firebasestorage.app/snapshots/29051458/1787243446922.jpg,sunset,2026-08-20 16:30:47.331530+00:00,0,webcam,
124763,29224562,gold,1.0,1.0,train,https://storage.googleapis.com/sunrisesunset-32a25.firebasestorage.app/snapshots/29224562/1787244401862.jpg,sunset,2026-08-20 16:46:42.490273+00:00,0,webcam,
124766,331,gold,0.0,0.0,train,https://storage.googleapis.com/sunrisesunset-32a25.firebasestorage.app/snapshots/331/1787244405277.jpg,sunset,2026-08-20 16:46:45.660867+00:00,0,webcam,
124767,29224562,gold,1.0,1.0,train,https://storage.googleapis.com/sunrisesunset-32a25.firebasestorage.app/snapshots/29224562/1787245306377.jpg,sunset,2026-08-20 17:01:46.957211+00:00,0,webcam,
124768,6411389,gold,0.75,0.75,train,https://storage.googleapis.com/sunrisesunset-32a25.firebasestorage.app/snapshots/6411389/1787245306701.jpg,sunset,2026-08-20 17:01:47.343764+00:00,0,webcam,
124769,4582505,gold,0.25,0.25,train,https://storage.googleapis.com/sunrisesunset-32a25.firebasestorage.app/snapshots/4582505/1787245308956.jpg,sunset,2026-08-20 17:01:49.314310+00:00,0,webcam,
124775,29006956,gold,0.0,0.0,train,https://storage.googleapis.com/sunrisesunset-32a25.firebasestorage.app/snapshots/29006956/1787249749285.jpg,sunset,2026-08-20 18:15:49.822160+00:00,0,webcam,
124780,29068491,gold,0.75,0.75,train,https://storage.googleapis.com/sunrisesunset-32a25.firebasestorage.app/snapshots/29068491/1787252456165.jpg,sunset,2026-08-20 19:00:56.565990+00:00,0,webcam,
124752,9164847,gold,0.5,0.5,train,https://storage.googleapis.com/sunrisesunset-32a25.firebasestorage.app/snapshots/9164847/1787241694816.jpg,sunset,2026-08-20 16:01:35.166849+00:00,0,webcam,
124753,3800978,gold,0.5,0.5,train,https://storage.googleapis.com/sunrisesunset-32a25.firebasestorage.app/snapshots/3800978/1787241694801.jpg,sunset,2026-08-20 16:01:35.196176+00:00,0,webcam,
124758,3156420,gold,0.75,0.75,train,https://storage.googleapis.com/sunrisesunset-32a25.firebasestorage.app/snapshots/3156420/1787243445811.jpg,sunset,2026-08-20 16:30:47.321310+00:00,0,webcam,
124762,182,gold,0.75,0.75,train,https://storage.googleapis.com/sunrisesunset-32a25.firebasestorage.app/snapshots/182/1787243448101.jpg,sunset,2026-08-20 16:30:48.634408+00:00,0,webcam,
124764,15017506,gold,0.5,0.5,train,https://storage.googleapis.com/sunrisesunset-32a25.firebasestorage.app/snapshots/15017506/1787244404319.jpg,sunset,2026-08-20 16:46:44.607116+00:00,0,webcam,
124772,29224562,gold,1.0,1.0,train,https://storage.googleapis.com/sunrisesunset-32a25.firebasestorage.app/snapshots/29224562/1787246145124.jpg,sunset,2026-08-20 17:15:45.817103+00:00,0,webcam,
124773,15017506,gold,0.5,0.5,train,https://storage.googleapis.com/sunrisesunset-32a25.firebasestorage.app/snapshots/15017506/1787246147320.jpg,sunset,2026-08-20 17:15:47.810484+00:00,0,webcam,
124774,4582505,gold,0.5,0.5,train,https://storage.googleapis.com/sunrisesunset-32a25.firebasestorage.app/snapshots/4582505/1787246147585.jpg,sunset,2026-08-20 17:15:47.931883+00:00,0,webcam,
124792,24671280,gold,0.5,0.5,train,https://storage.googleapis.com/sunrisesunset-32a25.firebasestorage.app/snapshots/24671280/1787256069805.jpg,sunset,2026-08-20 20:01:10.439557+00:00,0,webcam,
124805,2937106,gold,0.0,0.0,train,https://storage.googleapis.com/sunrisesunset-32a25.firebasestorage.app/snapshots/2937106/1787258755451.jpg,sunset,2026-08-20 20:45:56.145610+00:00,0,webcam,
124807,931,gold,0.5,0.5,train,https://storage.googleapis.com/sunrisesunset-32a25.firebasestorage.app/snapshots/931/1787258764877.jpg,sunset,2026-08-20 20:46:05.206871+00:00,0,webcam,
124814,29022880,gold,0.25,0.25,train,https://storage.googleapis.com/sunrisesunset-32a25.firebasestorage.app/snapshots/29022880/1787260608760.jpg,sunset,2026-08-20 21:16:49.146732+00:00,0,webcam,
124817,29320505,gold,0.5,0.5,train,https://storage.googleapis.com/sunrisesunset-32a25.firebasestorage.app/snapshots/29320505/1787261466160.jpg,sunset,2026-08-20 21:31:06.502097+00:00,0,webcam,
124818,29144336,gold,0.75,0.75,train,https://storage.googleapis.com/sunrisesunset-32a25.firebasestorage.app/snapshots/29144336/1787263242951.jpg,sunset,2026-08-20 22:00:43.771547+00:00,0,webcam,
124821,3950413,gold,0.75,0.75,train,https://storage.googleapis.com/sunrisesunset-32a25.firebasestorage.app/snapshots/3950413/1787264149562.jpg,sunset,2026-08-20 22:15:49.930179+00:00,0,webcam,
124801,931,gold,0.75,0.75,train,https://storage.googleapis.com/sunrisesunset-32a25.firebasestorage.app/snapshots/931/1787257930052.jpg,sunset,2026-08-20 20:32:10.366166+00:00,0,webcam,
124815,14396710,gold,0.75,0.75,train,https://storage.googleapis.com/sunrisesunset-32a25.firebasestorage.app/snapshots/14396710/1787260609487.jpg,sunset,2026-08-20 21:16:49.971259+00:00,0,webcam,
124784,29068491,gold,0.75,0.75,train,https://storage.googleapis.com/sunrisesunset-32a25.firebasestorage.app/snapshots/29068491/1787253358765.jpg,sunset,2026-08-20 19:15:59.052436+00:00,0,webcam,
124799,28992538,gold,0.0,0.0,train,https://storage.googleapis.com/sunrisesunset-32a25.firebasestorage.app/snapshots/28992538/1787256971820.jpg,sunset,2026-08-20 20:16:12.311566+00:00,0,webcam,
124811,29022880,gold,0.5,0.5,train,https://storage.googleapis.com/sunrisesunset-32a25.firebasestorage.app/snapshots/29022880/1787259717242.jpg,sunset,2026-08-20 21:01:57.533529+00:00,0,webcam,
124812,28992196,gold,0.5,0.5,train,https://storage.googleapis.com/sunrisesunset-32a25.firebasestorage.app/snapshots/28992196/1787259717229.jpg,sunset,2026-08-20 21:01:57.577331+00:00,0,webcam,
124828,3950413,gold,0.75,0.75,train,https://storage.googleapis.com/sunrisesunset-32a25.firebasestorage.app/snapshots/3950413/1787265053489.jpg,sunset,2026-08-20 22:30:53.849287+00:00,0,webcam,
124846,3950413,gold,0.75,0.75,train,https://storage.googleapis.com/sunrisesunset-32a25.firebasestorage.app/snapshots/3950413/1787269546791.jpg,sunset,2026-08-20 23:45:47.326458+00:00,0,webcam,
124850,3950413,gold,0.75,0.75,train,https://storage.googleapis.com/sunrisesunset-32a25.firebasestorage.app/snapshots/3950413/1787270447971.jpg,sunset,2026-08-21 00:00:48.537021+00:00,0,webcam,
124851,6785,gold,0.5,0.5,train,https://storage.googleapis.com/sunrisesunset-32a25.firebasestorage.app/snapshots/6785/1787270454708.jpg,sunset,2026-08-21 00:00:55.298289+00:00,0,webcam,
124863,8355,gold,0.5,0.5,train,https://storage.googleapis.com/sunrisesunset-32a25.firebasestorage.app/snapshots/8355/1787272308127.jpg,sunset,2026-08-21 00:31:48.411992+00:00,0,webcam,
124889,29160829,gold,0.5,0.5,train,https://storage.googleapis.com/sunrisesunset-32a25.firebasestorage.app/snapshots/29160829/1787277644839.jpg,sunset,2026-08-21 02:00:45.678127+00:00,0,webcam,
124854,3950413,gold,0.75,0.75,train,https://storage.googleapis.com/sunrisesunset-32a25.firebasestorage.app/snapshots/3950413/1787271346919.jpg,sunset,2026-08-21 00:15:47.224304+00:00,0,webcam,
124859,3950413,gold,0.75,0.75,train,https://storage.googleapis.com/sunrisesunset-32a25.firebasestorage.app/snapshots/3950413/1787272299048.jpg,sunset,2026-08-21 00:31:39.365995+00:00,0,webcam,
124866,3950413,gold,0.75,0.75,train,https://storage.googleapis.com/sunrisesunset-32a25.firebasestorage.app/snapshots/3950413/1787273147649.jpg,sunset,2026-08-21 00:45:47.986871+00:00,0,webcam,
124832,3950413,gold,0.75,0.75,train,https://storage.googleapis.com/sunrisesunset-32a25.firebasestorage.app/snapshots/3950413/1787265949860.jpg,sunset,2026-08-20 22:45:50.172153+00:00,0,webcam,
124837,3950413,gold,0.75,0.75,train,https://storage.googleapis.com/sunrisesunset-32a25.firebasestorage.app/snapshots/3950413/1787266903339.jpg,sunset,2026-08-20 23:01:43.766254+00:00,0,webcam,
124857,2956585,gold,0.25,0.25,train,https://storage.googleapis.com/sunrisesunset-32a25.firebasestorage.app/snapshots/2956585/1787271354760.jpg,sunset,2026-08-21 00:15:55.082006+00:00,0,webcam,
124883,12451,gold,0.75,0.75,train,https://storage.googleapis.com/sunrisesunset-32a25.firebasestorage.app/snapshots/12451/1787275868877.jpg,sunset,2026-08-21 01:31:09.172677+00:00,0,webcam,
124861,6785,gold,0.0,0.0,train,https://storage.googleapis.com/sunrisesunset-32a25.firebasestorage.app/snapshots/6785/1787272306095.jpg,sunset,2026-08-21 00:31:46.387162+00:00,0,webcam,
124900,2921377,gold,0.75,0.75,train,https://storage.googleapis.com/sunrisesunset-32a25.firebasestorage.app/snapshots/2921377/1787279465812.jpg,sunset,2026-08-21 02:31:06.150717+00:00,0,webcam,
124901,88,gold,0.5,0.5,train,https://storage.googleapis.com/sunrisesunset-32a25.firebasestorage.app/snapshots/88/1787280343280.jpg,sunset,2026-08-21 02:45:43.639226+00:00,0,webcam,
124903,5961510,gold,0.75,0.75,train,https://storage.googleapis.com/sunrisesunset-32a25.firebasestorage.app/snapshots/5961510/1787281244034.jpg,sunset,2026-08-21 03:00:45.421120+00:00,0,webcam,
124907,13079,gold,0.0,0.0,train,https://storage.googleapis.com/sunrisesunset-32a25.firebasestorage.app/snapshots/13079/1787282206447.jpg,sunset,2026-08-21 03:16:47.867950+00:00,0,webcam,
124915,14300,gold,1.0,1.0,train,https://storage.googleapis.com/sunrisesunset-32a25.firebasestorage.app/snapshots/14300/1787284005108.jpg,sunset,2026-08-21 03:46:45.677279+00:00,0,webcam,
124918,8923040,gold,0.75,0.75,train,https://storage.googleapis.com/sunrisesunset-32a25.firebasestorage.app/snapshots/8923040/1787285743889.jpg,sunset,2026-08-21 04:15:44.513730+00:00,0,webcam,
124925,29165796,gold,0.5,0.5,train,https://storage.googleapis.com/sunrisesunset-32a25.firebasestorage.app/snapshots/29165796/1787289353191.jpg,sunset,2026-08-21 05:15:53.949932+00:00,0,webcam,
124935,8415550,gold,0.75,0.75,train,https://storage.googleapis.com/sunrisesunset-32a25.firebasestorage.app/snapshots/8415550/1787297446956.jpg,sunset,2026-08-21 07:30:47.335261+00:00,0,webcam,
124910,13950,gold,0.0,0.0,train,https://storage.googleapis.com/sunrisesunset-32a25.firebasestorage.app/snapshots/13950/1787282212390.jpg,sunset,2026-08-21 03:16:52.904329+00:00,0,webcam,
124912,14300,gold,0.75,0.75,train,https://storage.googleapis.com/sunrisesunset-32a25.firebasestorage.app/snapshots/14300/1787283122105.jpg,sunset,2026-08-21 03:32:02.391793+00:00,0,webcam,
124927,29165796,gold,0.0,0.0,train,https://storage.googleapis.com/sunrisesunset-32a25.firebasestorage.app/snapshots/29165796/1787290304071.jpg,sunset,2026-08-21 05:31:45.792036+00:00,0,webcam,
124942,24909046,gold,0.0,0.0,train,https://storage.googleapis.com/sunrisesunset-32a25.firebasestorage.app/snapshots/24909046/1787301953918.jpg,sunset,2026-08-21 08:45:54.276178+00:00,0,webcam,
124947,29163984,gold,0.5,0.5,train,https://storage.googleapis.com/sunrisesunset-32a25.firebasestorage.app/snapshots/29163984/1787302860625.jpg,sunset,2026-08-21 09:01:00.980358+00:00,0,webcam,
124956,5471,gold,0.5,0.5,train,https://storage.googleapis.com/sunrisesunset-32a25.firebasestorage.app/snapshots/5471/1787305545987.jpg,sunset,2026-08-21 09:45:46.853486+00:00,0,webcam,
124957,2412333,gold,0.25,0.25,train,https://storage.googleapis.com/sunrisesunset-32a25.firebasestorage.app/snapshots/2412333/1787305546403.jpg,sunset,2026-08-21 09:45:47.013700+00:00,0,webcam,
124959,24283527,gold,0.75,0.75,train,https://storage.googleapis.com/sunrisesunset-32a25.firebasestorage.app/snapshots/24283527/1787305568691.jpg,sunset,2026-08-21 09:46:09.187751+00:00,0,webcam,
124960,16936227,gold,1.0,1.0,train,https://storage.googleapis.com/sunrisesunset-32a25.firebasestorage.app/snapshots/16936227/1787305571495.jpg,sunset,2026-08-21 09:46:11.798594+00:00,0,webcam,
124962,24283527,gold,0.75,0.75,train,https://storage.googleapis.com/sunrisesunset-32a25.firebasestorage.app/snapshots/24283527/1787306461291.jpg,sunset,2026-08-21 10:01:02.821484+00:00,0,webcam,
124964,29166120,gold,0.75,0.75,train,https://storage.googleapis.com/sunrisesunset-32a25.firebasestorage.app/snapshots/29166120/1787307361550.jpg,sunset,2026-08-21 10:16:01.891757+00:00,0,webcam,
124965,9379772,gold,0.75,0.75,train,https://storage.googleapis.com/sunrisesunset-32a25.firebasestorage.app/snapshots/9379772/1787308243388.jpg,sunset,2026-08-21 10:30:43.764019+00:00,0,webcam,
124969,1866,gold,0.5,0.5,train,https://storage.googleapis.com/sunrisesunset-32a25.firebasestorage.app/snapshots/1866/1787309168125.jpg,sunset,2026-08-21 10:46:08.950017+00:00,0,webcam,
124974,1866,gold,0.0,0.0,train,https://storage.googleapis.com/sunrisesunset-32a25.firebasestorage.app/snapshots/1866/1787310068702.jpg,sunset,2026-08-21 11:01:09.402212+00:00,0,webcam,
124977,2957622,gold,0.75,0.75,train,https://storage.googleapis.com/sunrisesunset-32a25.firebasestorage.app/snapshots/2957622/1787310944308.jpg,sunset,2026-08-21 11:15:44.731228+00:00,0,webcam,
124944,29163984,gold,0.75,0.75,train,https://storage.googleapis.com/sunrisesunset-32a25.firebasestorage.app/snapshots/29163984/1787301955775.jpg,sunset,2026-08-21 08:45:56.096506+00:00,0,webcam,
124946,29163979,gold,0.25,0.25,train,https://storage.googleapis.com/sunrisesunset-32a25.firebasestorage.app/snapshots/29163979/1787301955770.jpg,sunset,2026-08-21 08:45:56.136407+00:00,0,webcam,
124954,3741,gold,1.0,1.0,train,https://storage.googleapis.com/sunrisesunset-32a25.firebasestorage.app/snapshots/3741/1787304662366.jpg,sunset,2026-08-21 09:31:03.075337+00:00,0,webcam,
124955,16936227,gold,0.75,0.75,train,https://storage.googleapis.com/sunrisesunset-32a25.firebasestorage.app/snapshots/16936227/1787304664270.jpg,sunset,2026-08-21 09:31:04.575380+00:00,0,webcam,
124972,29163906,gold,0.25,0.25,train,https://storage.googleapis.com/sunrisesunset-32a25.firebasestorage.app/snapshots/29163906/1787310053570.jpg,sunset,2026-08-21 11:00:54.272588+00:00,0,webcam,
124975,4226,gold,0.25,0.25,train,https://storage.googleapis.com/sunrisesunset-32a25.firebasestorage.app/snapshots/4226/1787310069552.jpg,sunset,2026-08-21 11:01:10.868119+00:00,0,webcam,
124980,25533551,gold,0.25,0.25,train,https://storage.googleapis.com/sunrisesunset-32a25.firebasestorage.app/snapshots/25533551/1787312750079.jpg,sunset,2026-08-21 11:45:50.874423+00:00,0,webcam,
124952,16936227,gold,0.75,0.75,train,https://storage.googleapis.com/sunrisesunset-32a25.firebasestorage.app/snapshots/16936227/1787303763512.jpg,sunset,2026-08-21 09:16:03.869184+00:00,0,webcam,
124979,1866,gold,1.0,1.0,train,https://storage.googleapis.com/sunrisesunset-32a25.firebasestorage.app/snapshots/1866/1787310961921.jpg,sunset,2026-08-21 11:16:02.413441+00:00,0,webcam,
124985,28907546,gold,0.0,0.0,train,https://storage.googleapis.com/sunrisesunset-32a25.firebasestorage.app/snapshots/28907546/1787319043199.jpg,sunset,2026-08-21 13:30:43.594734+00:00,0,webcam,
124988,93,gold,0.0,0.0,train,https://storage.googleapis.com/sunrisesunset-32a25.firebasestorage.app/snapshots/93/1787328050435.jpg,sunset,2026-08-21 16:00:50.883361+00:00,0,webcam,
124990,29051458,gold,0.75,0.75,train,https://storage.googleapis.com/sunrisesunset-32a25.firebasestorage.app/snapshots/29051458/1787329905232.jpg,sunset,2026-08-21 16:31:46.121856+00:00,0,webcam,
124996,15569,gold,0.75,0.75,train,https://storage.googleapis.com/sunrisesunset-32a25.firebasestorage.app/snapshots/15569/1787331703569.jpg,sunset,2026-08-21 17:01:44.850738+00:00,0,webcam,
124999,1866,gold,0.25,0.25,train,https://storage.googleapis.com/sunrisesunset-32a25.firebasestorage.app/snapshots/1866/1787332542689.jpg,sunset,2026-08-21 17:15:44.332264+00:00,0,webcam,
125001,1866,gold,0.5,0.5,train,https://storage.googleapis.com/sunrisesunset-32a25.firebasestorage.app/snapshots/1866/1787333499308.jpg,sunset,2026-08-21 17:31:40.050884+00:00,0,webcam,
125002,209017,gold,0.5,0.5,train,https://storage.googleapis.com/sunrisesunset-32a25.firebasestorage.app/snapshots/209017/1787335252403.jpg,sunset,2026-08-21 18:00:53.191671+00:00,0,webcam,
125008,29156244,gold,0.5,0.5,train,https://storage.googleapis.com/sunrisesunset-32a25.firebasestorage.app/snapshots/29156244/1787340700167.jpg,sunset,2026-08-21 19:31:40.992061+00:00,0,webcam,
125010,27486587,gold,0.25,0.25,train,https://storage.googleapis.com/sunrisesunset-32a25.firebasestorage.app/snapshots/27486587/1787340721926.jpg,sunset,2026-08-21 19:32:02.301416+00:00,0,webcam,
125011,29160776,gold,1.0,1.0,train,https://storage.googleapis.com/sunrisesunset-32a25.firebasestorage.app/snapshots/29160776/1787340725639.jpg,sunset,2026-08-21 19:32:06.050208+00:00,0,webcam,
125012,29160847,gold,0.5,0.5,train,https://storage.googleapis.com/sunrisesunset-32a25.firebasestorage.app/snapshots/29160847/1787341570166.jpg,sunset,2026-08-21 19:46:10.517488+00:00,0,webcam,
124995,331,gold,0.75,0.75,train,https://storage.googleapis.com/sunrisesunset-32a25.firebasestorage.app/snapshots/331/1787330814068.jpg,sunset,2026-08-21 16:46:54.401587+00:00,0,webcam,
125000,15569,gold,0.75,0.75,train,https://storage.googleapis.com/sunrisesunset-32a25.firebasestorage.app/snapshots/15569/1787332547472.jpg,sunset,2026-08-21 17:15:47.785672+00:00,0,webcam,
125007,741936,gold,0.25,0.25,train,https://storage.googleapis.com/sunrisesunset-32a25.firebasestorage.app/snapshots/741936/1787338866715.jpg,sunset,2026-08-21 19:01:07.062375+00:00,0,webcam,
125017,931,gold,0.5,0.5,train,https://storage.googleapis.com/sunrisesunset-32a25.firebasestorage.app/snapshots/931/1787345165941.jpg,sunset,2026-08-21 20:46:06.295842+00:00,0,webcam,
125027,3023,gold,0.75,0.75,train,https://storage.googleapis.com/sunrisesunset-32a25.firebasestorage.app/snapshots/3023/1787346969408.jpg,sunset,2026-08-21 21:16:09.696385+00:00,0,webcam,
125029,4842,gold,0.75,0.75,train,https://storage.googleapis.com/sunrisesunset-32a25.firebasestorage.app/snapshots/4842/1787347899763.jpg,sunset,2026-08-21 21:31:40.428733+00:00,0,webcam,
125032,3170470,gold,0.5,0.5,train,https://storage.googleapis.com/sunrisesunset-32a25.firebasestorage.app/snapshots/3170470/1787347922735.jpg,sunset,2026-08-21 21:32:03.463650+00:00,0,webcam,
125033,3963339,gold,0.5,0.5,train,https://storage.googleapis.com/sunrisesunset-32a25.firebasestorage.app/snapshots/3963339/1787348745060.jpg,sunset,2026-08-21 21:45:45.452580+00:00,0,webcam,
125042,29168547,gold,0.0,0.0,train,https://storage.googleapis.com/sunrisesunset-32a25.firebasestorage.app/snapshots/29168547/1787353302019.jpg,sunset,2026-08-21 23:01:43.410898+00:00,0,webcam,
125049,8952830,gold,0.0,0.0,train,https://storage.googleapis.com/sunrisesunset-32a25.firebasestorage.app/snapshots/8952830/1787355101206.jpg,sunset,2026-08-21 23:31:41.614727+00:00,0,webcam,
125051,598510,gold,0.5,0.5,train,https://storage.googleapis.com/sunrisesunset-32a25.firebasestorage.app/snapshots/598510/1787355102737.jpg,sunset,2026-08-21 23:31:43.135267+00:00,0,webcam,
125064,21670376,gold,0.5,0.5,train,https://storage.googleapis.com/sunrisesunset-32a25.firebasestorage.app/snapshots/21670376/1787361354808.jpg,sunset,2026-08-22 01:15:56.067870+00:00,0,webcam,
125023,931,gold,1.0,1.0,train,https://storage.googleapis.com/sunrisesunset-32a25.firebasestorage.app/snapshots/931/1787346118545.jpg,sunset,2026-08-21 21:01:59.058333+00:00,0,webcam,
125025,3023,gold,0.5,0.5,train,https://storage.googleapis.com/sunrisesunset-32a25.firebasestorage.app/snapshots/3023/1787346120095.jpg,sunset,2026-08-21 21:02:00.664863+00:00,0,webcam,
125034,4842,gold,0.5,0.5,train,https://storage.googleapis.com/sunrisesunset-32a25.firebasestorage.app/snapshots/4842/1787348745076.jpg,sunset,2026-08-21 21:45:45.482263+00:00,0,webcam,
125038,4876,gold,0.75,0.75,train,https://storage.googleapis.com/sunrisesunset-32a25.firebasestorage.app/snapshots/4876/1787349669683.jpg,sunset,2026-08-21 22:01:10.091719+00:00,0,webcam,
125041,4949016,gold,0.75,0.75,train,https://storage.googleapis.com/sunrisesunset-32a25.firebasestorage.app/snapshots/4949016/1787352345458.jpg,sunset,2026-08-21 22:45:45.879687+00:00,0,webcam,
125046,598510,gold,0.75,0.75,train,https://storage.googleapis.com/sunrisesunset-32a25.firebasestorage.app/snapshots/598510/1787354157587.jpg,sunset,2026-08-21 23:15:58.329335+00:00,0,webcam,
125048,29184277,gold,0.25,0.25,train,https://storage.googleapis.com/sunrisesunset-32a25.firebasestorage.app/snapshots/29184277/1787355100435.jpg,sunset,2026-08-21 23:31:40.837287+00:00,0,webcam,
125061,29235008,gold,0.75,0.75,train,https://storage.googleapis.com/sunrisesunset-32a25.firebasestorage.app/snapshots/29235008/1787359558069.jpg,sunset,2026-08-22 00:45:58.448683+00:00,0,webcam,
125062,28093409,gold,0.0,0.0,train,https://storage.googleapis.com/sunrisesunset-32a25.firebasestorage.app/snapshots/28093409/1787359560477.jpg,sunset,2026-08-22 00:46:00.780140+00:00,0,webcam,
125044,23945173,gold,0.5,0.5,train,https://storage.googleapis.com/sunrisesunset-32a25.firebasestorage.app/snapshots/23945173/1787353307802.jpg,sunset,2026-08-21 23:01:48.261098+00:00,0,webcam,
125068,11859,gold,0.25,0.25,train,https://storage.googleapis.com/sunrisesunset-32a25.firebasestorage.app/snapshots/11859/1787362314141.jpg,sunset,2026-08-22 01:31:54.819000+00:00,0,webcam,
125076,29039317,gold,0.5,0.5,train,https://storage.googleapis.com/sunrisesunset-32a25.firebasestorage.app/snapshots/29039317/1787364951078.jpg,sunset,2026-08-22 02:15:51.885717+00:00,0,webcam,
125079,28326341,gold,0.5,0.5,train,https://storage.googleapis.com/sunrisesunset-32a25.firebasestorage.app/snapshots/28326341/1787364960964.jpg,sunset,2026-08-22 02:16:01.364914+00:00,0,webcam,
125082,28326341,gold,0.75,0.75,train,https://storage.googleapis.com/sunrisesunset-32a25.firebasestorage.app/snapshots/28326341/1787365858021.jpg,sunset,2026-08-22 02:30:58.809130+00:00,0,webcam,
125084,29305666,gold,0.5,0.5,train,https://storage.googleapis.com/sunrisesunset-32a25.firebasestorage.app/snapshots/29305666/1787366744526.jpg,sunset,2026-08-22 02:45:44.888234+00:00,0,webcam,
125090,5961510,gold,0.75,0.75,train,https://storage.googleapis.com/sunrisesunset-32a25.firebasestorage.app/snapshots/5961510/1787367644349.jpg,sunset,2026-08-22 03:00:45.158862+00:00,0,webcam,
125091,29305666,gold,0.25,0.25,train,https://storage.googleapis.com/sunrisesunset-32a25.firebasestorage.app/snapshots/29305666/1787367647229.jpg,sunset,2026-08-22 03:00:47.510744+00:00,0,webcam,
125096,28781602,gold,0.5,0.5,train,https://storage.googleapis.com/sunrisesunset-32a25.firebasestorage.app/snapshots/28781602/1787368606977.jpg,sunset,2026-08-22 03:16:47.457035+00:00,0,webcam,
125099,29247269,gold,0.5,0.5,train,https://storage.googleapis.com/sunrisesunset-32a25.firebasestorage.app/snapshots/29247269/1787369442295.jpg,sunset,2026-08-22 03:30:43.037274+00:00,0,webcam,
125101,28781602,gold,0.5,0.5,train,https://storage.googleapis.com/sunrisesunset-32a25.firebasestorage.app/snapshots/28781602/1787369446723.jpg,sunset,2026-08-22 03:30:47.112554+00:00,0,webcam,
125105,29247269,gold,0.75,0.75,train,https://storage.googleapis.com/sunrisesunset-32a25.firebasestorage.app/snapshots/29247269/1787370342805.jpg,sunset,2026-08-22 03:45:43.277705+00:00,0,webcam,
125106,29328856,gold,0.5,0.5,train,https://storage.googleapis.com/sunrisesunset-32a25.firebasestorage.app/snapshots/29328856/1787370345077.jpg,sunset,2026-08-22 03:45:45.390584+00:00,0,webcam,
125110,29247269,gold,0.5,0.5,train,https://storage.googleapis.com/sunrisesunset-32a25.firebasestorage.app/snapshots/29247269/1787371393963.jpg,sunset,2026-08-22 04:03:14.999314+00:00,0,webcam,
125120,5973565,gold,0.25,0.25,train,https://storage.googleapis.com/sunrisesunset-32a25.firebasestorage.app/snapshots/5973565/1787375745228.jpg,sunset,2026-08-22 05:15:46.787803+00:00,0,webcam,
125121,3802591,gold,0.25,0.25,train,https://storage.googleapis.com/sunrisesunset-32a25.firebasestorage.app/snapshots/3802591/1787375746432.jpg,sunset,2026-08-22 05:15:46.825580+00:00,0,webcam,
125123,8224605,gold,0.5,0.5,train,https://storage.googleapis.com/sunrisesunset-32a25.firebasestorage.app/snapshots/8224605/1787379398276.jpg,sunset,2026-08-22 06:16:39.563252+00:00,0,webcam,
125070,29275950,gold,1.0,1.0,train,https://storage.googleapis.com/sunrisesunset-32a25.firebasestorage.app/snapshots/29275950/1787363157362.jpg,sunset,2026-08-22 01:45:57.723345+00:00,0,webcam,
125083,2921377,gold,0.5,0.5,train,https://storage.googleapis.com/sunrisesunset-32a25.firebasestorage.app/snapshots/2921377/1787365860008.jpg,sunset,2026-08-22 02:31:00.333979+00:00,0,webcam,
125085,29039317,gold,0.25,0.25,train,https://storage.googleapis.com/sunrisesunset-32a25.firebasestorage.app/snapshots/29039317/1787366746778.jpg,sunset,2026-08-22 02:45:47.548579+00:00,0,webcam,
125097,16553932,gold,0.75,0.75,train,https://storage.googleapis.com/sunrisesunset-32a25.firebasestorage.app/snapshots/16553932/1787368613460.jpg,sunset,2026-08-22 03:16:53.866199+00:00,0,webcam,
125113,20956745,gold,0.75,0.75,train,https://storage.googleapis.com/sunrisesunset-32a25.firebasestorage.app/snapshots/20956745/1787372143766.jpg,sunset,2026-08-22 04:15:44.452700+00:00,0,webcam,
125073,4600867,gold,0.75,0.75,train,https://storage.googleapis.com/sunrisesunset-32a25.firebasestorage.app/snapshots/4600867/1787364061527.jpg,sunset,2026-08-22 02:01:01.959402+00:00,0,webcam,
125074,28326341,gold,0.5,0.5,train,https://storage.googleapis.com/sunrisesunset-32a25.firebasestorage.app/snapshots/28326341/1787364062407.jpg,sunset,2026-08-22 02:01:02.906029+00:00,0,webcam,
125088,29048102,gold,0.25,0.25,train,https://storage.googleapis.com/sunrisesunset-32a25.firebasestorage.app/snapshots/29048102/1787366757472.jpg,sunset,2026-08-22 02:45:57.834276+00:00,0,webcam,
125094,10817222,gold,0.5,0.5,train,https://storage.googleapis.com/sunrisesunset-32a25.firebasestorage.app/snapshots/10817222/1787367661768.jpg,sunset,2026-08-22 03:01:02.048708+00:00,0,webcam,
125115,2972357,gold,0.0,0.0,train,https://storage.googleapis.com/sunrisesunset-32a25.firebasestorage.app/snapshots/2972357/1787372153566.jpg,sunset,2026-08-22 04:15:54.074099+00:00,0,webcam,
125119,3802591,gold,0.5,0.5,train,https://storage.googleapis.com/sunrisesunset-32a25.firebasestorage.app/snapshots/3802591/1787374848709.jpg,sunset,2026-08-22 05:00:49.059674+00:00,0,webcam,
125132,29260691,gold,0.5,0.5,train,https://storage.googleapis.com/sunrisesunset-32a25.firebasestorage.app/snapshots/29260691/1787386551598.jpg,sunset,2026-08-22 08:15:51.986305+00:00,0,webcam,
125145,29163984,gold,0.75,0.75,train,https://storage.googleapis.com/sunrisesunset-32a25.firebasestorage.app/snapshots/29163984/1787388353244.jpg,sunset,2026-08-22 08:45:53.567094+00:00,0,webcam,
125136,26029304,gold,0.75,0.75,train,https://storage.googleapis.com/sunrisesunset-32a25.firebasestorage.app/snapshots/26029304/1787387506782.jpg,sunset,2026-08-22 08:31:47.230219+00:00,0,webcam,
125104,16553932,gold,0.75,0.75,train,https://storage.googleapis.com/sunrisesunset-32a25.firebasestorage.app/snapshots/16553932/1787369454415.jpg,sunset,2026-08-22 03:30:54.940039+00:00,0,webcam,
125130,26029304,gold,0.25,0.25,train,https://storage.googleapis.com/sunrisesunset-32a25.firebasestorage.app/snapshots/26029304/1787386550340.jpg,sunset,2026-08-22 08:15:50.643175+00:00,0,webcam,
125148,29163984,gold,0.5,0.5,train,https://storage.googleapis.com/sunrisesunset-32a25.firebasestorage.app/snapshots/29163984/1787389313919.jpg,sunset,2026-08-22 09:01:54.211978+00:00,0,webcam,
125156,8952830,gold,0.75,0.75,train,https://storage.googleapis.com/sunrisesunset-32a25.firebasestorage.app/snapshots/8952830/1787392895874.jpg,sunset,2026-08-22 10:01:36.227053+00:00,0,webcam,
125160,8952830,gold,0.75,0.75,train,https://storage.googleapis.com/sunrisesunset-32a25.firebasestorage.app/snapshots/8952830/1787393746097.jpg,sunset,2026-08-22 10:15:46.413773+00:00,0,webcam,
125163,28952051,gold,0.5,0.5,train,https://storage.googleapis.com/sunrisesunset-32a25.firebasestorage.app/snapshots/28952051/1787393758125.jpg,sunset,2026-08-22 10:15:58.778380+00:00,0,webcam,
125172,28952051,gold,0.5,0.5,train,https://storage.googleapis.com/sunrisesunset-32a25.firebasestorage.app/snapshots/28952051/1787395557825.jpg,sunset,2026-08-22 10:45:58.184721+00:00,0,webcam,
125183,2921381,gold,0.5,0.5,train,https://storage.googleapis.com/sunrisesunset-32a25.firebasestorage.app/snapshots/2921381/1787401840836.jpg,sunset,2026-08-22 12:30:43.161826+00:00,0,webcam,
125196,16934,gold,0.5,0.5,train,https://storage.googleapis.com/sunrisesunset-32a25.firebasestorage.app/snapshots/16934/1787412641541.jpg,sunset,2026-08-22 15:30:41.937030+00:00,0,webcam,
125151,29255968,gold,0.75,0.75,train,https://storage.googleapis.com/sunrisesunset-32a25.firebasestorage.app/snapshots/29255968/1787390156385.jpg,sunset,2026-08-22 09:15:56.736641+00:00,0,webcam,
125155,28794621,gold,1.0,1.0,train,https://storage.googleapis.com/sunrisesunset-32a25.firebasestorage.app/snapshots/28794621/1787391955214.jpg,sunset,2026-08-22 09:45:55.819261+00:00,0,webcam,
125157,28794621,gold,1.0,1.0,train,https://storage.googleapis.com/sunrisesunset-32a25.firebasestorage.app/snapshots/28794621/1787392907531.jpg,sunset,2026-08-22 10:01:48.049788+00:00,0,webcam,
125158,28952051,gold,0.75,0.75,train,https://storage.googleapis.com/sunrisesunset-32a25.firebasestorage.app/snapshots/28952051/1787392907722.jpg,sunset,2026-08-22 10:01:48.067219+00:00,0,webcam,
125165,9379772,gold,0.75,0.75,train,https://storage.googleapis.com/sunrisesunset-32a25.firebasestorage.app/snapshots/9379772/1787394644085.jpg,sunset,2026-08-22 10:30:44.828095+00:00,0,webcam,
125176,2957622,gold,0.25,0.25,train,https://storage.googleapis.com/sunrisesunset-32a25.firebasestorage.app/snapshots/2957622/1787397404312.jpg,sunset,2026-08-22 11:16:44.721390+00:00,0,webcam,
125190,28493097,gold,0.0,0.0,train,https://storage.googleapis.com/sunrisesunset-32a25.firebasestorage.app/snapshots/28493097/1787406346836.jpg,sunset,2026-08-22 13:45:47.109183+00:00,0,webcam,
125193,4748889,gold,0.75,0.75,train,https://storage.googleapis.com/sunrisesunset-32a25.firebasestorage.app/snapshots/4748889/1787408144110.jpg,sunset,2026-08-22 14:15:44.464630+00:00,0,webcam,
125198,5973565,gold,0.75,0.75,train,https://storage.googleapis.com/sunrisesunset-32a25.firebasestorage.app/snapshots/5973565/1787414611694.jpg,sunset,2026-08-22 16:03:32.110297+00:00,0,webcam,
125200,3800978,gold,0.75,0.75,train,https://storage.googleapis.com/sunrisesunset-32a25.firebasestorage.app/snapshots/3800978/1787414615454.jpg,sunset,2026-08-22 16:03:35.789653+00:00,0,webcam,
125201,29135072,gold,1.0,1.0,train,https://storage.googleapis.com/sunrisesunset-32a25.firebasestorage.app/snapshots/29135072/1787414615474.jpg,sunset,2026-08-22 16:03:35.814025+00:00,0,webcam,
125202,29247269,gold,0.0,0.0,train,https://storage.googleapis.com/sunrisesunset-32a25.firebasestorage.app/snapshots/29247269/1787414616135.jpg,sunset,2026-08-22 16:03:36.513651+00:00,0,webcam,
125203,9164847,gold,0.25,0.25,train,https://storage.googleapis.com/sunrisesunset-32a25.firebasestorage.app/snapshots/9164847/1787414616364.jpg,sunset,2026-08-22 16:03:36.716567+00:00,0,webcam,
125168,28952051,gold,0.25,0.25,train,https://storage.googleapis.com/sunrisesunset-32a25.firebasestorage.app/snapshots/28952051/1787394658824.jpg,sunset,2026-08-22 10:30:59.127106+00:00,0,webcam,
125204,29247269,gold,0.0,0.0,train,https://storage.googleapis.com/sunrisesunset-32a25.firebasestorage.app/snapshots/29247269/1787415345138.jpg,sunset,2026-08-22 16:15:45.804572+00:00,0,webcam,
125209,29051458,gold,0.5,0.5,train,https://storage.googleapis.com/sunrisesunset-32a25.firebasestorage.app/snapshots/29051458/1787416248930.jpg,sunset,2026-08-22 16:30:49.642918+00:00,0,webcam,
125211,182,gold,0.0,0.0,train,https://storage.googleapis.com/sunrisesunset-32a25.firebasestorage.app/snapshots/182/1787416250938.jpg,sunset,2026-08-22 16:30:51.240597+00:00,0,webcam,
125213,29224562,gold,1.0,1.0,train,https://storage.googleapis.com/sunrisesunset-32a25.firebasestorage.app/snapshots/29224562/1787417148392.jpg,sunset,2026-08-22 16:45:48.782062+00:00,0,webcam,
125215,15017506,gold,0.25,0.25,train,https://storage.googleapis.com/sunrisesunset-32a25.firebasestorage.app/snapshots/15017506/1787417150410.jpg,sunset,2026-08-22 16:45:50.769449+00:00,0,webcam,
125217,331,gold,0.75,0.75,train,https://storage.googleapis.com/sunrisesunset-32a25.firebasestorage.app/snapshots/331/1787417151407.jpg,sunset,2026-08-22 16:45:51.752066+00:00,0,webcam,
125218,15017506,gold,0.5,0.5,train,https://storage.googleapis.com/sunrisesunset-32a25.firebasestorage.app/snapshots/15017506/1787418046676.jpg,sunset,2026-08-22 17:00:47.260932+00:00,0,webcam,
125219,29224562,gold,0.75,0.75,train,https://storage.googleapis.com/sunrisesunset-32a25.firebasestorage.app/snapshots/29224562/1787418048517.jpg,sunset,2026-08-22 17:00:48.814845+00:00,0,webcam,
125205,29135072,gold,0.75,0.75,train,https://storage.googleapis.com/sunrisesunset-32a25.firebasestorage.app/snapshots/29135072/1787415345469.jpg,sunset,2026-08-22 16:15:45.825625+00:00,0,webcam,
125214,6411389,gold,0.75,0.75,train,https://storage.googleapis.com/sunrisesunset-32a25.firebasestorage.app/snapshots/6411389/1787417147994.jpg,sunset,2026-08-22 16:45:48.789737+00:00,0,webcam,
125231,29037883,gold,0.5,0.5,train,https://storage.googleapis.com/sunrisesunset-32a25.firebasestorage.app/snapshots/29037883/1787426154765.jpg,sunset,2026-08-22 19:15:55.843426+00:00,0,webcam,
125206,3800978,gold,1.0,1.0,train,https://storage.googleapis.com/sunrisesunset-32a25.firebasestorage.app/snapshots/3800978/1787415345444.jpg,sunset,2026-08-22 16:15:45.829969+00:00,0,webcam,
125208,29051458,gold,0.5,0.5,train,https://storage.googleapis.com/sunrisesunset-32a25.firebasestorage.app/snapshots/29051458/1787415345465.jpg,sunset,2026-08-22 16:15:45.906841+00:00,0,webcam,
125225,29037883,gold,0.5,0.5,train,https://storage.googleapis.com/sunrisesunset-32a25.firebasestorage.app/snapshots/29037883/1787424353288.jpg,sunset,2026-08-22 18:45:53.578229+00:00,0,webcam,
125228,29068491,gold,1.0,1.0,train,https://storage.googleapis.com/sunrisesunset-32a25.firebasestorage.app/snapshots/29068491/1787425255575.jpg,sunset,2026-08-22 19:00:55.878921+00:00,0,webcam,
125229,29037883,gold,0.5,0.5,train,https://storage.googleapis.com/sunrisesunset-32a25.firebasestorage.app/snapshots/29037883/1787425257453.jpg,sunset,2026-08-22 19:00:57.978461+00:00,0,webcam,
125238,24671280,gold,1.0,1.0,train,https://storage.googleapis.com/sunrisesunset-32a25.firebasestorage.app/snapshots/24671280/1787427056047.jpg,sunset,2026-08-22 19:30:56.413701+00:00,0,webcam,
125241,26199373,gold,0.5,0.5,train,https://storage.googleapis.com/sunrisesunset-32a25.firebasestorage.app/snapshots/26199373/1787427056408.jpg,sunset,2026-08-22 19:30:56.911333+00:00,0,webcam,
125245,17923366,gold,0.5,0.5,train,https://storage.googleapis.com/sunrisesunset-32a25.firebasestorage.app/snapshots/17923366/1787427960671.jpg,sunset,2026-08-22 19:46:00.975958+00:00,0,webcam,
125256,28992538,gold,1.0,1.0,train,https://storage.googleapis.com/sunrisesunset-32a25.firebasestorage.app/snapshots/28992538/1787429761609.jpg,sunset,2026-08-22 20:16:01.924949+00:00,0,webcam,
125278,23945173,gold,0.5,0.5,train,https://storage.googleapis.com/sunrisesunset-32a25.firebasestorage.app/snapshots/23945173/1787439660398.jpg,sunset,2026-08-22 23:01:00.812481+00:00,0,webcam,
125279,28955461,gold,0.5,0.5,train,https://storage.googleapis.com/sunrisesunset-32a25.firebasestorage.app/snapshots/28955461/1787440551161.jpg,sunset,2026-08-22 23:15:51.940062+00:00,0,webcam,
125287,29184277,gold,0.75,0.75,train,https://storage.googleapis.com/sunrisesunset-32a25.firebasestorage.app/snapshots/29184277/1787443304038.jpg,sunset,2026-08-23 00:01:44.334031+00:00,0,webcam,
125280,598510,gold,0.0,0.0,train,https://storage.googleapis.com/sunrisesunset-32a25.firebasestorage.app/snapshots/598510/1787440551500.jpg,sunset,2026-08-22 23:15:51.947663+00:00,0,webcam,
125251,24671280,gold,1.0,1.0,train,https://storage.googleapis.com/sunrisesunset-32a25.firebasestorage.app/snapshots/24671280/1787428920024.jpg,sunset,2026-08-22 20:02:00.386099+00:00,0,webcam,
125263,931,gold,0.75,0.75,train,https://storage.googleapis.com/sunrisesunset-32a25.firebasestorage.app/snapshots/931/1787430718547.jpg,sunset,2026-08-22 20:31:59.214528+00:00,0,webcam,
125267,931,gold,0.5,0.5,train,https://storage.googleapis.com/sunrisesunset-32a25.firebasestorage.app/snapshots/931/1787431607238.jpg,sunset,2026-08-22 20:46:47.999727+00:00,0,webcam,
125322,29039317,gold,0.5,0.5,train,https://storage.googleapis.com/sunrisesunset-32a25.firebasestorage.app/snapshots/29039317/1787453151271.jpg,sunset,2026-08-23 02:45:51.651859+00:00,0,webcam,
125323,5961510,gold,0.75,0.75,train,https://storage.googleapis.com/sunrisesunset-32a25.firebasestorage.app/snapshots/5961510/1787454045870.jpg,sunset,2026-08-23 03:00:46.251675+00:00,0,webcam,
125335,28428848,gold,0.25,0.25,train,https://storage.googleapis.com/sunrisesunset-32a25.firebasestorage.app/snapshots/28428848/1787455845497.jpg,sunset,2026-08-23 03:30:45.886072+00:00,0,webcam,
125336,29247269,gold,0.25,0.25,train,https://storage.googleapis.com/sunrisesunset-32a25.firebasestorage.app/snapshots/29247269/1787456742658.jpg,sunset,2026-08-23 03:45:43.154253+00:00,0,webcam,
125346,29062415,gold,0.5,0.5,train,https://storage.googleapis.com/sunrisesunset-32a25.firebasestorage.app/snapshots/29062415/1787459500736.jpg,sunset,2026-08-23 04:31:41.633967+00:00,0,webcam,
125307,28326341,gold,0.5,0.5,train,https://storage.googleapis.com/sunrisesunset-32a25.firebasestorage.app/snapshots/28326341/1787450512493.jpg,sunset,2026-08-23 02:01:53.054236+00:00,0,webcam,
125317,2921377,gold,0.25,0.25,train,https://storage.googleapis.com/sunrisesunset-32a25.firebasestorage.app/snapshots/2921377/1787452261299.jpg,sunset,2026-08-23 02:31:01.588168+00:00,0,webcam,
125324,29305666,gold,0.5,0.5,train,https://storage.googleapis.com/sunrisesunset-32a25.firebasestorage.app/snapshots/29305666/1787454047717.jpg,sunset,2026-08-23 03:00:48.120130+00:00,0,webcam,
125329,29039317,gold,0.75,0.75,train,https://storage.googleapis.com/sunrisesunset-32a25.firebasestorage.app/snapshots/29039317/1787454948051.jpg,sunset,2026-08-23 03:15:48.489617+00:00,0,webcam,
125300,29212325,gold,1.0,1.0,train,https://storage.googleapis.com/sunrisesunset-32a25.firebasestorage.app/snapshots/29212325/1787449561990.jpg,sunset,2026-08-23 01:46:02.500042+00:00,0,webcam,
125351,3802591,gold,0.5,0.5,train,https://storage.googleapis.com/sunrisesunset-32a25.firebasestorage.app/snapshots/3802591/1787462146495.jpg,sunset,2026-08-23 05:15:46.900279+00:00,0,webcam,
125354,3802591,gold,0.75,0.75,train,https://storage.googleapis.com/sunrisesunset-32a25.firebasestorage.app/snapshots/3802591/1787463099576.jpg,sunset,2026-08-23 05:31:39.849097+00:00,0,webcam,
125365,301,gold,0.25,0.25,train,https://storage.googleapis.com/sunrisesunset-32a25.firebasestorage.app/snapshots/301/1787470302723.jpg,sunset,2026-08-23 07:31:43.176900+00:00,0,webcam,
125312,28326341,gold,0.5,0.5,train,https://storage.googleapis.com/sunrisesunset-32a25.firebasestorage.app/snapshots/28326341/1787451359499.jpg,sunset,2026-08-23 02:15:59.793096+00:00,0,webcam,
125313,4600867,gold,0.25,0.25,train,https://storage.googleapis.com/sunrisesunset-32a25.firebasestorage.app/snapshots/4600867/1787451361232.jpg,sunset,2026-08-23 02:16:01.522734+00:00,0,webcam,
125350,3802591,gold,0.25,0.25,train,https://storage.googleapis.com/sunrisesunset-32a25.firebasestorage.app/snapshots/3802591/1787461305525.jpg,sunset,2026-08-23 05:01:45.814720+00:00,0,webcam,
125373,26029304,gold,0.5,0.5,train,https://storage.googleapis.com/sunrisesunset-32a25.firebasestorage.app/snapshots/26029304/1787472949002.jpg,sunset,2026-08-23 08:15:49.349817+00:00,0,webcam,
125379,29230109,gold,0.5,0.5,train,https://storage.googleapis.com/sunrisesunset-32a25.firebasestorage.app/snapshots/29230109/1787474750157.jpg,sunset,2026-08-23 08:45:50.439665+00:00,0,webcam,
125398,8952830,gold,0.75,0.75,train,https://storage.googleapis.com/sunrisesunset-32a25.firebasestorage.app/snapshots/8952830/1787479245542.jpg,sunset,2026-08-23 10:00:46.625309+00:00,0,webcam,
125404,8952830,gold,0.75,0.75,train,https://storage.googleapis.com/sunrisesunset-32a25.firebasestorage.app/snapshots/8952830/1787480204558.jpg,sunset,2026-08-23 10:16:44.867257+00:00,0,webcam,
125410,2375743,gold,1.0,1.0,train,https://storage.googleapis.com/sunrisesunset-32a25.firebasestorage.app/snapshots/2375743/1787481958802.jpg,sunset,2026-08-23 10:45:59.162442+00:00,0,webcam,
125417,27645536,gold,0.75,0.75,train,https://storage.googleapis.com/sunrisesunset-32a25.firebasestorage.app/snapshots/27645536/1787484703157.jpg,sunset,2026-08-23 11:31:43.814375+00:00,0,webcam,
125421,27645536,gold,0.5,0.5,train,https://storage.googleapis.com/sunrisesunset-32a25.firebasestorage.app/snapshots/27645536/1787485546757.jpg,sunset,2026-08-23 11:45:47.965452+00:00,0,webcam,
125382,29163984,gold,0.5,0.5,train,https://storage.googleapis.com/sunrisesunset-32a25.firebasestorage.app/snapshots/29163984/1787474751957.jpg,sunset,2026-08-23 08:45:52.238479+00:00,0,webcam,
125389,29163984,gold,0.5,0.5,train,https://storage.googleapis.com/sunrisesunset-32a25.firebasestorage.app/snapshots/29163984/1787475712688.jpg,sunset,2026-08-23 09:01:52.985804+00:00,0,webcam,
125392,4523591,gold,0.25,0.25,train,https://storage.googleapis.com/sunrisesunset-32a25.firebasestorage.app/snapshots/4523591/1787476551726.jpg,sunset,2026-08-23 09:15:52.284426+00:00,0,webcam,
125397,28794621,gold,0.75,0.75,train,https://storage.googleapis.com/sunrisesunset-32a25.firebasestorage.app/snapshots/28794621/1787478355183.jpg,sunset,2026-08-23 09:45:55.894536+00:00,0,webcam,
125401,28952051,gold,0.0,0.0,train,https://storage.googleapis.com/sunrisesunset-32a25.firebasestorage.app/snapshots/28952051/1787479258829.jpg,sunset,2026-08-23 10:00:59.203390+00:00,0,webcam,
125402,29144336,gold,0.0,0.0,train,https://storage.googleapis.com/sunrisesunset-32a25.firebasestorage.app/snapshots/29144336/1787479258540.jpg,sunset,2026-08-23 10:00:59.446363+00:00,0,webcam,
125403,3963339,gold,0.5,0.5,train,https://storage.googleapis.com/sunrisesunset-32a25.firebasestorage.app/snapshots/3963339/1787479259808.jpg,sunset,2026-08-23 10:01:00.427148+00:00,0,webcam,
125408,3963339,gold,0.5,0.5,train,https://storage.googleapis.com/sunrisesunset-32a25.firebasestorage.app/snapshots/3963339/1787481124105.jpg,sunset,2026-08-23 10:32:04.420589+00:00,0,webcam,
125409,29144336,gold,0.25,0.25,train,https://storage.googleapis.com/sunrisesunset-32a25.firebasestorage.app/snapshots/29144336/1787481124122.jpg,sunset,2026-08-23 10:32:04.448586+00:00,0,webcam,
125434,3800978,gold,0.75,0.75,train,https://storage.googleapis.com/sunrisesunset-32a25.firebasestorage.app/snapshots/3800978/1787500853290.jpg,sunset,2026-08-23 16:00:53.705723+00:00,0,webcam,
125393,29163984,gold,0.25,0.25,train,https://storage.googleapis.com/sunrisesunset-32a25.firebasestorage.app/snapshots/29163984/1787476553732.jpg,sunset,2026-08-23 09:15:54.031248+00:00,0,webcam,
125416,2375743,gold,0.75,0.75,train,https://storage.googleapis.com/sunrisesunset-32a25.firebasestorage.app/snapshots/2375743/1787483756439.jpg,sunset,2026-08-23 11:15:56.801249+00:00,0,webcam,
125419,2375743,gold,0.5,0.5,train,https://storage.googleapis.com/sunrisesunset-32a25.firebasestorage.app/snapshots/2375743/1787484712777.jpg,sunset,2026-08-23 11:31:53.094525+00:00,0,webcam,
125435,29051458,gold,0.25,0.25,train,https://storage.googleapis.com/sunrisesunset-32a25.firebasestorage.app/snapshots/29051458/1787501747832.jpg,sunset,2026-08-23 16:15:48.570592+00:00,0,webcam,
125436,29135072,gold,0.75,0.75,train,https://storage.googleapis.com/sunrisesunset-32a25.firebasestorage.app/snapshots/29135072/1787501748467.jpg,sunset,2026-08-23 16:15:48.763559+00:00,0,webcam,
125441,29135072,gold,0.75,0.75,train,https://storage.googleapis.com/sunrisesunset-32a25.firebasestorage.app/snapshots/29135072/1787502653303.jpg,sunset,2026-08-23 16:30:53.612206+00:00,0,webcam,
125443,6411389,gold,0.5,0.5,train,https://storage.googleapis.com/sunrisesunset-32a25.firebasestorage.app/snapshots/6411389/1787503550794.jpg,sunset,2026-08-23 16:45:51.138946+00:00,0,webcam,
125445,331,gold,0.5,0.5,train,https://storage.googleapis.com/sunrisesunset-32a25.firebasestorage.app/snapshots/331/1787503556748.jpg,sunset,2026-08-23 16:45:57.149164+00:00,0,webcam,
125447,21846,gold,0.75,0.75,train,https://storage.googleapis.com/sunrisesunset-32a25.firebasestorage.app/snapshots/21846/1787508046422.jpg,sunset,2026-08-23 18:00:48.431310+00:00,0,webcam,
125450,29319253,gold,0.0,0.0,train,https://storage.googleapis.com/sunrisesunset-32a25.firebasestorage.app/snapshots/29319253/1787509854395.jpg,sunset,2026-08-23 18:30:54.797619+00:00,0,webcam,
125455,28791837,gold,0.5,0.5,train,https://storage.googleapis.com/sunrisesunset-32a25.firebasestorage.app/snapshots/28791837/1787512560820.jpg,sunset,2026-08-23 19:16:01.210406+00:00,0,webcam,
125457,24671280,gold,0.75,0.75,train,https://storage.googleapis.com/sunrisesunset-32a25.firebasestorage.app/snapshots/24671280/1787513509702.jpg,sunset,2026-08-23 19:31:50.305292+00:00,0,webcam,
125437,3800978,gold,0.75,0.75,train,https://storage.googleapis.com/sunrisesunset-32a25.firebasestorage.app/snapshots/3800978/1787501748307.jpg,sunset,2026-08-23 16:15:48.767559+00:00,0,webcam,
125439,20956745,gold,0.0,0.0,train,https://storage.googleapis.com/sunrisesunset-32a25.firebasestorage.app/snapshots/20956745/1787501750195.jpg,sunset,2026-08-23 16:15:50.505152+00:00,0,webcam,
125448,28820838,gold,0.25,0.25,train,https://storage.googleapis.com/sunrisesunset-32a25.firebasestorage.app/snapshots/28820838/1787508055822.jpg,sunset,2026-08-23 18:00:56.296710+00:00,0,webcam,
125458,28791837,gold,0.0,0.0,train,https://storage.googleapis.com/sunrisesunset-32a25.firebasestorage.app/snapshots/28791837/1787513510284.jpg,sunset,2026-08-23 19:31:50.572556+00:00,0,webcam,
125460,12987447,gold,0.0,0.0,train,https://storage.googleapis.com/sunrisesunset-32a25.firebasestorage.app/snapshots/12987447/1787515304495.jpg,sunset,2026-08-23 20:01:45.562909+00:00,0,webcam,
125467,29044963,gold,0.5,0.5,train,https://storage.googleapis.com/sunrisesunset-32a25.firebasestorage.app/snapshots/29044963/1787516146070.jpg,sunset,2026-08-23 20:15:46.452432+00:00,0,webcam,
125472,28992538,gold,0.75,0.75,train,https://storage.googleapis.com/sunrisesunset-32a25.firebasestorage.app/snapshots/28992538/1787516163399.jpg,sunset,2026-08-23 20:16:04.055954+00:00,0,webcam,
125473,28985083,gold,0.25,0.25,train,https://storage.googleapis.com/sunrisesunset-32a25.firebasestorage.app/snapshots/28985083/1787516163955.jpg,sunset,2026-08-23 20:16:04.240255+00:00,0,webcam,
125481,29039317,gold,0.5,0.5,train,https://storage.googleapis.com/sunrisesunset-32a25.firebasestorage.app/snapshots/29039317/1787517953366.jpg,sunset,2026-08-23 20:45:54.464167+00:00,0,webcam,
125485,29320505,gold,0.5,0.5,train,https://storage.googleapis.com/sunrisesunset-32a25.firebasestorage.app/snapshots/29320505/1787520659305.jpg,sunset,2026-08-23 21:30:59.679788+00:00,0,webcam,
125500,29286729,gold,0.75,0.75,train,https://storage.googleapis.com/sunrisesunset-32a25.firebasestorage.app/snapshots/29286729/1787526953697.jpg,sunset,2026-08-23 23:15:54.712633+00:00,0,webcam,
125502,29184277,gold,0.25,0.25,train,https://storage.googleapis.com/sunrisesunset-32a25.firebasestorage.app/snapshots/29184277/1787527918662.jpg,sunset,2026-08-23 23:31:59.546157+00:00,0,webcam,
125504,8952830,gold,0.25,0.25,train,https://storage.googleapis.com/sunrisesunset-32a25.firebasestorage.app/snapshots/8952830/1787528757469.jpg,sunset,2026-08-23 23:45:57.975162+00:00,0,webcam,
125513,12586,gold,0.5,0.5,train,https://storage.googleapis.com/sunrisesunset-32a25.firebasestorage.app/snapshots/12586/1787533303620.jpg,sunset,2026-08-24 01:01:43.991684+00:00,0,webcam,
125516,2959172,gold,0.75,0.75,train,https://storage.googleapis.com/sunrisesunset-32a25.firebasestorage.app/snapshots/2959172/1787533322896.jpg,sunset,2026-08-24 01:02:03.661294+00:00,0,webcam,
125461,28952051,gold,0.0,0.0,train,https://storage.googleapis.com/sunrisesunset-32a25.firebasestorage.app/snapshots/28952051/1787515307359.jpg,sunset,2026-08-23 20:01:47.662278+00:00,0,webcam,
125463,28992538,gold,0.75,0.75,train,https://storage.googleapis.com/sunrisesunset-32a25.firebasestorage.app/snapshots/28992538/1787515325412.jpg,sunset,2026-08-23 20:02:06.896666+00:00,0,webcam,
125487,23880643,gold,0.25,0.25,train,https://storage.googleapis.com/sunrisesunset-32a25.firebasestorage.app/snapshots/23880643/1787521559272.jpg,sunset,2026-08-23 21:45:59.833359+00:00,0,webcam,
125492,28482755,gold,0.75,0.75,train,https://storage.googleapis.com/sunrisesunset-32a25.firebasestorage.app/snapshots/28482755/1787525170050.jpg,sunset,2026-08-23 22:46:10.373884+00:00,0,webcam,
125497,23945173,gold,0.5,0.5,train,https://storage.googleapis.com/sunrisesunset-32a25.firebasestorage.app/snapshots/23945173/1787526072636.jpg,sunset,2026-08-23 23:01:13.337605+00:00,0,webcam,
125506,29184277,gold,0.5,0.5,train,https://storage.googleapis.com/sunrisesunset-32a25.firebasestorage.app/snapshots/29184277/1787529659548.jpg,sunset,2026-08-24 00:01:00.154372+00:00,0,webcam,
125465,24671280,gold,0.75,0.75,train,https://storage.googleapis.com/sunrisesunset-32a25.firebasestorage.app/snapshots/24671280/1787515328575.jpg,sunset,2026-08-23 20:02:09.435977+00:00,0,webcam,
125470,29039317,gold,0.0,0.0,train,https://storage.googleapis.com/sunrisesunset-32a25.firebasestorage.app/snapshots/29039317/1787516156530.jpg,sunset,2026-08-23 20:15:57.191684+00:00,0,webcam,
125478,28985083,gold,0.25,0.25,train,https://storage.googleapis.com/sunrisesunset-32a25.firebasestorage.app/snapshots/28985083/1787517117633.jpg,sunset,2026-08-23 20:31:58.329158+00:00,0,webcam,
125529,28986924,gold,0.5,0.5,train,https://storage.googleapis.com/sunrisesunset-32a25.firebasestorage.app/snapshots/28986924/1787535962754.jpg,sunset,2026-08-24 01:46:03.039135+00:00,0,webcam,
125537,28326341,gold,1.0,1.0,train,https://storage.googleapis.com/sunrisesunset-32a25.firebasestorage.app/snapshots/28326341/1787537766085.jpg,sunset,2026-08-24 02:16:06.450517+00:00,0,webcam,
125544,5961510,gold,0.75,0.75,train,https://storage.googleapis.com/sunrisesunset-32a25.firebasestorage.app/snapshots/5961510/1787540447490.jpg,sunset,2026-08-24 03:00:47.925929+00:00,0,webcam,
125549,29247269,gold,0.0,0.0,train,https://storage.googleapis.com/sunrisesunset-32a25.firebasestorage.app/snapshots/29247269/1787542243391.jpg,sunset,2026-08-24 03:30:43.724951+00:00,0,webcam,
125553,29247269,gold,0.75,0.75,train,https://storage.googleapis.com/sunrisesunset-32a25.firebasestorage.app/snapshots/29247269/1787544196236.jpg,sunset,2026-08-24 04:03:16.940176+00:00,0,webcam,
125555,4769517,gold,0.0,0.0,train,https://storage.googleapis.com/sunrisesunset-32a25.firebasestorage.app/snapshots/4769517/1787544202932.jpg,sunset,2026-08-24 04:03:23.259041+00:00,0,webcam,
125557,7377238,gold,0.0,0.0,train,https://storage.googleapis.com/sunrisesunset-32a25.firebasestorage.app/snapshots/7377238/1787544210594.jpg,sunset,2026-08-24 04:03:30.914410+00:00,0,webcam,
125559,20956745,gold,0.5,0.5,train,https://storage.googleapis.com/sunrisesunset-32a25.firebasestorage.app/snapshots/20956745/1787544942909.jpg,sunset,2026-08-24 04:15:43.668642+00:00,0,webcam,
125561,4582505,gold,0.75,0.75,train,https://storage.googleapis.com/sunrisesunset-32a25.firebasestorage.app/snapshots/4582505/1787547642735.jpg,sunset,2026-08-24 05:00:43.146531+00:00,0,webcam,
125521,28986924,gold,0.5,0.5,train,https://storage.googleapis.com/sunrisesunset-32a25.firebasestorage.app/snapshots/28986924/1787535066572.jpg,sunset,2026-08-24 01:31:07.094287+00:00,0,webcam,
125522,14669103,gold,0.5,0.5,train,https://storage.googleapis.com/sunrisesunset-32a25.firebasestorage.app/snapshots/14669103/1787535067100.jpg,sunset,2026-08-24 01:31:07.457249+00:00,0,webcam,
125527,10237,gold,0.5,0.5,train,https://storage.googleapis.com/sunrisesunset-32a25.firebasestorage.app/snapshots/10237/1787535960793.jpg,sunset,2026-08-24 01:46:01.153065+00:00,0,webcam,
125532,28326341,gold,0.5,0.5,train,https://storage.googleapis.com/sunrisesunset-32a25.firebasestorage.app/snapshots/28326341/1787536865591.jpg,sunset,2026-08-24 02:01:06.373932+00:00,0,webcam,
125535,29048102,gold,0.25,0.25,train,https://storage.googleapis.com/sunrisesunset-32a25.firebasestorage.app/snapshots/29048102/1787537763730.jpg,sunset,2026-08-24 02:16:04.055195+00:00,0,webcam,
125538,2921377,gold,0.25,0.25,train,https://storage.googleapis.com/sunrisesunset-32a25.firebasestorage.app/snapshots/2921377/1787537767663.jpg,sunset,2026-08-24 02:16:08.047503+00:00,0,webcam,
125541,29048102,gold,0.75,0.75,train,https://storage.googleapis.com/sunrisesunset-32a25.firebasestorage.app/snapshots/29048102/1787538663011.jpg,sunset,2026-08-24 02:31:03.330019+00:00,0,webcam,
125542,2921377,gold,0.0,0.0,train,https://storage.googleapis.com/sunrisesunset-32a25.firebasestorage.app/snapshots/2921377/1787538663518.jpg,sunset,2026-08-24 02:31:04.639223+00:00,0,webcam,
125577,15911400,gold,0.5,0.5,train,https://storage.googleapis.com/sunrisesunset-32a25.firebasestorage.app/snapshots/15911400/1787555745293.jpg,sunset,2026-08-24 07:15:46.091829+00:00,0,webcam,
125580,15911400,gold,0.75,0.75,train,https://storage.googleapis.com/sunrisesunset-32a25.firebasestorage.app/snapshots/15911400/1787556698866.jpg,sunset,2026-08-24 07:31:39.400982+00:00,0,webcam,
125581,4584560,gold,0.5,0.5,train,https://storage.googleapis.com/sunrisesunset-32a25.firebasestorage.app/snapshots/4584560/1787556699191.jpg,sunset,2026-08-24 07:31:39.496577+00:00,0,webcam,
125592,29230109,gold,0.25,0.25,train,https://storage.googleapis.com/sunrisesunset-32a25.firebasestorage.app/snapshots/29230109/1787561151438.jpg,sunset,2026-08-24 08:45:51.853575+00:00,0,webcam,
125594,29163984,gold,0.5,0.5,train,https://storage.googleapis.com/sunrisesunset-32a25.firebasestorage.app/snapshots/29163984/1787561154304.jpg,sunset,2026-08-24 08:45:54.641010+00:00,0,webcam,
125609,8952830,gold,0.75,0.75,train,https://storage.googleapis.com/sunrisesunset-32a25.firebasestorage.app/snapshots/8952830/1787566602903.jpg,sunset,2026-08-24 10:16:43.583053+00:00,0,webcam,
125571,15911400,gold,0.5,0.5,train,https://storage.googleapis.com/sunrisesunset-32a25.firebasestorage.app/snapshots/15911400/1787553095455.jpg,sunset,2026-08-24 06:31:35.792372+00:00,0,webcam,
125573,15911400,gold,0.5,0.5,train,https://storage.googleapis.com/sunrisesunset-32a25.firebasestorage.app/snapshots/15911400/1787553945026.jpg,sunset,2026-08-24 06:45:45.509867+00:00,0,webcam,
125576,15911400,gold,0.5,0.5,train,https://storage.googleapis.com/sunrisesunset-32a25.firebasestorage.app/snapshots/15911400/1787554844661.jpg,sunset,2026-08-24 07:00:45.132546+00:00,0,webcam,
125599,4523591,gold,0.0,0.0,train,https://storage.googleapis.com/sunrisesunset-32a25.firebasestorage.app/snapshots/4523591/1787562952770.jpg,sunset,2026-08-24 09:15:53.242929+00:00,0,webcam,
125606,8952830,gold,0.75,0.75,train,https://storage.googleapis.com/sunrisesunset-32a25.firebasestorage.app/snapshots/8952830/1787565699585.jpg,sunset,2026-08-24 10:01:39.901737+00:00,0,webcam,
125611,28952051,gold,0.5,0.5,train,https://storage.googleapis.com/sunrisesunset-32a25.firebasestorage.app/snapshots/28952051/1787566615523.jpg,sunset,2026-08-24 10:16:55.863578+00:00,0,webcam,
125612,29144336,gold,0.75,0.75,train,https://storage.googleapis.com/sunrisesunset-32a25.firebasestorage.app/snapshots/29144336/1787566616327.jpg,sunset,2026-08-24 10:16:56.853938+00:00,0,webcam,
125601,29163984,gold,0.25,0.25,train,https://storage.googleapis.com/sunrisesunset-32a25.firebasestorage.app/snapshots/29163984/1787562955892.jpg,sunset,2026-08-24 09:15:56.163943+00:00,0,webcam,
125607,28952051,gold,0.5,0.5,train,https://storage.googleapis.com/sunrisesunset-32a25.firebasestorage.app/snapshots/28952051/1787565712733.jpg,sunset,2026-08-24 10:01:53.093135+00:00,0,webcam,
125608,29144336,gold,0.5,0.5,train,https://storage.googleapis.com/sunrisesunset-32a25.firebasestorage.app/snapshots/29144336/1787565712727.jpg,sunset,2026-08-24 10:01:53.113898+00:00,0,webcam,
125614,28952051,gold,0.0,0.0,train,https://storage.googleapis.com/sunrisesunset-32a25.firebasestorage.app/snapshots/28952051/1787567459036.jpg,sunset,2026-08-24 10:30:59.405627+00:00,0,webcam,
125622,2375743,gold,0.0,0.0,train,https://storage.googleapis.com/sunrisesunset-32a25.firebasestorage.app/snapshots/2375743/1787570154720.jpg,sunset,2026-08-24 11:15:55.048854+00:00,0,webcam,
125627,2921338,gold,0.0,0.0,train,https://storage.googleapis.com/sunrisesunset-32a25.firebasestorage.app/snapshots/2921338/1787572858687.jpg,sunset,2026-08-24 12:00:59.087727+00:00,0,webcam,
125635,2921381,gold,0.25,0.25,train,https://storage.googleapis.com/sunrisesunset-32a25.firebasestorage.app/snapshots/2921381/1787574644223.jpg,sunset,2026-08-24 12:30:44.911625+00:00,0,webcam,
125640,12586,gold,0.0,0.0,train,https://storage.googleapis.com/sunrisesunset-32a25.firebasestorage.app/snapshots/12586/1787577347785.jpg,sunset,2026-08-24 13:15:48.143398+00:00,0,webcam,
125643,2921964,gold,0.5,0.5,train,https://storage.googleapis.com/sunrisesunset-32a25.firebasestorage.app/snapshots/2921964/1787578303539.jpg,sunset,2026-08-24 13:31:44.131949+00:00,0,webcam,
125650,20868788,gold,0.75,0.75,train,https://storage.googleapis.com/sunrisesunset-32a25.firebasestorage.app/snapshots/20868788/1787593554967.jpg,sunset,2026-08-24 17:45:56.352016+00:00,0,webcam,
125653,29271206,gold,0.5,0.5,train,https://storage.googleapis.com/sunrisesunset-32a25.firebasestorage.app/snapshots/29271206/1787595359252.jpg,sunset,2026-08-24 18:15:59.580063+00:00,0,webcam,
125654,2921338,gold,0.5,0.5,train,https://storage.googleapis.com/sunrisesunset-32a25.firebasestorage.app/snapshots/2921338/1787596245389.jpg,sunset,2026-08-24 18:30:45.956752+00:00,0,webcam,
125616,7516880,gold,0.5,0.5,train,https://storage.googleapis.com/sunrisesunset-32a25.firebasestorage.app/snapshots/7516880/1787567460938.jpg,sunset,2026-08-24 10:31:01.268424+00:00,0,webcam,
125617,29144336,gold,0.5,0.5,train,https://storage.googleapis.com/sunrisesunset-32a25.firebasestorage.app/snapshots/29144336/1787567460942.jpg,sunset,2026-08-24 10:31:01.315873+00:00,0,webcam,
125630,2972357,gold,0.0,0.0,train,https://storage.googleapis.com/sunrisesunset-32a25.firebasestorage.app/snapshots/2972357/1787573745326.jpg,sunset,2026-08-24 12:15:45.693515+00:00,0,webcam,
125641,2921964,gold,0.25,0.25,train,https://storage.googleapis.com/sunrisesunset-32a25.firebasestorage.app/snapshots/2921964/1787577349623.jpg,sunset,2026-08-24 13:15:50.511349+00:00,0,webcam,
125647,9164847,gold,0.0,0.0,train,https://storage.googleapis.com/sunrisesunset-32a25.firebasestorage.app/snapshots/9164847/1787587305306.jpg,sunset,2026-08-24 16:01:45.920224+00:00,0,webcam,
125655,2921338,gold,0.75,0.75,train,https://storage.googleapis.com/sunrisesunset-32a25.firebasestorage.app/snapshots/2921338/1787597149546.jpg,sunset,2026-08-24 18:45:50.312124+00:00,0,webcam,
125632,2921338,gold,0.0,0.0,train,https://storage.googleapis.com/sunrisesunset-32a25.firebasestorage.app/snapshots/2921338/1787573751550.jpg,sunset,2026-08-24 12:15:52.293810+00:00,0,webcam,
125670,28791837,gold,0.75,0.75,train,https://storage.googleapis.com/sunrisesunset-32a25.firebasestorage.app/snapshots/28791837/1787598970983.jpg,sunset,2026-08-24 19:16:11.287261+00:00,0,webcam,
125677,28952051,gold,0.25,0.25,train,https://storage.googleapis.com/sunrisesunset-32a25.firebasestorage.app/snapshots/28952051/1787601704211.jpg,sunset,2026-08-24 20:01:44.677660+00:00,0,webcam,
125681,29263479,gold,0.5,0.5,train,https://storage.googleapis.com/sunrisesunset-32a25.firebasestorage.app/snapshots/29263479/1787603442660.jpg,sunset,2026-08-24 20:30:44.542714+00:00,0,webcam,
125689,8679283,gold,0.0,0.0,train,https://storage.googleapis.com/sunrisesunset-32a25.firebasestorage.app/snapshots/8679283/1787605324105.jpg,sunset,2026-08-24 21:02:04.566469+00:00,0,webcam,
125691,29144336,gold,0.25,0.25,train,https://storage.googleapis.com/sunrisesunset-32a25.firebasestorage.app/snapshots/29144336/1787607944136.jpg,sunset,2026-08-24 21:45:44.639511+00:00,0,webcam,
125699,598510,gold,0.5,0.5,train,https://storage.googleapis.com/sunrisesunset-32a25.firebasestorage.app/snapshots/598510/1787613355745.jpg,sunset,2026-08-24 23:15:56.073039+00:00,0,webcam,
125675,24671280,gold,1.0,1.0,train,https://storage.googleapis.com/sunrisesunset-32a25.firebasestorage.app/snapshots/24671280/1787600776684.jpg,sunset,2026-08-24 19:46:17.044700+00:00,0,webcam,
125701,29286729,gold,0.75,0.75,train,https://storage.googleapis.com/sunrisesunset-32a25.firebasestorage.app/snapshots/29286729/1787614252520.jpg,sunset,2026-08-24 23:30:52.824819+00:00,0,webcam,
125702,8952830,gold,0.25,0.25,train,https://storage.googleapis.com/sunrisesunset-32a25.firebasestorage.app/snapshots/8952830/1787614252239.jpg,sunset,2026-08-24 23:30:52.840167+00:00,0,webcam,
125712,12451,gold,1.0,1.0,train,https://storage.googleapis.com/sunrisesunset-32a25.firebasestorage.app/snapshots/12451/1787621474608.jpg,sunset,2026-08-25 01:31:15.016742+00:00,0,webcam,
125659,2921338,gold,0.75,0.75,train,https://storage.googleapis.com/sunrisesunset-32a25.firebasestorage.app/snapshots/2921338/1787598050265.jpg,sunset,2026-08-24 19:00:51.125304+00:00,0,webcam,
125684,29042973,gold,0.5,0.5,train,https://storage.googleapis.com/sunrisesunset-32a25.firebasestorage.app/snapshots/29042973/1787603447161.jpg,sunset,2026-08-24 20:30:48.255738+00:00,0,webcam,
125714,4600867,gold,0.5,0.5,train,https://storage.googleapis.com/sunrisesunset-32a25.firebasestorage.app/snapshots/4600867/1787623267638.jpg,sunset,2026-08-25 02:01:08.154634+00:00,0,webcam,
125718,2921377,gold,0.0,0.0,train,https://storage.googleapis.com/sunrisesunset-32a25.firebasestorage.app/snapshots/2921377/1787624170700.jpg,sunset,2026-08-25 02:16:11.614592+00:00,0,webcam,
125719,13115,gold,0.0,0.0,train,https://storage.googleapis.com/sunrisesunset-32a25.firebasestorage.app/snapshots/13115/1787624173415.jpg,sunset,2026-08-25 02:16:13.750968+00:00,0,webcam,
125722,2921377,gold,0.75,0.75,train,https://storage.googleapis.com/sunrisesunset-32a25.firebasestorage.app/snapshots/2921377/1787625062514.jpg,sunset,2026-08-25 02:31:03.220566+00:00,0,webcam,
125729,5961510,gold,1.0,1.0,train,https://storage.googleapis.com/sunrisesunset-32a25.firebasestorage.app/snapshots/5961510/1787626846692.jpg,sunset,2026-08-25 03:00:47.108103+00:00,0,webcam,
125734,29247269,gold,0.5,0.5,train,https://storage.googleapis.com/sunrisesunset-32a25.firebasestorage.app/snapshots/29247269/1787628642127.jpg,sunset,2026-08-25 03:30:42.954637+00:00,0,webcam,
125737,2972357,gold,0.25,0.25,train,https://storage.googleapis.com/sunrisesunset-32a25.firebasestorage.app/snapshots/2972357/1787628655688.jpg,sunset,2026-08-25 03:30:56.019828+00:00,0,webcam,
125739,29247269,gold,0.75,0.75,train,https://storage.googleapis.com/sunrisesunset-32a25.firebasestorage.app/snapshots/29247269/1787629546287.jpg,sunset,2026-08-25 03:45:46.726897+00:00,0,webcam,
125742,29247269,gold,0.75,0.75,train,https://storage.googleapis.com/sunrisesunset-32a25.firebasestorage.app/snapshots/29247269/1787630493122.jpg,sunset,2026-08-25 04:01:33.848869+00:00,0,webcam,
125721,359,gold,0.5,0.5,train,https://storage.googleapis.com/sunrisesunset-32a25.firebasestorage.app/snapshots/359/1787625051235.jpg,sunset,2026-08-25 02:30:51.753940+00:00,0,webcam,
125743,24906830,gold,0.75,0.75,train,https://storage.googleapis.com/sunrisesunset-32a25.firebasestorage.app/snapshots/24906830/1787630497724.jpg,sunset,2026-08-25 04:01:38.055117+00:00,0,webcam,
125744,4769517,gold,0.25,0.25,train,https://storage.googleapis.com/sunrisesunset-32a25.firebasestorage.app/snapshots/4769517/1787630500410.jpg,sunset,2026-08-25 04:01:40.723511+00:00,0,webcam,
125749,137,gold,0.25,0.25,train,https://storage.googleapis.com/sunrisesunset-32a25.firebasestorage.app/snapshots/137/1787631356181.jpg,sunset,2026-08-25 04:15:56.584401+00:00,0,webcam,
125760,3802591,gold,0.5,0.5,train,https://storage.googleapis.com/sunrisesunset-32a25.firebasestorage.app/snapshots/3802591/1787635001162.jpg,sunset,2026-08-25 05:16:41.754666+00:00,0,webcam,
125761,3802591,gold,0.5,0.5,train,https://storage.googleapis.com/sunrisesunset-32a25.firebasestorage.app/snapshots/3802591/1787635896602.jpg,sunset,2026-08-25 05:31:37.106550+00:00,0,webcam,
125767,29022880,gold,0.0,0.0,train,https://storage.googleapis.com/sunrisesunset-32a25.firebasestorage.app/snapshots/29022880/1787639441576.jpg,sunset,2026-08-25 06:30:41.993740+00:00,0,webcam,
125781,26029304,gold,0.25,0.25,train,https://storage.googleapis.com/sunrisesunset-32a25.firebasestorage.app/snapshots/26029304/1787646648420.jpg,sunset,2026-08-25 08:30:48.765573+00:00,0,webcam,
125784,29163984,gold,0.5,0.5,train,https://storage.googleapis.com/sunrisesunset-32a25.firebasestorage.app/snapshots/29163984/1787647549864.jpg,sunset,2026-08-25 08:45:50.289742+00:00,0,webcam,
125788,28811574,gold,0.5,0.5,train,https://storage.googleapis.com/sunrisesunset-32a25.firebasestorage.app/snapshots/28811574/1787649353938.jpg,sunset,2026-08-25 09:15:54.370019+00:00,0,webcam,
125794,8952830,gold,1.0,1.0,train,https://storage.googleapis.com/sunrisesunset-32a25.firebasestorage.app/snapshots/8952830/1787652046861.jpg,sunset,2026-08-25 10:00:47.303725+00:00,0,webcam,
125796,8952830,gold,0.5,0.5,train,https://storage.googleapis.com/sunrisesunset-32a25.firebasestorage.app/snapshots/8952830/1787652945777.jpg,sunset,2026-08-25 10:15:47.061290+00:00,0,webcam,
125800,12033099,gold,0.75,0.75,train,https://storage.googleapis.com/sunrisesunset-32a25.firebasestorage.app/snapshots/12033099/1787653856396.jpg,sunset,2026-08-25 10:30:56.754766+00:00,0,webcam,
125801,29044869,gold,0.25,0.25,train,https://storage.googleapis.com/sunrisesunset-32a25.firebasestorage.app/snapshots/29044869/1787653858501.jpg,sunset,2026-08-25 10:30:58.815568+00:00,0,webcam,
125756,3802591,gold,0.5,0.5,train,https://storage.googleapis.com/sunrisesunset-32a25.firebasestorage.app/snapshots/3802591/1787634099823.jpg,sunset,2026-08-25 05:01:40.247428+00:00,0,webcam,
125786,4641273,gold,0.25,0.25,train,https://storage.googleapis.com/sunrisesunset-32a25.firebasestorage.app/snapshots/4641273/1787648453764.jpg,sunset,2026-08-25 09:00:54.188429+00:00,0,webcam,
125791,28811574,gold,0.5,0.5,train,https://storage.googleapis.com/sunrisesunset-32a25.firebasestorage.app/snapshots/28811574/1787650255133.jpg,sunset,2026-08-25 09:30:55.446672+00:00,0,webcam,
125799,29144336,gold,0.0,0.0,train,https://storage.googleapis.com/sunrisesunset-32a25.firebasestorage.app/snapshots/29144336/1787652959795.jpg,sunset,2026-08-25 10:16:00.203807+00:00,0,webcam,
125803,29044869,gold,0.0,0.0,train,https://storage.googleapis.com/sunrisesunset-32a25.firebasestorage.app/snapshots/29044869/1787654758958.jpg,sunset,2026-08-25 10:45:59.610359+00:00,0,webcam,
125814,2972357,gold,0.5,0.5,train,https://storage.googleapis.com/sunrisesunset-32a25.firebasestorage.app/snapshots/2972357/1787659246037.jpg,sunset,2026-08-25 12:00:46.602485+00:00,0,webcam,
125823,29064479,gold,0.75,0.75,train,https://storage.googleapis.com/sunrisesunset-32a25.firebasestorage.app/snapshots/29064479/1787661990450.jpg,sunset,2026-08-25 12:46:30.856571+00:00,0,webcam,
125827,29043741,gold,1.0,1.0,train,https://storage.googleapis.com/sunrisesunset-32a25.firebasestorage.app/snapshots/29043741/1787668300473.jpg,sunset,2026-08-25 14:31:42.232981+00:00,0,webcam,
125829,5973565,gold,0.25,0.25,train,https://storage.googleapis.com/sunrisesunset-32a25.firebasestorage.app/snapshots/5973565/1787673797201.jpg,sunset,2026-08-25 16:03:17.755857+00:00,0,webcam,
125835,29135072,gold,0.75,0.75,train,https://storage.googleapis.com/sunrisesunset-32a25.firebasestorage.app/snapshots/29135072/1787674548874.jpg,sunset,2026-08-25 16:15:49.250944+00:00,0,webcam,
125837,29051458,gold,0.5,0.5,train,https://storage.googleapis.com/sunrisesunset-32a25.firebasestorage.app/snapshots/29051458/1787674548871.jpg,sunset,2026-08-25 16:15:49.266629+00:00,0,webcam,
125838,15017506,gold,0.0,0.0,train,https://storage.googleapis.com/sunrisesunset-32a25.firebasestorage.app/snapshots/15017506/1787675445075.jpg,sunset,2026-08-25 16:30:46.439024+00:00,0,webcam,
125839,29224562,gold,0.75,0.75,train,https://storage.googleapis.com/sunrisesunset-32a25.firebasestorage.app/snapshots/29224562/1787675446317.jpg,sunset,2026-08-25 16:30:46.719853+00:00,0,webcam,
125804,28296051,gold,0.75,0.75,train,https://storage.googleapis.com/sunrisesunset-32a25.firebasestorage.app/snapshots/28296051/1787654760798.jpg,sunset,2026-08-25 10:46:01.172146+00:00,0,webcam,
125811,2375743,gold,0.75,0.75,train,https://storage.googleapis.com/sunrisesunset-32a25.firebasestorage.app/snapshots/2375743/1787657450104.jpg,sunset,2026-08-25 11:30:50.407063+00:00,0,webcam,
125816,9797436,gold,0.75,0.75,train,https://storage.googleapis.com/sunrisesunset-32a25.firebasestorage.app/snapshots/9797436/1787660144924.jpg,sunset,2026-08-25 12:15:45.390583+00:00,0,webcam,
125836,3800978,gold,1.0,1.0,train,https://storage.googleapis.com/sunrisesunset-32a25.firebasestorage.app/snapshots/3800978/1787674548175.jpg,sunset,2026-08-25 16:15:49.252586+00:00,0,webcam,
125840,29247269,gold,0.0,0.0,train,https://storage.googleapis.com/sunrisesunset-32a25.firebasestorage.app/snapshots/29247269/1787675448517.jpg,sunset,2026-08-25 16:30:48.909560+00:00,0,webcam,
125841,29051458,gold,1.0,1.0,train,https://storage.googleapis.com/sunrisesunset-32a25.firebasestorage.app/snapshots/29051458/1787675448539.jpg,sunset,2026-08-25 16:30:48.978088+00:00,0,webcam,
125842,29135072,gold,1.0,1.0,train,https://storage.googleapis.com/sunrisesunset-32a25.firebasestorage.app/snapshots/29135072/1787675448558.jpg,sunset,2026-08-25 16:30:49.007676+00:00,0,webcam,
125845,15017506,gold,0.5,0.5,train,https://storage.googleapis.com/sunrisesunset-32a25.firebasestorage.app/snapshots/15017506/1787676348781.jpg,sunset,2026-08-25 16:45:49.193163+00:00,0,webcam,
125846,29224562,gold,0.75,0.75,train,https://storage.googleapis.com/sunrisesunset-32a25.firebasestorage.app/snapshots/29224562/1787676348798.jpg,sunset,2026-08-25 16:45:49.249953+00:00,0,webcam,
125818,2921372,gold,0.75,0.75,train,https://storage.googleapis.com/sunrisesunset-32a25.firebasestorage.app/snapshots/2921372/1787660146984.jpg,sunset,2026-08-25 12:15:47.328138+00:00,0,webcam,
125831,29247269,gold,0.0,0.0,train,https://storage.googleapis.com/sunrisesunset-32a25.firebasestorage.app/snapshots/29247269/1787673803445.jpg,sunset,2026-08-25 16:03:23.965561+00:00,0,webcam,
125832,3800978,gold,0.75,0.75,train,https://storage.googleapis.com/sunrisesunset-32a25.firebasestorage.app/snapshots/3800978/1787673803822.jpg,sunset,2026-08-25 16:03:24.203102+00:00,0,webcam,
125852,20868788,gold,0.5,0.5,train,https://storage.googleapis.com/sunrisesunset-32a25.firebasestorage.app/snapshots/20868788/1787679946703.jpg,sunset,2026-08-25 17:45:47.401939+00:00,0,webcam,
125853,21846,gold,0.5,0.5,train,https://storage.googleapis.com/sunrisesunset-32a25.firebasestorage.app/snapshots/21846/1787680850582.jpg,sunset,2026-08-25 18:00:51.049467+00:00,0,webcam,
125884,931,gold,0.0,0.0,train,https://storage.googleapis.com/sunrisesunset-32a25.firebasestorage.app/snapshots/931/1787691656690.jpg,sunset,2026-08-25 21:00:57.082291+00:00,0,webcam,
125885,29022880,gold,0.5,0.5,train,https://storage.googleapis.com/sunrisesunset-32a25.firebasestorage.app/snapshots/29022880/1787691657624.jpg,sunset,2026-08-25 21:00:58.496028+00:00,0,webcam,
125871,17923366,gold,0.5,0.5,train,https://storage.googleapis.com/sunrisesunset-32a25.firebasestorage.app/snapshots/17923366/1787686319406.jpg,sunset,2026-08-25 19:31:59.761125+00:00,0,webcam,
125881,931,gold,0.75,0.75,train,https://storage.googleapis.com/sunrisesunset-32a25.firebasestorage.app/snapshots/931/1787690756049.jpg,sunset,2026-08-25 20:45:56.393891+00:00,0,webcam,
125890,29168547,gold,0.5,0.5,train,https://storage.googleapis.com/sunrisesunset-32a25.firebasestorage.app/snapshots/29168547/1787694354891.jpg,sunset,2026-08-25 21:45:55.684253+00:00,0,webcam,
125891,29206986,gold,0.5,0.5,train,https://storage.googleapis.com/sunrisesunset-32a25.firebasestorage.app/snapshots/29206986/1787694357226.jpg,sunset,2026-08-25 21:45:57.519615+00:00,0,webcam,
125896,4949016,gold,0.5,0.5,train,https://storage.googleapis.com/sunrisesunset-32a25.firebasestorage.app/snapshots/4949016/1787697044824.jpg,sunset,2026-08-25 22:30:45.196796+00:00,0,webcam,
125907,28955461,gold,0.25,0.25,train,https://storage.googleapis.com/sunrisesunset-32a25.firebasestorage.app/snapshots/28955461/1787698863449.jpg,sunset,2026-08-25 23:01:04.184676+00:00,0,webcam,
125913,8952830,gold,0.0,0.0,train,https://storage.googleapis.com/sunrisesunset-32a25.firebasestorage.app/snapshots/8952830/1787700661407.jpg,sunset,2026-08-25 23:31:02.088400+00:00,0,webcam,
125917,2957072,gold,0.25,0.25,train,https://storage.googleapis.com/sunrisesunset-32a25.firebasestorage.app/snapshots/2957072/1787702461247.jpg,sunset,2026-08-26 00:01:01.679678+00:00,0,webcam,
125939,359,gold,1.0,1.0,train,https://storage.googleapis.com/sunrisesunset-32a25.firebasestorage.app/snapshots/359/1787711507792.jpg,sunset,2026-08-26 02:31:48.122050+00:00,0,webcam,
125911,28955461,gold,0.5,0.5,train,https://storage.googleapis.com/sunrisesunset-32a25.firebasestorage.app/snapshots/28955461/1787699759668.jpg,sunset,2026-08-25 23:16:00.197859+00:00,0,webcam,
125916,8952830,gold,0.25,0.25,train,https://storage.googleapis.com/sunrisesunset-32a25.firebasestorage.app/snapshots/8952830/1787701558585.jpg,sunset,2026-08-25 23:45:59.334261+00:00,0,webcam,
125936,2921377,gold,0.75,0.75,train,https://storage.googleapis.com/sunrisesunset-32a25.firebasestorage.app/snapshots/2921377/1787710561776.jpg,sunset,2026-08-26 02:16:02.111306+00:00,0,webcam,
125943,2921377,gold,0.5,0.5,train,https://storage.googleapis.com/sunrisesunset-32a25.firebasestorage.app/snapshots/2921377/1787711516706.jpg,sunset,2026-08-26 02:31:57.007059+00:00,0,webcam,
125924,14669103,gold,1.0,1.0,train,https://storage.googleapis.com/sunrisesunset-32a25.firebasestorage.app/snapshots/14669103/1787707858238.jpg,sunset,2026-08-26 01:30:58.569204+00:00,0,webcam,
125925,12451,gold,1.0,1.0,train,https://storage.googleapis.com/sunrisesunset-32a25.firebasestorage.app/snapshots/12451/1787707861614.jpg,sunset,2026-08-26 01:31:01.932870+00:00,0,webcam,
125958,7495853,gold,1.0,1.0,train,https://storage.googleapis.com/sunrisesunset-32a25.firebasestorage.app/snapshots/7495853/1787714148981.jpg,sunset,2026-08-26 03:15:49.493816+00:00,0,webcam,
125974,3802591,gold,0.25,0.25,train,https://storage.googleapis.com/sunrisesunset-32a25.firebasestorage.app/snapshots/3802591/1787721350579.jpg,sunset,2026-08-26 05:15:50.919595+00:00,0,webcam,
125976,3802591,gold,0.25,0.25,train,https://storage.googleapis.com/sunrisesunset-32a25.firebasestorage.app/snapshots/3802591/1787722301437.jpg,sunset,2026-08-26 05:31:41.810476+00:00,0,webcam,
125986,26029304,gold,0.75,0.75,train,https://storage.googleapis.com/sunrisesunset-32a25.firebasestorage.app/snapshots/26029304/1787732152367.jpg,sunset,2026-08-26 08:15:52.807571+00:00,0,webcam,
125988,18274017,gold,0.5,0.5,train,https://storage.googleapis.com/sunrisesunset-32a25.firebasestorage.app/snapshots/18274017/1787733098367.jpg,sunset,2026-08-26 08:31:39.157737+00:00,0,webcam,
125994,4641273,gold,0.5,0.5,train,https://storage.googleapis.com/sunrisesunset-32a25.firebasestorage.app/snapshots/4641273/1787734912207.jpg,sunset,2026-08-26 09:01:52.653391+00:00,0,webcam,
125990,26029304,gold,0.75,0.75,train,https://storage.googleapis.com/sunrisesunset-32a25.firebasestorage.app/snapshots/26029304/1787733100446.jpg,sunset,2026-08-26 08:31:40.764979+00:00,0,webcam,
125993,29163984,gold,0.5,0.5,train,https://storage.googleapis.com/sunrisesunset-32a25.firebasestorage.app/snapshots/29163984/1787733951613.jpg,sunset,2026-08-26 08:45:51.921771+00:00,0,webcam,
125995,29271222,gold,0.75,0.75,train,https://storage.googleapis.com/sunrisesunset-32a25.firebasestorage.app/snapshots/29271222/1787734914196.jpg,sunset,2026-08-26 09:01:54.506239+00:00,0,webcam,
125997,29163984,gold,0.25,0.25,train,https://storage.googleapis.com/sunrisesunset-32a25.firebasestorage.app/snapshots/29163984/1787735758465.jpg,sunset,2026-08-26 09:15:58.811305+00:00,0,webcam,
125946,9797436,gold,0.25,0.25,train,https://storage.googleapis.com/sunrisesunset-32a25.firebasestorage.app/snapshots/9797436/1787712356067.jpg,sunset,2026-08-26 02:45:56.964180+00:00,0,webcam,
125950,29341724,gold,0.0,0.0,train,https://storage.googleapis.com/sunrisesunset-32a25.firebasestorage.app/snapshots/29341724/1787713253551.jpg,sunset,2026-08-26 03:00:53.871589+00:00,0,webcam,
125973,3802591,gold,0.5,0.5,train,https://storage.googleapis.com/sunrisesunset-32a25.firebasestorage.app/snapshots/3802591/1787720515670.jpg,sunset,2026-08-26 05:01:56.020474+00:00,0,webcam,
125951,9797436,gold,0.5,0.5,train,https://storage.googleapis.com/sunrisesunset-32a25.firebasestorage.app/snapshots/9797436/1787713257350.jpg,sunset,2026-08-26 03:00:58.431123+00:00,0,webcam,
125967,24906830,gold,0.25,0.25,train,https://storage.googleapis.com/sunrisesunset-32a25.firebasestorage.app/snapshots/24906830/1787716850347.jpg,sunset,2026-08-26 04:00:51.554377+00:00,0,webcam,
126003,8952830,gold,0.25,0.25,train,https://storage.googleapis.com/sunrisesunset-32a25.firebasestorage.app/snapshots/8952830/1787738627259.jpg,sunset,2026-08-26 10:03:48.062447+00:00,0,webcam,
126009,29144336,gold,0.25,0.25,train,https://storage.googleapis.com/sunrisesunset-32a25.firebasestorage.app/snapshots/29144336/1787739359561.jpg,sunset,2026-08-26 10:15:59.895203+00:00,0,webcam,
126010,28952051,gold,0.5,0.5,train,https://storage.googleapis.com/sunrisesunset-32a25.firebasestorage.app/snapshots/28952051/1787739359577.jpg,sunset,2026-08-26 10:15:59.915017+00:00,0,webcam,
126012,9379772,gold,0.75,0.75,train,https://storage.googleapis.com/sunrisesunset-32a25.firebasestorage.app/snapshots/9379772/1787740243916.jpg,sunset,2026-08-26 10:30:45.207997+00:00,0,webcam,
126016,28952051,gold,0.75,0.75,train,https://storage.googleapis.com/sunrisesunset-32a25.firebasestorage.app/snapshots/28952051/1787741162094.jpg,sunset,2026-08-26 10:46:02.685599+00:00,0,webcam,
126019,28952051,gold,0.0,0.0,train,https://storage.googleapis.com/sunrisesunset-32a25.firebasestorage.app/snapshots/28952051/1787742067445.jpg,sunset,2026-08-26 11:01:07.982837+00:00,0,webcam,
126025,9797436,gold,0.5,0.5,train,https://storage.googleapis.com/sunrisesunset-32a25.firebasestorage.app/snapshots/9797436/1787745643928.jpg,sunset,2026-08-26 12:00:44.702435+00:00,0,webcam,
126027,27645536,gold,0.25,0.25,train,https://storage.googleapis.com/sunrisesunset-32a25.firebasestorage.app/snapshots/27645536/1787745647777.jpg,sunset,2026-08-26 12:00:48.121130+00:00,0,webcam,
126029,9797436,gold,0.25,0.25,train,https://storage.googleapis.com/sunrisesunset-32a25.firebasestorage.app/snapshots/9797436/1787746546074.jpg,sunset,2026-08-26 12:15:46.728916+00:00,0,webcam,
126035,29064479,gold,0.25,0.25,train,https://storage.googleapis.com/sunrisesunset-32a25.firebasestorage.app/snapshots/29064479/1787748343494.jpg,sunset,2026-08-26 12:45:43.869001+00:00,0,webcam,
126036,6047333,gold,0.25,0.25,train,https://storage.googleapis.com/sunrisesunset-32a25.firebasestorage.app/snapshots/6047333/1787750150799.jpg,sunset,2026-08-26 13:15:51.226351+00:00,0,webcam,
126004,29144336,gold,0.25,0.25,train,https://storage.googleapis.com/sunrisesunset-32a25.firebasestorage.app/snapshots/29144336/1787738640884.jpg,sunset,2026-08-26 10:04:01.228448+00:00,0,webcam,
126014,28952051,gold,0.0,0.0,train,https://storage.googleapis.com/sunrisesunset-32a25.firebasestorage.app/snapshots/28952051/1787740266356.jpg,sunset,2026-08-26 10:31:06.683591+00:00,0,webcam,
126022,28952051,gold,0.25,0.25,train,https://storage.googleapis.com/sunrisesunset-32a25.firebasestorage.app/snapshots/28952051/1787742964080.jpg,sunset,2026-08-26 11:16:04.580491+00:00,0,webcam,
125970,137,gold,0.5,0.5,train,https://storage.googleapis.com/sunrisesunset-32a25.firebasestorage.app/snapshots/137/1787717760143.jpg,sunset,2026-08-26 04:16:00.584159+00:00,0,webcam,
126042,29051458,gold,0.5,0.5,train,https://storage.googleapis.com/sunrisesunset-32a25.firebasestorage.app/snapshots/29051458/1787760949885.jpg,sunset,2026-08-26 16:15:50.235513+00:00,0,webcam,
126044,3800978,gold,0.75,0.75,train,https://storage.googleapis.com/sunrisesunset-32a25.firebasestorage.app/snapshots/3800978/1787760952990.jpg,sunset,2026-08-26 16:15:53.323846+00:00,0,webcam,
126045,29135072,gold,0.75,0.75,train,https://storage.googleapis.com/sunrisesunset-32a25.firebasestorage.app/snapshots/29135072/1787760953188.jpg,sunset,2026-08-26 16:15:53.507884+00:00,0,webcam,
126046,15017506,gold,0.25,0.25,train,https://storage.googleapis.com/sunrisesunset-32a25.firebasestorage.app/snapshots/15017506/1787761846409.jpg,sunset,2026-08-26 16:30:47.181058+00:00,0,webcam,
126050,13233845,gold,0.5,0.5,train,https://storage.googleapis.com/sunrisesunset-32a25.firebasestorage.app/snapshots/13233845/1787762804591.jpg,sunset,2026-08-26 16:46:45.260994+00:00,0,webcam,
126057,6257085,gold,0.0,0.0,train,https://storage.googleapis.com/sunrisesunset-32a25.firebasestorage.app/snapshots/6257085/1787765452458.jpg,sunset,2026-08-26 17:30:52.995979+00:00,0,webcam,
126071,24671280,gold,1.0,1.0,train,https://storage.googleapis.com/sunrisesunset-32a25.firebasestorage.app/snapshots/24671280/1787772667059.jpg,sunset,2026-08-26 19:31:07.564525+00:00,0,webcam,
126072,17923366,gold,0.75,0.75,train,https://storage.googleapis.com/sunrisesunset-32a25.firebasestorage.app/snapshots/17923366/1787772667073.jpg,sunset,2026-08-26 19:31:07.590751+00:00,0,webcam,
126039,3800978,gold,0.75,0.75,train,https://storage.googleapis.com/sunrisesunset-32a25.firebasestorage.app/snapshots/3800978/1787760210446.jpg,sunset,2026-08-26 16:03:30.858034+00:00,0,webcam,
126047,29051458,gold,0.75,0.75,train,https://storage.googleapis.com/sunrisesunset-32a25.firebasestorage.app/snapshots/29051458/1787761847050.jpg,sunset,2026-08-26 16:30:47.446083+00:00,0,webcam,
126051,29224562,gold,0.75,0.75,train,https://storage.googleapis.com/sunrisesunset-32a25.firebasestorage.app/snapshots/29224562/1787762811768.jpg,sunset,2026-08-26 16:46:52.212430+00:00,0,webcam,
126053,15017506,gold,0.5,0.5,train,https://storage.googleapis.com/sunrisesunset-32a25.firebasestorage.app/snapshots/15017506/1787762815473.jpg,sunset,2026-08-26 16:46:55.836006+00:00,0,webcam,
126054,29135072,gold,1.0,1.0,train,https://storage.googleapis.com/sunrisesunset-32a25.firebasestorage.app/snapshots/29135072/1787762818294.jpg,sunset,2026-08-26 16:46:58.686972+00:00,0,webcam,
126081,29263479,gold,0.5,0.5,train,https://storage.googleapis.com/sunrisesunset-32a25.firebasestorage.app/snapshots/29263479/1787776245467.jpg,sunset,2026-08-26 20:30:46.221636+00:00,0,webcam,
126083,931,gold,0.0,0.0,train,https://storage.googleapis.com/sunrisesunset-32a25.firebasestorage.app/snapshots/931/1787776269988.jpg,sunset,2026-08-26 20:31:10.331177+00:00,0,webcam,
126084,10122390,gold,0.5,0.5,train,https://storage.googleapis.com/sunrisesunset-32a25.firebasestorage.app/snapshots/10122390/1787777143849.jpg,sunset,2026-08-26 20:45:44.239081+00:00,0,webcam,
126092,29320505,gold,1.0,1.0,train,https://storage.googleapis.com/sunrisesunset-32a25.firebasestorage.app/snapshots/29320505/1787779921375.jpg,sunset,2026-08-26 21:32:01.928769+00:00,0,webcam,
126093,29144336,gold,0.5,0.5,train,https://storage.googleapis.com/sunrisesunset-32a25.firebasestorage.app/snapshots/29144336/1787780792242.jpg,sunset,2026-08-26 21:46:32.590779+00:00,0,webcam,
126094,4949016,gold,0.5,0.5,train,https://storage.googleapis.com/sunrisesunset-32a25.firebasestorage.app/snapshots/4949016/1787783445930.jpg,sunset,2026-08-26 22:30:46.669109+00:00,0,webcam,
126109,29286729,gold,0.5,0.5,train,https://storage.googleapis.com/sunrisesunset-32a25.firebasestorage.app/snapshots/29286729/1787787053385.jpg,sunset,2026-08-26 23:30:53.675108+00:00,0,webcam,
126111,8952830,gold,0.25,0.25,train,https://storage.googleapis.com/sunrisesunset-32a25.firebasestorage.app/snapshots/8952830/1787787958106.jpg,sunset,2026-08-26 23:46:00.464782+00:00,0,webcam,
126076,29341724,gold,0.5,0.5,train,https://storage.googleapis.com/sunrisesunset-32a25.firebasestorage.app/snapshots/29341724/1787774505763.jpg,sunset,2026-08-26 20:01:46.262860+00:00,0,webcam,
126090,2944828,gold,0.5,0.5,train,https://storage.googleapis.com/sunrisesunset-32a25.firebasestorage.app/snapshots/2944828/1787778946456.jpg,sunset,2026-08-26 21:15:46.758749+00:00,0,webcam,
126107,29184277,gold,0.25,0.25,train,https://storage.googleapis.com/sunrisesunset-32a25.firebasestorage.app/snapshots/29184277/1787787050783.jpg,sunset,2026-08-26 23:30:51.423374+00:00,0,webcam,
126114,29184277,gold,0.25,0.25,train,https://storage.googleapis.com/sunrisesunset-32a25.firebasestorage.app/snapshots/29184277/1787788854632.jpg,sunset,2026-08-27 00:00:55.000457+00:00,0,webcam,
126078,28992538,gold,0.5,0.5,train,https://storage.googleapis.com/sunrisesunset-32a25.firebasestorage.app/snapshots/28992538/1787774511348.jpg,sunset,2026-08-26 20:01:51.932496+00:00,0,webcam,
126127,29353863,gold,0.25,0.25,train,https://storage.googleapis.com/sunrisesunset-32a25.firebasestorage.app/snapshots/29353863/1787791551258.jpg,sunset,2026-08-27 00:45:51.609364+00:00,0,webcam,
126144,2921377,gold,0.75,0.75,train,https://storage.googleapis.com/sunrisesunset-32a25.firebasestorage.app/snapshots/2921377/1787796958310.jpg,sunset,2026-08-27 02:15:58.661095+00:00,0,webcam,
126158,7495853,gold,0.75,0.75,train,https://storage.googleapis.com/sunrisesunset-32a25.firebasestorage.app/snapshots/7495853/1787800550098.jpg,sunset,2026-08-27 03:15:50.934891+00:00,0,webcam,
126160,3004200,gold,0.75,0.75,train,https://storage.googleapis.com/sunrisesunset-32a25.firebasestorage.app/snapshots/3004200/1787800560797.jpg,sunset,2026-08-27 03:16:01.539036+00:00,0,webcam,
126162,29107918,gold,0.5,0.5,train,https://storage.googleapis.com/sunrisesunset-32a25.firebasestorage.app/snapshots/29107918/1787801446398.jpg,sunset,2026-08-27 03:30:46.829202+00:00,0,webcam,
126163,7495853,gold,0.75,0.75,train,https://storage.googleapis.com/sunrisesunset-32a25.firebasestorage.app/snapshots/7495853/1787801446418.jpg,sunset,2026-08-27 03:30:46.984332+00:00,0,webcam,
126171,24906830,gold,0.75,0.75,train,https://storage.googleapis.com/sunrisesunset-32a25.firebasestorage.app/snapshots/24906830/1787803250597.jpg,sunset,2026-08-27 04:00:51.029356+00:00,0,webcam,
126129,29348510,gold,0.5,0.5,train,https://storage.googleapis.com/sunrisesunset-32a25.firebasestorage.app/snapshots/29348510/1787791559139.jpg,sunset,2026-08-27 00:46:00.772128+00:00,0,webcam,
126141,4600867,gold,0.5,0.5,train,https://storage.googleapis.com/sunrisesunset-32a25.firebasestorage.app/snapshots/4600867/1787796956666.jpg,sunset,2026-08-27 02:15:57.085741+00:00,0,webcam,
126156,29107918,gold,0.5,0.5,train,https://storage.googleapis.com/sunrisesunset-32a25.firebasestorage.app/snapshots/29107918/1787799700300.jpg,sunset,2026-08-27 03:01:40.715536+00:00,0,webcam,
126168,2972357,gold,0.0,0.0,train,https://storage.googleapis.com/sunrisesunset-32a25.firebasestorage.app/snapshots/2972357/1787801460920.jpg,sunset,2026-08-27 03:31:01.321182+00:00,0,webcam,
126178,3802591,gold,1.0,1.0,train,https://storage.googleapis.com/sunrisesunset-32a25.firebasestorage.app/snapshots/3802591/1787807749663.jpg,sunset,2026-08-27 05:15:50.105844+00:00,0,webcam,
126180,3802591,gold,0.75,0.75,train,https://storage.googleapis.com/sunrisesunset-32a25.firebasestorage.app/snapshots/3802591/1787808696192.jpg,sunset,2026-08-27 05:31:36.846043+00:00,0,webcam,
126189,400,gold,0.5,0.5,train,https://storage.googleapis.com/sunrisesunset-32a25.firebasestorage.app/snapshots/400/1787816805861.jpg,sunset,2026-08-27 07:46:46.207865+00:00,0,webcam,
126190,26029304,gold,0.5,0.5,train,https://storage.googleapis.com/sunrisesunset-32a25.firebasestorage.app/snapshots/26029304/1787818606557.jpg,sunset,2026-08-27 08:16:47.368598+00:00,0,webcam,
126194,26029304,gold,0.75,0.75,train,https://storage.googleapis.com/sunrisesunset-32a25.firebasestorage.app/snapshots/26029304/1787819450195.jpg,sunset,2026-08-27 08:30:51.060743+00:00,0,webcam,
126196,29163984,gold,0.5,0.5,train,https://storage.googleapis.com/sunrisesunset-32a25.firebasestorage.app/snapshots/29163984/1787820353292.jpg,sunset,2026-08-27 08:45:53.664647+00:00,0,webcam,
126105,598510,gold,0.5,0.5,train,https://storage.googleapis.com/sunrisesunset-32a25.firebasestorage.app/snapshots/598510/1787786152669.jpg,sunset,2026-08-26 23:15:53.097578+00:00,0,webcam,
126155,9797436,gold,1.0,1.0,train,https://storage.googleapis.com/sunrisesunset-32a25.firebasestorage.app/snapshots/9797436/1787798760716.jpg,sunset,2026-08-27 02:46:01.168914+00:00,0,webcam,
126177,3802591,gold,0.25,0.25,train,https://storage.googleapis.com/sunrisesunset-32a25.firebasestorage.app/snapshots/3802591/1787806853003.jpg,sunset,2026-08-27 05:00:53.321731+00:00,0,webcam,
126199,4641273,gold,0.5,0.5,train,https://storage.googleapis.com/sunrisesunset-32a25.firebasestorage.app/snapshots/4641273/1787821257016.jpg,sunset,2026-08-27 09:00:57.516941+00:00,0,webcam,
126200,29163984,gold,0.5,0.5,train,https://storage.googleapis.com/sunrisesunset-32a25.firebasestorage.app/snapshots/29163984/1787821257276.jpg,sunset,2026-08-27 09:00:57.634282+00:00,0,webcam,
126207,8750142,gold,0.0,0.0,train,https://storage.googleapis.com/sunrisesunset-32a25.firebasestorage.app/snapshots/8750142/1787823945139.jpg,sunset,2026-08-27 09:45:45.609539+00:00,0,webcam,
126213,28952051,gold,0.25,0.25,train,https://storage.googleapis.com/sunrisesunset-32a25.firebasestorage.app/snapshots/28952051/1787824907663.jpg,sunset,2026-08-27 10:01:48.437663+00:00,0,webcam,
126214,8750142,gold,0.5,0.5,train,https://storage.googleapis.com/sunrisesunset-32a25.firebasestorage.app/snapshots/8750142/1787825800560.jpg,sunset,2026-08-27 10:16:41.722801+00:00,0,webcam,
126215,9379772,gold,0.25,0.25,train,https://storage.googleapis.com/sunrisesunset-32a25.firebasestorage.app/snapshots/9379772/1787825801013.jpg,sunset,2026-08-27 10:16:41.780189+00:00,0,webcam,
126222,9379772,gold,0.5,0.5,train,https://storage.googleapis.com/sunrisesunset-32a25.firebasestorage.app/snapshots/9379772/1787826641852.jpg,sunset,2026-08-27 10:30:42.925973+00:00,0,webcam,
126226,26985219,gold,0.75,0.75,train,https://storage.googleapis.com/sunrisesunset-32a25.firebasestorage.app/snapshots/26985219/1787827548448.jpg,sunset,2026-08-27 10:45:48.825206+00:00,0,webcam,
126229,26985219,gold,0.5,0.5,train,https://storage.googleapis.com/sunrisesunset-32a25.firebasestorage.app/snapshots/26985219/1787828447706.jpg,sunset,2026-08-27 11:00:48.167420+00:00,0,webcam,
126238,2921372,gold,0.5,0.5,train,https://storage.googleapis.com/sunrisesunset-32a25.firebasestorage.app/snapshots/2921372/1787832095520.jpg,sunset,2026-08-27 12:01:36.707917+00:00,0,webcam,
126241,2921372,gold,0.75,0.75,train,https://storage.googleapis.com/sunrisesunset-32a25.firebasestorage.app/snapshots/2921372/1787832944728.jpg,sunset,2026-08-27 12:15:45.080711+00:00,0,webcam,
126243,29064479,gold,0.5,0.5,train,https://storage.googleapis.com/sunrisesunset-32a25.firebasestorage.app/snapshots/29064479/1787834742622.jpg,sunset,2026-08-27 12:45:43.075598+00:00,0,webcam,
126244,12586,gold,0.0,0.0,train,https://storage.googleapis.com/sunrisesunset-32a25.firebasestorage.app/snapshots/12586/1787835811860.jpg,sunset,2026-08-27 13:03:32.311560+00:00,0,webcam,
126245,5649571,gold,0.75,0.75,train,https://storage.googleapis.com/sunrisesunset-32a25.firebasestorage.app/snapshots/5649571/1787841047951.jpg,sunset,2026-08-27 14:30:49.783271+00:00,0,webcam,
126202,2957072,gold,0.25,0.25,train,https://storage.googleapis.com/sunrisesunset-32a25.firebasestorage.app/snapshots/2957072/1787822150997.jpg,sunset,2026-08-27 09:15:51.325699+00:00,0,webcam,
126208,28794621,gold,0.25,0.25,train,https://storage.googleapis.com/sunrisesunset-32a25.firebasestorage.app/snapshots/28794621/1787823959794.jpg,sunset,2026-08-27 09:46:00.244537+00:00,0,webcam,
126216,8952830,gold,0.5,0.5,train,https://storage.googleapis.com/sunrisesunset-32a25.firebasestorage.app/snapshots/8952830/1787825804598.jpg,sunset,2026-08-27 10:16:44.993482+00:00,0,webcam,
126217,4069199,gold,0.25,0.25,train,https://storage.googleapis.com/sunrisesunset-32a25.firebasestorage.app/snapshots/4069199/1787825807834.jpg,sunset,2026-08-27 10:16:48.248286+00:00,0,webcam,
126223,4069199,gold,0.5,0.5,train,https://storage.googleapis.com/sunrisesunset-32a25.firebasestorage.app/snapshots/4069199/1787826648177.jpg,sunset,2026-08-27 10:30:48.559190+00:00,0,webcam,
126227,29044269,gold,0.25,0.25,train,https://storage.googleapis.com/sunrisesunset-32a25.firebasestorage.app/snapshots/29044269/1787827554800.jpg,sunset,2026-08-27 10:45:55.191873+00:00,0,webcam,
126230,29044269,gold,0.5,0.5,train,https://storage.googleapis.com/sunrisesunset-32a25.firebasestorage.app/snapshots/29044269/1787828455087.jpg,sunset,2026-08-27 11:00:55.821560+00:00,0,webcam,
126234,27645536,gold,0.5,0.5,train,https://storage.googleapis.com/sunrisesunset-32a25.firebasestorage.app/snapshots/27645536/1787829398425.jpg,sunset,2026-08-27 11:16:38.764817+00:00,0,webcam,
126240,9797436,gold,0.25,0.25,train,https://storage.googleapis.com/sunrisesunset-32a25.firebasestorage.app/snapshots/9797436/1787832942663.jpg,sunset,2026-08-27 12:15:43.111242+00:00,0,webcam,
126219,28952051,gold,0.25,0.25,train,https://storage.googleapis.com/sunrisesunset-32a25.firebasestorage.app/snapshots/28952051/1787825815305.jpg,sunset,2026-08-27 10:16:55.659931+00:00,0,webcam,
126251,29051458,gold,0.5,0.5,train,https://storage.googleapis.com/sunrisesunset-32a25.firebasestorage.app/snapshots/29051458/1787848246666.jpg,sunset,2026-08-27 16:30:47.411612+00:00,0,webcam,
126252,15017506,gold,0.5,0.5,train,https://storage.googleapis.com/sunrisesunset-32a25.firebasestorage.app/snapshots/15017506/1787848246491.jpg,sunset,2026-08-27 16:30:47.499808+00:00,0,webcam,
126268,29107918,gold,0.25,0.25,train,https://storage.googleapis.com/sunrisesunset-32a25.firebasestorage.app/snapshots/29107918/1787857321572.jpg,sunset,2026-08-27 19:02:02.347026+00:00,0,webcam,
126269,29251050,gold,0.25,0.25,train,https://storage.googleapis.com/sunrisesunset-32a25.firebasestorage.app/snapshots/29251050/1787857322013.jpg,sunset,2026-08-27 19:02:02.457960+00:00,0,webcam,
126276,29163984,gold,0.0,0.0,train,https://storage.googleapis.com/sunrisesunset-32a25.firebasestorage.app/snapshots/29163984/1787859091644.jpg,sunset,2026-08-27 19:31:32.040888+00:00,0,webcam,
126283,29163984,gold,0.0,0.0,train,https://storage.googleapis.com/sunrisesunset-32a25.firebasestorage.app/snapshots/29163984/1787859944021.jpg,sunset,2026-08-27 19:45:44.440346+00:00,0,webcam,
126221,29144336,gold,0.25,0.25,train,https://storage.googleapis.com/sunrisesunset-32a25.firebasestorage.app/snapshots/29144336/1787825816275.jpg,sunset,2026-08-27 10:16:56.899077+00:00,0,webcam,
126249,3800978,gold,0.5,0.5,train,https://storage.googleapis.com/sunrisesunset-32a25.firebasestorage.app/snapshots/3800978/1787846449635.jpg,sunset,2026-08-27 16:00:50.031111+00:00,0,webcam,
126272,29107918,gold,0.25,0.25,train,https://storage.googleapis.com/sunrisesunset-32a25.firebasestorage.app/snapshots/29107918/1787858167849.jpg,sunset,2026-08-27 19:16:08.166479+00:00,0,webcam,
126275,17923366,gold,0.75,0.75,train,https://storage.googleapis.com/sunrisesunset-32a25.firebasestorage.app/snapshots/17923366/1787858169231.jpg,sunset,2026-08-27 19:16:09.563270+00:00,0,webcam,
126278,29107918,gold,0.25,0.25,train,https://storage.googleapis.com/sunrisesunset-32a25.firebasestorage.app/snapshots/29107918/1787859106020.jpg,sunset,2026-08-27 19:31:46.401171+00:00,0,webcam,
126280,17923366,gold,0.75,0.75,train,https://storage.googleapis.com/sunrisesunset-32a25.firebasestorage.app/snapshots/17923366/1787859116361.jpg,sunset,2026-08-27 19:31:56.858400+00:00,0,webcam,
126282,24671280,gold,1.0,1.0,train,https://storage.googleapis.com/sunrisesunset-32a25.firebasestorage.app/snapshots/24671280/1787859118199.jpg,sunset,2026-08-27 19:31:58.585441+00:00,0,webcam,
126285,29341724,gold,0.5,0.5,train,https://storage.googleapis.com/sunrisesunset-32a25.firebasestorage.app/snapshots/29341724/1787859959241.jpg,sunset,2026-08-27 19:46:00.053724+00:00,0,webcam,
126290,29341724,gold,0.5,0.5,train,https://storage.googleapis.com/sunrisesunset-32a25.firebasestorage.app/snapshots/29341724/1787860863626.jpg,sunset,2026-08-27 20:01:04.159635+00:00,0,webcam,
126306,29367265,gold,0.25,0.25,train,https://storage.googleapis.com/sunrisesunset-32a25.firebasestorage.app/snapshots/29367265/1787864496552.jpg,sunset,2026-08-27 21:01:36.889914+00:00,0,webcam,
126310,29144336,gold,0.5,0.5,train,https://storage.googleapis.com/sunrisesunset-32a25.firebasestorage.app/snapshots/29144336/1787866243180.jpg,sunset,2026-08-27 21:30:43.786284+00:00,0,webcam,
126314,4769517,gold,0.25,0.25,train,https://storage.googleapis.com/sunrisesunset-32a25.firebasestorage.app/snapshots/4769517/1787868061477.jpg,sunset,2026-08-27 22:01:02.448217+00:00,0,webcam,
126316,28954518,gold,0.0,0.0,train,https://storage.googleapis.com/sunrisesunset-32a25.firebasestorage.app/snapshots/28954518/1787868065263.jpg,sunset,2026-08-27 22:01:05.621445+00:00,0,webcam,
126319,4949016,gold,0.5,0.5,train,https://storage.googleapis.com/sunrisesunset-32a25.firebasestorage.app/snapshots/4949016/1787869895341.jpg,sunset,2026-08-27 22:31:36.045529+00:00,0,webcam,
126321,4949016,gold,0.5,0.5,train,https://storage.googleapis.com/sunrisesunset-32a25.firebasestorage.app/snapshots/4949016/1787870743507.jpg,sunset,2026-08-27 22:45:43.976157+00:00,0,webcam,
126337,8952830,gold,0.0,0.0,train,https://storage.googleapis.com/sunrisesunset-32a25.firebasestorage.app/snapshots/8952830/1787874357362.jpg,sunset,2026-08-27 23:45:57.992907+00:00,0,webcam,
126338,9513450,gold,0.75,0.75,train,https://storage.googleapis.com/sunrisesunset-32a25.firebasestorage.app/snapshots/9513450/1787874357888.jpg,sunset,2026-08-27 23:45:58.220507+00:00,0,webcam,
126292,28985083,gold,0.5,0.5,train,https://storage.googleapis.com/sunrisesunset-32a25.firebasestorage.app/snapshots/28985083/1787860872527.jpg,sunset,2026-08-27 20:01:12.955381+00:00,0,webcam,
126297,28985083,gold,0.0,0.0,train,https://storage.googleapis.com/sunrisesunset-32a25.firebasestorage.app/snapshots/28985083/1787861768385.jpg,sunset,2026-08-27 20:16:08.715405+00:00,0,webcam,
126307,28992196,gold,0.5,0.5,train,https://storage.googleapis.com/sunrisesunset-32a25.firebasestorage.app/snapshots/28992196/1787864509590.jpg,sunset,2026-08-27 21:01:50.260543+00:00,0,webcam,
126333,29286729,gold,0.5,0.5,train,https://storage.googleapis.com/sunrisesunset-32a25.firebasestorage.app/snapshots/29286729/1787872551369.jpg,sunset,2026-08-27 23:15:52.231673+00:00,0,webcam,
126334,598510,gold,0.0,0.0,train,https://storage.googleapis.com/sunrisesunset-32a25.firebasestorage.app/snapshots/598510/1787872552054.jpg,sunset,2026-08-27 23:15:52.600522+00:00,0,webcam,
126336,9513450,gold,0.5,0.5,train,https://storage.googleapis.com/sunrisesunset-32a25.firebasestorage.app/snapshots/9513450/1787873451037.jpg,sunset,2026-08-27 23:30:51.751534+00:00,0,webcam,
126293,24671280,gold,1.0,1.0,train,https://storage.googleapis.com/sunrisesunset-32a25.firebasestorage.app/snapshots/24671280/1787860874195.jpg,sunset,2026-08-27 20:01:14.723290+00:00,0,webcam,
126324,28482755,gold,0.75,0.75,train,https://storage.googleapis.com/sunrisesunset-32a25.firebasestorage.app/snapshots/28482755/1787870761667.jpg,sunset,2026-08-27 22:46:02.004091+00:00,0,webcam,
126342,29184277,gold,0.25,0.25,train,https://storage.googleapis.com/sunrisesunset-32a25.firebasestorage.app/snapshots/29184277/1787876150609.jpg,sunset,2026-08-28 00:15:52.007392+00:00,0,webcam,
126347,29184277,gold,0.5,0.5,train,https://storage.googleapis.com/sunrisesunset-32a25.firebasestorage.app/snapshots/29184277/1787877953694.jpg,sunset,2026-08-28 00:45:54.062343+00:00,0,webcam,
126353,10237,gold,0.75,0.75,train,https://storage.googleapis.com/sunrisesunset-32a25.firebasestorage.app/snapshots/10237/1787880652098.jpg,sunset,2026-08-28 01:30:52.477863+00:00,0,webcam,
126356,12451,gold,1.0,1.0,train,https://storage.googleapis.com/sunrisesunset-32a25.firebasestorage.app/snapshots/12451/1787880656603.jpg,sunset,2026-08-28 01:30:56.897223+00:00,0,webcam,
126376,5961510,gold,0.5,0.5,train,https://storage.googleapis.com/sunrisesunset-32a25.firebasestorage.app/snapshots/5961510/1787886044034.jpg,sunset,2026-08-28 03:00:45.124298+00:00,0,webcam,
126377,29305666,gold,0.5,0.5,train,https://storage.googleapis.com/sunrisesunset-32a25.firebasestorage.app/snapshots/29305666/1787886044996.jpg,sunset,2026-08-28 03:00:45.352947+00:00,0,webcam,
126381,7495853,gold,1.0,1.0,train,https://storage.googleapis.com/sunrisesunset-32a25.firebasestorage.app/snapshots/7495853/1787887006535.jpg,sunset,2026-08-28 03:16:47.135870+00:00,0,webcam,
126383,1792,gold,0.25,0.25,train,https://storage.googleapis.com/sunrisesunset-32a25.firebasestorage.app/snapshots/1792/1787887857076.jpg,sunset,2026-08-28 03:30:57.840912+00:00,0,webcam,
126385,10817222,gold,0.0,0.0,train,https://storage.googleapis.com/sunrisesunset-32a25.firebasestorage.app/snapshots/10817222/1787888768738.jpg,sunset,2026-08-28 03:46:09.950684+00:00,0,webcam,
126386,4769517,gold,0.0,0.0,train,https://storage.googleapis.com/sunrisesunset-32a25.firebasestorage.app/snapshots/4769517/1787889707161.jpg,sunset,2026-08-28 04:01:47.557319+00:00,0,webcam,
126391,25195019,gold,0.5,0.5,train,https://storage.googleapis.com/sunrisesunset-32a25.firebasestorage.app/snapshots/25195019/1787891451964.jpg,sunset,2026-08-28 04:30:52.627074+00:00,0,webcam,
126363,27645536,gold,0.0,0.0,train,https://storage.googleapis.com/sunrisesunset-32a25.firebasestorage.app/snapshots/27645536/1787883354007.jpg,sunset,2026-08-28 02:15:54.353200+00:00,0,webcam,
126364,29048102,gold,0.75,0.75,train,https://storage.googleapis.com/sunrisesunset-32a25.firebasestorage.app/snapshots/29048102/1787883354025.jpg,sunset,2026-08-28 02:15:54.413057+00:00,0,webcam,
126369,29048102,gold,1.0,1.0,train,https://storage.googleapis.com/sunrisesunset-32a25.firebasestorage.app/snapshots/29048102/1787884309549.jpg,sunset,2026-08-28 02:31:50.241888+00:00,0,webcam,
126370,27645536,gold,0.0,0.0,train,https://storage.googleapis.com/sunrisesunset-32a25.firebasestorage.app/snapshots/27645536/1787884310228.jpg,sunset,2026-08-28 02:31:50.512339+00:00,0,webcam,
126379,29341724,gold,0.5,0.5,train,https://storage.googleapis.com/sunrisesunset-32a25.firebasestorage.app/snapshots/29341724/1787886048697.jpg,sunset,2026-08-28 03:00:49.055072+00:00,0,webcam,
126380,10817222,gold,0.25,0.25,train,https://storage.googleapis.com/sunrisesunset-32a25.firebasestorage.app/snapshots/10817222/1787886057370.jpg,sunset,2026-08-28 03:00:57.702560+00:00,0,webcam,
126387,10817222,gold,0.0,0.0,train,https://storage.googleapis.com/sunrisesunset-32a25.firebasestorage.app/snapshots/10817222/1787889721939.jpg,sunset,2026-08-28 04:02:02.354924+00:00,0,webcam,
126389,4769517,gold,0.25,0.25,train,https://storage.googleapis.com/sunrisesunset-32a25.firebasestorage.app/snapshots/4769517/1787890553101.jpg,sunset,2026-08-28 04:15:54.474329+00:00,0,webcam,
126390,25195019,gold,1.0,1.0,train,https://storage.googleapis.com/sunrisesunset-32a25.firebasestorage.app/snapshots/25195019/1787890559881.jpg,sunset,2026-08-28 04:16:00.410991+00:00,0,webcam,
126394,3802591,gold,0.25,0.25,train,https://storage.googleapis.com/sunrisesunset-32a25.firebasestorage.app/snapshots/3802591/1787893303057.jpg,sunset,2026-08-28 05:01:43.387235+00:00,0,webcam,
126395,5973565,gold,0.25,0.25,train,https://storage.googleapis.com/sunrisesunset-32a25.firebasestorage.app/snapshots/5973565/1787894150903.jpg,sunset,2026-08-28 05:15:52.013298+00:00,0,webcam,
126396,13233845,gold,0.0,0.0,train,https://storage.googleapis.com/sunrisesunset-32a25.firebasestorage.app/snapshots/13233845/1787896907436.jpg,sunset,2026-08-28 06:01:47.850121+00:00,0,webcam,
126400,15911400,gold,0.0,0.0,train,https://storage.googleapis.com/sunrisesunset-32a25.firebasestorage.app/snapshots/15911400/1787898702191.jpg,sunset,2026-08-28 06:31:42.536185+00:00,0,webcam,
126412,18274017,gold,0.0,0.0,train,https://storage.googleapis.com/sunrisesunset-32a25.firebasestorage.app/snapshots/18274017/1787905847547.jpg,sunset,2026-08-28 08:30:48.265541+00:00,0,webcam,
126426,29044963,gold,0.0,0.0,train,https://storage.googleapis.com/sunrisesunset-32a25.firebasestorage.app/snapshots/29044963/1787907656128.jpg,sunset,2026-08-28 09:00:56.443078+00:00,0,webcam,
126429,28955461,gold,0.75,0.75,train,https://storage.googleapis.com/sunrisesunset-32a25.firebasestorage.app/snapshots/28955461/1787911248511.jpg,sunset,2026-08-28 10:00:49.147474+00:00,0,webcam,
126431,2934167,gold,0.25,0.25,train,https://storage.googleapis.com/sunrisesunset-32a25.firebasestorage.app/snapshots/2934167/1787911259988.jpg,sunset,2026-08-28 10:01:00.536999+00:00,0,webcam,
126411,25560191,gold,0.25,0.25,train,https://storage.googleapis.com/sunrisesunset-32a25.firebasestorage.app/snapshots/25560191/1787904948612.jpg,sunset,2026-08-28 08:15:48.962027+00:00,0,webcam,
126424,4641273,gold,0.5,0.5,train,https://storage.googleapis.com/sunrisesunset-32a25.firebasestorage.app/snapshots/4641273/1787907654370.jpg,sunset,2026-08-28 09:00:54.764338+00:00,0,webcam,
126432,29144336,gold,0.5,0.5,train,https://storage.googleapis.com/sunrisesunset-32a25.firebasestorage.app/snapshots/29144336/1787911261253.jpg,sunset,2026-08-28 10:01:01.662872+00:00,0,webcam,
126433,9379772,gold,0.5,0.5,train,https://storage.googleapis.com/sunrisesunset-32a25.firebasestorage.app/snapshots/9379772/1787912200188.jpg,sunset,2026-08-28 10:16:40.707002+00:00,0,webcam,
126449,29273806,gold,0.75,0.75,train,https://storage.googleapis.com/sunrisesunset-32a25.firebasestorage.app/snapshots/29273806/1787916645963.jpg,sunset,2026-08-28 11:30:46.575991+00:00,0,webcam,
126453,27645536,gold,1.0,1.0,train,https://storage.googleapis.com/sunrisesunset-32a25.firebasestorage.app/snapshots/27645536/1787918605640.jpg,sunset,2026-08-28 12:03:26.334910+00:00,0,webcam,
126459,12586,gold,0.0,0.0,train,https://storage.googleapis.com/sunrisesunset-32a25.firebasestorage.app/snapshots/12586/1787922109103.jpg,sunset,2026-08-28 13:01:49.595869+00:00,0,webcam,
126460,2921964,gold,0.5,0.5,train,https://storage.googleapis.com/sunrisesunset-32a25.firebasestorage.app/snapshots/2921964/1787922945142.jpg,sunset,2026-08-28 13:15:46.189157+00:00,0,webcam,
126461,12586,gold,0.0,0.0,train,https://storage.googleapis.com/sunrisesunset-32a25.firebasestorage.app/snapshots/12586/1787922947293.jpg,sunset,2026-08-28 13:15:47.651168+00:00,0,webcam,
126462,3800978,gold,0.5,0.5,train,https://storage.googleapis.com/sunrisesunset-32a25.firebasestorage.app/snapshots/3800978/1787932902444.jpg,sunset,2026-08-28 16:01:43.109605+00:00,0,webcam,
126463,3800978,gold,0.75,0.75,train,https://storage.googleapis.com/sunrisesunset-32a25.firebasestorage.app/snapshots/3800978/1787933748307.jpg,sunset,2026-08-28 16:15:48.776366+00:00,0,webcam,
126465,29051458,gold,0.75,0.75,train,https://storage.googleapis.com/sunrisesunset-32a25.firebasestorage.app/snapshots/29051458/1787934646831.jpg,sunset,2026-08-28 16:30:47.501384+00:00,0,webcam,
126467,15569,gold,0.5,0.5,train,https://storage.googleapis.com/sunrisesunset-32a25.firebasestorage.app/snapshots/15569/1787936608546.jpg,sunset,2026-08-28 17:03:29.002257+00:00,0,webcam,
126440,29144336,gold,0.25,0.25,train,https://storage.googleapis.com/sunrisesunset-32a25.firebasestorage.app/snapshots/29144336/1787913124396.jpg,sunset,2026-08-28 10:32:04.888802+00:00,0,webcam,
126445,29044982,gold,0.5,0.5,train,https://storage.googleapis.com/sunrisesunset-32a25.firebasestorage.app/snapshots/29044982/1787914855037.jpg,sunset,2026-08-28 11:00:56.017799+00:00,0,webcam,
126468,182,gold,1.0,1.0,train,https://storage.googleapis.com/sunrisesunset-32a25.firebasestorage.app/snapshots/182/1787938258546.jpg,sunset,2026-08-28 17:30:58.973530+00:00,0,webcam,
126472,29167592,gold,0.75,0.75,train,https://storage.googleapis.com/sunrisesunset-32a25.firebasestorage.app/snapshots/29167592/1787942760440.jpg,sunset,2026-08-28 18:46:00.900668+00:00,0,webcam,
126473,449,gold,0.75,0.75,train,https://storage.googleapis.com/sunrisesunset-32a25.firebasestorage.app/snapshots/449/1787943664670.jpg,sunset,2026-08-28 19:01:05.199306+00:00,0,webcam,
126477,27417894,gold,0.5,0.5,train,https://storage.googleapis.com/sunrisesunset-32a25.firebasestorage.app/snapshots/27417894/1787944567209.jpg,sunset,2026-08-28 19:16:07.630969+00:00,0,webcam,
126478,449,gold,0.5,0.5,train,https://storage.googleapis.com/sunrisesunset-32a25.firebasestorage.app/snapshots/449/1787944567623.jpg,sunset,2026-08-28 19:16:07.968494+00:00,0,webcam,
126485,29160847,gold,0.25,0.25,train,https://storage.googleapis.com/sunrisesunset-32a25.firebasestorage.app/snapshots/29160847/1787946366352.jpg,sunset,2026-08-28 19:46:06.686762+00:00,0,webcam,
126486,1468,gold,0.5,0.5,train,https://storage.googleapis.com/sunrisesunset-32a25.firebasestorage.app/snapshots/1468/1787946367574.jpg,sunset,2026-08-28 19:46:08.222420+00:00,0,webcam,
126489,29373195,gold,0.75,0.75,train,https://storage.googleapis.com/sunrisesunset-32a25.firebasestorage.app/snapshots/29373195/1787947300344.jpg,sunset,2026-08-28 20:01:40.670081+00:00,0,webcam,
126494,3950413,gold,0.0,0.0,train,https://storage.googleapis.com/sunrisesunset-32a25.firebasestorage.app/snapshots/3950413/1787948207269.jpg,sunset,2026-08-28 20:16:48.330484+00:00,0,webcam,
126496,363,gold,0.5,0.5,train,https://storage.googleapis.com/sunrisesunset-32a25.firebasestorage.app/snapshots/363/1787949104726.jpg,sunset,2026-08-28 20:31:45.127637+00:00,0,webcam,
126498,3950413,gold,0.0,0.0,train,https://storage.googleapis.com/sunrisesunset-32a25.firebasestorage.app/snapshots/3950413/1787949113257.jpg,sunset,2026-08-28 20:31:53.586360+00:00,0,webcam,
126506,3950413,gold,0.75,0.75,train,https://storage.googleapis.com/sunrisesunset-32a25.firebasestorage.app/snapshots/3950413/1787951758073.jpg,sunset,2026-08-28 21:15:58.420280+00:00,0,webcam,
126500,363,gold,0.75,0.75,train,https://storage.googleapis.com/sunrisesunset-32a25.firebasestorage.app/snapshots/363/1787949954267.jpg,sunset,2026-08-28 20:45:55.384411+00:00,0,webcam,
126501,3950413,gold,0.0,0.0,train,https://storage.googleapis.com/sunrisesunset-32a25.firebasestorage.app/snapshots/3950413/1787949956237.jpg,sunset,2026-08-28 20:45:56.612624+00:00,0,webcam,
126503,363,gold,0.25,0.25,train,https://storage.googleapis.com/sunrisesunset-32a25.firebasestorage.app/snapshots/363/1787950856118.jpg,sunset,2026-08-28 21:00:56.542360+00:00,0,webcam,
126504,3950413,gold,0.75,0.75,train,https://storage.googleapis.com/sunrisesunset-32a25.firebasestorage.app/snapshots/3950413/1787950857349.jpg,sunset,2026-08-28 21:00:57.947772+00:00,0,webcam,
126507,363,gold,0.5,0.5,train,https://storage.googleapis.com/sunrisesunset-32a25.firebasestorage.app/snapshots/363/1787951758059.jpg,sunset,2026-08-28 21:15:58.466692+00:00,0,webcam,
126482,29160847,gold,0.25,0.25,train,https://storage.googleapis.com/sunrisesunset-32a25.firebasestorage.app/snapshots/29160847/1787945518209.jpg,sunset,2026-08-28 19:31:58.655323+00:00,0,webcam,
126508,3459,gold,0.75,0.75,train,https://storage.googleapis.com/sunrisesunset-32a25.firebasestorage.app/snapshots/3459/1787951765227.jpg,sunset,2026-08-28 21:16:05.558561+00:00,0,webcam,
126509,3170470,gold,0.25,0.25,train,https://storage.googleapis.com/sunrisesunset-32a25.firebasestorage.app/snapshots/3170470/1787952665726.jpg,sunset,2026-08-28 21:31:06.532019+00:00,0,webcam,
126510,4842,gold,1.0,1.0,train,https://storage.googleapis.com/sunrisesunset-32a25.firebasestorage.app/snapshots/4842/1787953544888.jpg,sunset,2026-08-28 21:45:45.553591+00:00,0,webcam,
126518,3950413,gold,0.5,0.5,train,https://storage.googleapis.com/sunrisesunset-32a25.firebasestorage.app/snapshots/3950413/1787955411126.jpg,sunset,2026-08-28 22:16:51.509782+00:00,0,webcam,
126520,7579,gold,0.75,0.75,train,https://storage.googleapis.com/sunrisesunset-32a25.firebasestorage.app/snapshots/7579/1787956293194.jpg,sunset,2026-08-28 22:31:33.579971+00:00,0,webcam,
126522,3950413,gold,0.75,0.75,train,https://storage.googleapis.com/sunrisesunset-32a25.firebasestorage.app/snapshots/3950413/1787956306605.jpg,sunset,2026-08-28 22:31:46.913150+00:00,0,webcam,
126523,5254,gold,0.0,0.0,train,https://storage.googleapis.com/sunrisesunset-32a25.firebasestorage.app/snapshots/5254/1787956313226.jpg,sunset,2026-08-28 22:31:53.542800+00:00,0,webcam,
126531,3950413,gold,0.0,0.0,train,https://storage.googleapis.com/sunrisesunset-32a25.firebasestorage.app/snapshots/3950413/1787958110973.jpg,sunset,2026-08-28 23:01:51.256126+00:00,0,webcam,
126541,598510,gold,0.25,0.25,train,https://storage.googleapis.com/sunrisesunset-32a25.firebasestorage.app/snapshots/598510/1787959854284.jpg,sunset,2026-08-28 23:30:55.144651+00:00,0,webcam,
126544,3950413,gold,0.75,0.75,train,https://storage.googleapis.com/sunrisesunset-32a25.firebasestorage.app/snapshots/3950413/1787961797642.jpg,sunset,2026-08-29 00:03:18.255705+00:00,0,webcam,
126546,3950413,gold,0.75,0.75,train,https://storage.googleapis.com/sunrisesunset-32a25.firebasestorage.app/snapshots/3950413/1787962549755.jpg,sunset,2026-08-29 00:15:50.166389+00:00,0,webcam,
126527,3950413,gold,0.25,0.25,train,https://storage.googleapis.com/sunrisesunset-32a25.firebasestorage.app/snapshots/3950413/1787957156296.jpg,sunset,2026-08-28 22:45:56.868333+00:00,0,webcam,
126539,2412333,gold,0.5,0.5,train,https://storage.googleapis.com/sunrisesunset-32a25.firebasestorage.app/snapshots/2412333/1787958952996.jpg,sunset,2026-08-28 23:15:53.576017+00:00,0,webcam,
126552,8355,gold,0.25,0.25,train,https://storage.googleapis.com/sunrisesunset-32a25.firebasestorage.app/snapshots/8355/1787962562178.jpg,sunset,2026-08-29 00:16:02.472045+00:00,0,webcam,
126554,3950413,gold,0.75,0.75,train,https://storage.googleapis.com/sunrisesunset-32a25.firebasestorage.app/snapshots/3950413/1787963450357.jpg,sunset,2026-08-29 00:30:50.779713+00:00,0,webcam,
126576,11852,gold,0.25,0.25,train,https://storage.googleapis.com/sunrisesunset-32a25.firebasestorage.app/snapshots/11852/1787968879689.jpg,sunset,2026-08-29 02:01:20.035934+00:00,0,webcam,
126578,12342,gold,0.0,0.0,train,https://storage.googleapis.com/sunrisesunset-32a25.firebasestorage.app/snapshots/12342/1787969788380.jpg,sunset,2026-08-29 02:16:28.945514+00:00,0,webcam,
126581,88,gold,0.75,0.75,train,https://storage.googleapis.com/sunrisesunset-32a25.firebasestorage.app/snapshots/88/1787971565538.jpg,sunset,2026-08-29 02:46:05.884145+00:00,0,webcam,
126582,29161130,gold,0.5,0.5,train,https://storage.googleapis.com/sunrisesunset-32a25.firebasestorage.app/snapshots/29161130/1787972521971.jpg,sunset,2026-08-29 03:02:02.344841+00:00,0,webcam,
126583,93,gold,0.0,0.0,train,https://storage.googleapis.com/sunrisesunset-32a25.firebasestorage.app/snapshots/93/1787972524043.jpg,sunset,2026-08-29 03:02:04.369440+00:00,0,webcam,
126584,29375153,gold,0.25,0.25,train,https://storage.googleapis.com/sunrisesunset-32a25.firebasestorage.app/snapshots/29375153/1787972529180.jpg,sunset,2026-08-29 03:02:09.523680+00:00,0,webcam,
126587,29161130,gold,0.75,0.75,train,https://storage.googleapis.com/sunrisesunset-32a25.firebasestorage.app/snapshots/29161130/1787973365637.jpg,sunset,2026-08-29 03:16:06.286108+00:00,0,webcam,
126592,14300,gold,1.0,1.0,train,https://storage.googleapis.com/sunrisesunset-32a25.firebasestorage.app/snapshots/14300/1787974287076.jpg,sunset,2026-08-29 03:31:27.592401+00:00,0,webcam,
126568,12451,gold,0.75,0.75,train,https://storage.googleapis.com/sunrisesunset-32a25.firebasestorage.app/snapshots/12451/1787967094961.jpg,sunset,2026-08-29 01:31:35.369513+00:00,0,webcam,
126594,14300,gold,1.0,1.0,train,https://storage.googleapis.com/sunrisesunset-32a25.firebasestorage.app/snapshots/14300/1787975172666.jpg,sunset,2026-08-29 03:46:13.579452+00:00,0,webcam,
126596,29376398,gold,0.25,0.25,train,https://storage.googleapis.com/sunrisesunset-32a25.firebasestorage.app/snapshots/29376398/1787975173479.jpg,sunset,2026-08-29 03:46:13.861834+00:00,0,webcam,
126590,14300,gold,1.0,1.0,train,https://storage.googleapis.com/sunrisesunset-32a25.firebasestorage.app/snapshots/14300/1787973382175.jpg,sunset,2026-08-29 03:16:22.508517+00:00,0,webcam,
126600,29376398,gold,0.25,0.25,train,https://storage.googleapis.com/sunrisesunset-32a25.firebasestorage.app/snapshots/29376398/1787976128953.jpg,sunset,2026-08-29 04:02:09.310419+00:00,0,webcam,
126618,2923203,gold,0.25,0.25,train,https://storage.googleapis.com/sunrisesunset-32a25.firebasestorage.app/snapshots/2923203/1787984220818.jpg,sunset,2026-08-29 06:17:01.194881+00:00,0,webcam,
126601,137,gold,0.5,0.5,train,https://storage.googleapis.com/sunrisesunset-32a25.firebasestorage.app/snapshots/137/1787976969783.jpg,sunset,2026-08-29 04:16:10.372112+00:00,0,webcam,
126622,8415550,gold,0.5,0.5,train,https://storage.googleapis.com/sunrisesunset-32a25.firebasestorage.app/snapshots/8415550/1787988671903.jpg,sunset,2026-08-29 07:31:12.633397+00:00,0,webcam,
126623,8415550,gold,0.5,0.5,train,https://storage.googleapis.com/sunrisesunset-32a25.firebasestorage.app/snapshots/8415550/1787989566745.jpg,sunset,2026-08-29 07:46:07.116637+00:00,0,webcam,
126645,16936227,gold,0.5,0.5,train,https://storage.googleapis.com/sunrisesunset-32a25.firebasestorage.app/snapshots/16936227/1787994975830.jpg,sunset,2026-08-29 09:16:16.229263+00:00,0,webcam,
126651,4842,gold,0.25,0.25,train,https://storage.googleapis.com/sunrisesunset-32a25.firebasestorage.app/snapshots/4842/1787997730789.jpg,sunset,2026-08-29 10:02:11.471970+00:00,0,webcam,
126653,9379772,gold,0.75,0.75,train,https://storage.googleapis.com/sunrisesunset-32a25.firebasestorage.app/snapshots/9379772/1787998562429.jpg,sunset,2026-08-29 10:16:02.754675+00:00,0,webcam,
126660,4226,gold,0.0,0.0,train,https://storage.googleapis.com/sunrisesunset-32a25.firebasestorage.app/snapshots/4226/1788000372820.jpg,sunset,2026-08-29 10:46:13.278009+00:00,0,webcam,
126662,2957622,gold,0.0,0.0,train,https://storage.googleapis.com/sunrisesunset-32a25.firebasestorage.app/snapshots/2957622/1788001261965.jpg,sunset,2026-08-29 11:01:02.522510+00:00,0,webcam,
126666,2957622,gold,0.75,0.75,train,https://storage.googleapis.com/sunrisesunset-32a25.firebasestorage.app/snapshots/2957622/1788002212373.jpg,sunset,2026-08-29 11:16:52.717432+00:00,0,webcam,
126669,1726008,gold,0.0,0.0,train,https://storage.googleapis.com/sunrisesunset-32a25.firebasestorage.app/snapshots/1726008/1788003064945.jpg,sunset,2026-08-29 11:31:05.745838+00:00,0,webcam,
126602,331,gold,0.75,0.75,train,https://storage.googleapis.com/sunrisesunset-32a25.firebasestorage.app/snapshots/331/1787977860294.jpg,sunset,2026-08-29 04:31:00.667359+00:00,0,webcam,
126632,772735,gold,0.0,0.0,train,https://storage.googleapis.com/sunrisesunset-32a25.firebasestorage.app/snapshots/772735/1787991371944.jpg,sunset,2026-08-29 08:16:12.490445+00:00,0,webcam,
126648,24283527,gold,0.25,0.25,train,https://storage.googleapis.com/sunrisesunset-32a25.firebasestorage.app/snapshots/24283527/1787995873430.jpg,sunset,2026-08-29 09:31:13.852493+00:00,0,webcam,
126650,29166120,gold,0.75,0.75,train,https://storage.googleapis.com/sunrisesunset-32a25.firebasestorage.app/snapshots/29166120/1787996777565.jpg,sunset,2026-08-29 09:46:17.942112+00:00,0,webcam,
126654,29166120,gold,0.5,0.5,train,https://storage.googleapis.com/sunrisesunset-32a25.firebasestorage.app/snapshots/29166120/1787998574294.jpg,sunset,2026-08-29 10:16:14.699527+00:00,0,webcam,
126663,6487367,gold,0.5,0.5,train,https://storage.googleapis.com/sunrisesunset-32a25.firebasestorage.app/snapshots/6487367/1788001265229.jpg,sunset,2026-08-29 11:01:05.545182+00:00,0,webcam,
126667,26985219,gold,0.25,0.25,train,https://storage.googleapis.com/sunrisesunset-32a25.firebasestorage.app/snapshots/26985219/1788002223795.jpg,sunset,2026-08-29 11:17:04.214891+00:00,0,webcam,
126604,1738,gold,0.0,0.0,train,https://storage.googleapis.com/sunrisesunset-32a25.firebasestorage.app/snapshots/1738/1787977863709.jpg,sunset,2026-08-29 04:31:04.051334+00:00,0,webcam,
126665,29165155,gold,0.5,0.5,train,https://storage.googleapis.com/sunrisesunset-32a25.firebasestorage.app/snapshots/29165155/1788001275961.jpg,sunset,2026-08-29 11:01:16.273896+00:00,0,webcam,
126606,1738,gold,0.25,0.25,train,https://storage.googleapis.com/sunrisesunset-32a25.firebasestorage.app/snapshots/1738/1787978760878.jpg,sunset,2026-08-29 04:46:01.896644+00:00,0,webcam,
126673,11852,gold,0.25,0.25,train,https://storage.googleapis.com/sunrisesunset-32a25.firebasestorage.app/snapshots/11852/1788003964657.jpg,sunset,2026-08-29 11:46:05.051378+00:00,0,webcam,
126676,2970825,gold,0.25,0.25,train,https://storage.googleapis.com/sunrisesunset-32a25.firebasestorage.app/snapshots/2970825/1788004918215.jpg,sunset,2026-08-29 12:01:58.765975+00:00,0,webcam,
126688,29051458,gold,0.5,0.5,train,https://storage.googleapis.com/sunrisesunset-32a25.firebasestorage.app/snapshots/29051458/1788020167733.jpg,sunset,2026-08-29 16:16:08.994419+00:00,0,webcam,
126689,100991,gold,0.25,0.25,train,https://storage.googleapis.com/sunrisesunset-32a25.firebasestorage.app/snapshots/100991/1788021065187.jpg,sunset,2026-08-29 16:31:06.306634+00:00,0,webcam,
126690,29051458,gold,0.5,0.5,train,https://storage.googleapis.com/sunrisesunset-32a25.firebasestorage.app/snapshots/29051458/1788021065930.jpg,sunset,2026-08-29 16:31:06.350548+00:00,0,webcam,
126691,23902529,gold,0.0,0.0,train,https://storage.googleapis.com/sunrisesunset-32a25.firebasestorage.app/snapshots/23902529/1788021065948.jpg,sunset,2026-08-29 16:31:06.397555+00:00,0,webcam,
126692,182,gold,0.25,0.25,train,https://storage.googleapis.com/sunrisesunset-32a25.firebasestorage.app/snapshots/182/1788021068493.jpg,sunset,2026-08-29 16:31:08.991658+00:00,0,webcam,
126697,15569,gold,0.75,0.75,train,https://storage.googleapis.com/sunrisesunset-32a25.firebasestorage.app/snapshots/15569/1788022866360.jpg,sunset,2026-08-29 17:01:06.742758+00:00,0,webcam,
126698,172,gold,0.25,0.25,train,https://storage.googleapis.com/sunrisesunset-32a25.firebasestorage.app/snapshots/172/1788023771158.jpg,sunset,2026-08-29 17:16:11.693912+00:00,0,webcam,
126700,209017,gold,0.0,0.0,train,https://storage.googleapis.com/sunrisesunset-32a25.firebasestorage.app/snapshots/209017/1788025568209.jpg,sunset,2026-08-29 17:46:08.595670+00:00,0,webcam,
126703,29038768,gold,0.25,0.25,train,https://storage.googleapis.com/sunrisesunset-32a25.firebasestorage.app/snapshots/29038768/1788027367462.jpg,sunset,2026-08-29 18:16:07.851018+00:00,0,webcam,
126707,1336,gold,0.25,0.25,train,https://storage.googleapis.com/sunrisesunset-32a25.firebasestorage.app/snapshots/1336/1788028260676.jpg,sunset,2026-08-29 18:31:00.993655+00:00,0,webcam,
126708,29038768,gold,0.5,0.5,train,https://storage.googleapis.com/sunrisesunset-32a25.firebasestorage.app/snapshots/29038768/1788028267079.jpg,sunset,2026-08-29 18:31:07.419362+00:00,0,webcam,
126674,2970825,gold,0.0,0.0,train,https://storage.googleapis.com/sunrisesunset-32a25.firebasestorage.app/snapshots/2970825/1788003968915.jpg,sunset,2026-08-29 11:46:09.315059+00:00,0,webcam,
126679,8372,gold,0.0,0.0,train,https://storage.googleapis.com/sunrisesunset-32a25.firebasestorage.app/snapshots/8372/1788004924878.jpg,sunset,2026-08-29 12:02:05.445326+00:00,0,webcam,
126687,29051463,gold,0.25,0.25,train,https://storage.googleapis.com/sunrisesunset-32a25.firebasestorage.app/snapshots/29051463/1788018416598.jpg,sunset,2026-08-29 15:46:57.800794+00:00,0,webcam,
126695,15569,gold,0.75,0.75,train,https://storage.googleapis.com/sunrisesunset-32a25.firebasestorage.app/snapshots/15569/1788021967462.jpg,sunset,2026-08-29 16:46:07.797186+00:00,0,webcam,
126709,343,gold,0.5,0.5,train,https://storage.googleapis.com/sunrisesunset-32a25.firebasestorage.app/snapshots/343/1788028268762.jpg,sunset,2026-08-29 18:31:09.061244+00:00,0,webcam,
126710,1336,gold,0.5,0.5,train,https://storage.googleapis.com/sunrisesunset-32a25.firebasestorage.app/snapshots/1336/1788029210782.jpg,sunset,2026-08-29 18:46:51.160594+00:00,0,webcam,
126713,8361983,gold,0.75,0.75,train,https://storage.googleapis.com/sunrisesunset-32a25.firebasestorage.app/snapshots/8361983/1788029220271.jpg,sunset,2026-08-29 18:47:00.967876+00:00,0,webcam,
126714,29038768,gold,0.25,0.25,train,https://storage.googleapis.com/sunrisesunset-32a25.firebasestorage.app/snapshots/29038768/1788029220968.jpg,sunset,2026-08-29 18:47:01.567471+00:00,0,webcam,
126611,29165796,gold,0.75,0.75,train,https://storage.googleapis.com/sunrisesunset-32a25.firebasestorage.app/snapshots/29165796/1787980622628.jpg,sunset,2026-08-29 05:17:02.981061+00:00,0,webcam,
126612,29165796,gold,0.5,0.5,train,https://storage.googleapis.com/sunrisesunset-32a25.firebasestorage.app/snapshots/29165796/1787981466784.jpg,sunset,2026-08-29 05:31:07.153293+00:00,0,webcam,
126715,741936,gold,0.75,0.75,train,https://storage.googleapis.com/sunrisesunset-32a25.firebasestorage.app/snapshots/741936/1788029224206.jpg,sunset,2026-08-29 18:47:04.584939+00:00,0,webcam,
126613,28767507,gold,0.5,0.5,train,https://storage.googleapis.com/sunrisesunset-32a25.firebasestorage.app/snapshots/28767507/1787982412037.jpg,sunset,2026-08-29 05:46:52.831213+00:00,0,webcam,
126725,772735,gold,0.25,0.25,train,https://storage.googleapis.com/sunrisesunset-32a25.firebasestorage.app/snapshots/772735/1788032761568.jpg,sunset,2026-08-29 19:46:03.101614+00:00,0,webcam,
126730,1468,gold,0.75,0.75,train,https://storage.googleapis.com/sunrisesunset-32a25.firebasestorage.app/snapshots/1468/1788032779076.jpg,sunset,2026-08-29 19:46:19.476665+00:00,0,webcam,
126737,10027789,gold,0.25,0.25,train,https://storage.googleapis.com/sunrisesunset-32a25.firebasestorage.app/snapshots/10027789/1788033681010.jpg,sunset,2026-08-29 20:01:21.544383+00:00,0,webcam,
126738,1468,gold,0.75,0.75,train,https://storage.googleapis.com/sunrisesunset-32a25.firebasestorage.app/snapshots/1468/1788033681698.jpg,sunset,2026-08-29 20:01:22.097391+00:00,0,webcam,
126740,2937958,gold,0.0,0.0,train,https://storage.googleapis.com/sunrisesunset-32a25.firebasestorage.app/snapshots/2937958/1788034584421.jpg,sunset,2026-08-29 20:16:24.835371+00:00,0,webcam,
126746,3963339,gold,0.25,0.25,train,https://storage.googleapis.com/sunrisesunset-32a25.firebasestorage.app/snapshots/3963339/1788036361760.jpg,sunset,2026-08-29 20:46:02.445384+00:00,0,webcam,
126750,4842,gold,0.25,0.25,train,https://storage.googleapis.com/sunrisesunset-32a25.firebasestorage.app/snapshots/4842/1788038162177.jpg,sunset,2026-08-29 21:16:02.552816+00:00,0,webcam,
126752,1738,gold,0.75,0.75,train,https://storage.googleapis.com/sunrisesunset-32a25.firebasestorage.app/snapshots/1738/1788038171551.jpg,sunset,2026-08-29 21:16:12.162463+00:00,0,webcam,
126754,4842,gold,0.5,0.5,train,https://storage.googleapis.com/sunrisesunset-32a25.firebasestorage.app/snapshots/4842/1788039062241.jpg,sunset,2026-08-29 21:31:02.608902+00:00,0,webcam,
126717,449,gold,0.25,0.25,train,https://storage.googleapis.com/sunrisesunset-32a25.firebasestorage.app/snapshots/449/1788030074368.jpg,sunset,2026-08-29 19:01:14.696736+00:00,0,webcam,
126718,741936,gold,0.25,0.25,train,https://storage.googleapis.com/sunrisesunset-32a25.firebasestorage.app/snapshots/741936/1788030075873.jpg,sunset,2026-08-29 19:01:16.166886+00:00,0,webcam,
126722,741936,gold,0.25,0.25,train,https://storage.googleapis.com/sunrisesunset-32a25.firebasestorage.app/snapshots/741936/1788030975607.jpg,sunset,2026-08-29 19:16:16.196249+00:00,0,webcam,
126723,449,gold,0.5,0.5,train,https://storage.googleapis.com/sunrisesunset-32a25.firebasestorage.app/snapshots/449/1788030977330.jpg,sunset,2026-08-29 19:16:17.695616+00:00,0,webcam,
126726,29156244,gold,0.5,0.5,train,https://storage.googleapis.com/sunrisesunset-32a25.firebasestorage.app/snapshots/29156244/1788032764411.jpg,sunset,2026-08-29 19:46:04.720094+00:00,0,webcam,
126734,2937958,gold,0.25,0.25,train,https://storage.googleapis.com/sunrisesunset-32a25.firebasestorage.app/snapshots/2937958/1788033679157.jpg,sunset,2026-08-29 20:01:20.019126+00:00,0,webcam,
126753,3023,gold,0.5,0.5,train,https://storage.googleapis.com/sunrisesunset-32a25.firebasestorage.app/snapshots/3023/1788038173791.jpg,sunset,2026-08-29 21:16:14.109549+00:00,0,webcam,
126756,3170470,gold,0.25,0.25,train,https://storage.googleapis.com/sunrisesunset-32a25.firebasestorage.app/snapshots/3170470/1788039071528.jpg,sunset,2026-08-29 21:31:12.614917+00:00,0,webcam,
126749,3023,gold,0.5,0.5,train,https://storage.googleapis.com/sunrisesunset-32a25.firebasestorage.app/snapshots/3023/1788037272433.jpg,sunset,2026-08-29 21:01:12.886767+00:00,0,webcam,
1264,flickr,gold,0.5,0.5,train,https://storage.googleapis.com/sunrisesunset-32a25.firebasestorage.app/external_images/flickr/34454045221.jpg,sunset,2026-05-12 19:19:47.604073+00:00,0,flickr,
1288,flickr,gold,0.75,0.75,train,https://storage.googleapis.com/sunrisesunset-32a25.firebasestorage.app/external_images/flickr/28079129825.jpg,sunset,2026-05-12 19:20:12.993118+00:00,0,flickr,
96,flickr,gold,1.0,1.0,train,https://storage.googleapis.com/sunrisesunset-32a25.firebasestorage.app/external_images/flickr/54714614493.jpg,sunset,2026-05-12 18:58:35.588428+00:00,0,flickr,
163,flickr,gold,1.0,1.0,train,https://storage.googleapis.com/sunrisesunset-32a25.firebasestorage.app/external_images/flickr/3666214929.jpg,sunset,2026-05-12 18:59:50.660620+00:00,0,flickr,
160,flickr,gold,1.0,1.0,train,https://storage.googleapis.com/sunrisesunset-32a25.firebasestorage.app/external_images/flickr/5178829070.jpg,sunset,2026-05-12 18:59:47.478479+00:00,0,flickr,
194,flickr,gold,1.0,1.0,train,https://storage.googleapis.com/sunrisesunset-32a25.firebasestorage.app/external_images/flickr/51623646107.jpg,sunset,2026-05-12 19:00:27.277494+00:00,0,flickr,
238,flickr,gold,1.0,1.0,train,https://storage.googleapis.com/sunrisesunset-32a25.firebasestorage.app/external_images/flickr/15977508063.jpg,sunset,2026-05-12 19:01:16.550517+00:00,0,flickr,
255,flickr,gold,1.0,1.0,train,https://storage.googleapis.com/sunrisesunset-32a25.firebasestorage.app/external_images/flickr/5054887024.jpg,sunset,2026-05-12 19:01:34.006877+00:00,0,flickr,
351,flickr,gold,1.0,1.0,train,https://storage.googleapis.com/sunrisesunset-32a25.firebasestorage.app/external_images/flickr/14513278257.jpg,sunset,2026-05-12 19:03:28.106612+00:00,0,flickr,
362,flickr,gold,1.0,1.0,train,https://storage.googleapis.com/sunrisesunset-32a25.firebasestorage.app/external_images/flickr/30012848031.jpg,sunset,2026-05-12 19:03:39.217593+00:00,0,flickr,
379,flickr,gold,0.5,0.5,train,https://storage.googleapis.com/sunrisesunset-32a25.firebasestorage.app/external_images/flickr/5643928782.jpg,sunset,2026-05-12 19:03:57.082622+00:00,0,flickr,
428,flickr,gold,1.0,1.0,train,https://storage.googleapis.com/sunrisesunset-32a25.firebasestorage.app/external_images/flickr/29186236866.jpg,sunset,2026-05-12 19:04:53.937532+00:00,0,flickr,
480,flickr,gold,1.0,1.0,train,https://storage.googleapis.com/sunrisesunset-32a25.firebasestorage.app/external_images/flickr/28980042541.jpg,sunset,2026-05-12 19:05:51.660577+00:00,0,flickr,
507,flickr,gold,1.0,1.0,train,https://storage.googleapis.com/sunrisesunset-32a25.firebasestorage.app/external_images/flickr/8489748758.jpg,sunset,2026-05-12 19:06:19.277677+00:00,0,flickr,
573,flickr,gold,1.0,1.0,train,https://storage.googleapis.com/sunrisesunset-32a25.firebasestorage.app/external_images/flickr/14046225690.jpg,sunset,2026-05-12 19:07:30.506120+00:00,0,flickr,
607,flickr,gold,1.0,1.0,train,https://storage.googleapis.com/sunrisesunset-32a25.firebasestorage.app/external_images/flickr/32436661564.jpg,sunset,2026-05-12 19:08:05.239673+00:00,0,flickr,
643,flickr,gold,1.0,1.0,train,https://storage.googleapis.com/sunrisesunset-32a25.firebasestorage.app/external_images/flickr/387971910.jpg,sunset,2026-05-12 19:08:43.353748+00:00,0,flickr,
637,flickr,gold,0.5,0.5,train,https://storage.googleapis.com/sunrisesunset-32a25.firebasestorage.app/external_images/flickr/5980792983.jpg,sunset,2026-05-12 19:08:37.108697+00:00,0,flickr,
653,flickr,gold,1.0,1.0,train,https://storage.googleapis.com/sunrisesunset-32a25.firebasestorage.app/external_images/flickr/36065622374.jpg,sunset,2026-05-12 19:08:53.139728+00:00,0,flickr,
675,flickr,gold,1.0,1.0,train,https://storage.googleapis.com/sunrisesunset-32a25.firebasestorage.app/external_images/flickr/8178997583.jpg,sunset,2026-05-12 19:09:19.587328+00:00,0,flickr,
750,flickr,gold,0.75,0.75,train,https://storage.googleapis.com/sunrisesunset-32a25.firebasestorage.app/external_images/flickr/33192512108.jpg,sunset,2026-05-12 19:10:34.749779+00:00,0,flickr,
809,flickr,gold,1.0,1.0,train,https://storage.googleapis.com/sunrisesunset-32a25.firebasestorage.app/external_images/flickr/4581964987.jpg,sunset,2026-05-12 19:11:42.648972+00:00,0,flickr,
1112,flickr,gold,1.0,1.0,train,https://storage.googleapis.com/sunrisesunset-32a25.firebasestorage.app/external_images/flickr/2979114199.jpg,sunset,2026-05-12 19:17:05.017941+00:00,0,flickr,
1151,flickr,gold,1.0,1.0,train,https://storage.googleapis.com/sunrisesunset-32a25.firebasestorage.app/external_images/flickr/9563850424.jpg,sunset,2026-05-12 19:17:48.125969+00:00,0,flickr,
1162,flickr,gold,1.0,1.0,train,https://storage.googleapis.com/sunrisesunset-32a25.firebasestorage.app/external_images/flickr/5560874721.jpg,sunset,2026-05-12 19:17:59.425895+00:00,0,flickr,
1193,flickr,gold,1.0,1.0,train,https://storage.googleapis.com/sunrisesunset-32a25.firebasestorage.app/external_images/flickr/7373629488.jpg,sunset,2026-05-12 19:18:31.213984+00:00,0,flickr,
1285,flickr,gold,1.0,1.0,train,https://storage.googleapis.com/sunrisesunset-32a25.firebasestorage.app/external_images/flickr/9785782012.jpg,sunset,2026-05-12 19:20:10.264194+00:00,0,flickr,
1345,flickr,gold,1.0,1.0,train,https://storage.googleapis.com/sunrisesunset-32a25.firebasestorage.app/external_images/flickr/294404641.jpg,sunset,2026-05-12 19:21:17.044132+00:00,0,flickr,
1154,flickr,gold,1.0,1.0,train,https://storage.googleapis.com/sunrisesunset-32a25.firebasestorage.app/external_images/flickr/6585772451.jpg,sunset,2026-05-12 19:17:51.380948+00:00,0,flickr,
1481,flickr,gold,1.0,1.0,train,https://storage.googleapis.com/sunrisesunset-32a25.firebasestorage.app/external_images/flickr/26309143722.jpg,sunset,2026-05-12 19:23:42.174171+00:00,0,flickr,
1479,flickr,gold,1.0,1.0,train,https://storage.googleapis.com/sunrisesunset-32a25.firebasestorage.app/external_images/flickr/139659184.jpg,sunset,2026-05-12 19:23:37.087262+00:00,0,flickr,
1074,flickr,gold,0.5,0.5,train,https://storage.googleapis.com/sunrisesunset-32a25.firebasestorage.app/external_images/flickr/8424958493.jpg,sunset,2026-05-12 19:16:25.639913+00:00,0,flickr,
1617,flickr,gold,1.0,1.0,train,https://storage.googleapis.com/sunrisesunset-32a25.firebasestorage.app/external_images/flickr/32794571576.jpg,sunset,2026-05-12 19:26:06.249752+00:00,0,flickr,
1631,flickr,gold,1.0,1.0,train,https://storage.googleapis.com/sunrisesunset-32a25.firebasestorage.app/external_images/flickr/50599585743.jpg,sunset,2026-05-12 19:26:25.608815+00:00,0,flickr,
1028,flickr,gold,1.0,1.0,train,https://storage.googleapis.com/sunrisesunset-32a25.firebasestorage.app/external_images/flickr/185423936.jpg,sunset,2026-05-12 19:15:39.205964+00:00,0,flickr,
1653,flickr,gold,0.75,0.75,train,https://storage.googleapis.com/sunrisesunset-32a25.firebasestorage.app/external_images/flickr/43533286395.jpg,sunset,2026-05-12 19:26:48.281743+00:00,0,flickr,
1694,flickr,gold,1.0,1.0,train,https://storage.googleapis.com/sunrisesunset-32a25.firebasestorage.app/external_images/flickr/8565218246.jpg,sunset,2026-05-12 19:27:28.919945+00:00,0,flickr,
1727,flickr,gold,1.0,1.0,train,https://storage.googleapis.com/sunrisesunset-32a25.firebasestorage.app/external_images/flickr/51731231881.jpg,sunset,2026-05-12 19:28:07.087872+00:00,0,flickr,
1743,flickr,gold,1.0,1.0,train,https://storage.googleapis.com/sunrisesunset-32a25.firebasestorage.app/external_images/flickr/6782513496.jpg,sunset,2026-05-12 19:28:23.615855+00:00,0,flickr,
1757,flickr,gold,1.0,1.0,train,https://storage.googleapis.com/sunrisesunset-32a25.firebasestorage.app/external_images/flickr/45286883862.jpg,sunset,2026-05-12 19:28:37.882878+00:00,0,flickr,
1755,flickr,gold,1.0,1.0,train,https://storage.googleapis.com/sunrisesunset-32a25.firebasestorage.app/external_images/flickr/7031496367.jpg,sunset,2026-05-12 19:28:35.843897+00:00,0,flickr,
1783,flickr,gold,1.0,1.0,train,https://storage.googleapis.com/sunrisesunset-32a25.firebasestorage.app/external_images/flickr/2548155506.jpg,sunset,2026-05-12 19:29:05.013562+00:00,0,flickr,
1801,flickr,gold,1.0,1.0,train,https://storage.googleapis.com/sunrisesunset-32a25.firebasestorage.app/external_images/flickr/23359820281.jpg,sunset,2026-05-12 19:29:23.149048+00:00,0,flickr,
1850,flickr,gold,0.75,0.75,train,https://storage.googleapis.com/sunrisesunset-32a25.firebasestorage.app/external_images/flickr/53578702935.jpg,sunset,2026-05-12 19:30:16.581558+00:00,0,flickr,
1866,flickr,gold,1.0,1.0,train,https://storage.googleapis.com/sunrisesunset-32a25.firebasestorage.app/external_images/flickr/29860368653.jpg,sunset,2026-05-12 19:30:33.081926+00:00,0,flickr,
1862,flickr,gold,1.0,1.0,train,https://storage.googleapis.com/sunrisesunset-32a25.firebasestorage.app/external_images/flickr/52519234871.jpg,sunset,2026-05-12 19:30:29.028965+00:00,0,flickr,
1902,flickr,gold,0.75,0.75,train,https://storage.googleapis.com/sunrisesunset-32a25.firebasestorage.app/external_images/flickr/24025753163.jpg,sunset,2026-05-12 19:31:09.997992+00:00,0,flickr,
1938,flickr,gold,1.0,1.0,train,https://storage.googleapis.com/sunrisesunset-32a25.firebasestorage.app/external_images/flickr/3841221181.jpg,sunset,2026-05-12 19:31:50.006976+00:00,0,flickr,
1952,flickr,gold,0.5,0.5,train,https://storage.googleapis.com/sunrisesunset-32a25.firebasestorage.app/external_images/flickr/28032257452.jpg,sunset,2026-05-12 19:32:04.110002+00:00,0,flickr,
2012,flickr,gold,0.75,0.75,train,https://storage.googleapis.com/sunrisesunset-32a25.firebasestorage.app/external_images/flickr/24612128785.jpg,sunset,2026-05-12 19:33:10.105074+00:00,0,flickr,
2034,flickr,gold,1.0,1.0,train,https://storage.googleapis.com/sunrisesunset-32a25.firebasestorage.app/external_images/flickr/431278610.jpg,sunset,2026-05-12 19:33:31.500048+00:00,0,flickr,
2042,flickr,gold,0.75,0.75,train,https://storage.googleapis.com/sunrisesunset-32a25.firebasestorage.app/external_images/flickr/54019515562.jpg,sunset,2026-05-12 19:33:39.188032+00:00,0,flickr,
2065,flickr,gold,1.0,1.0,train,https://storage.googleapis.com/sunrisesunset-32a25.firebasestorage.app/external_images/flickr/2264175855.jpg,sunset,2026-05-12 19:34:02.436957+00:00,0,flickr,
2169,flickr,gold,1.0,1.0,train,https://storage.googleapis.com/sunrisesunset-32a25.firebasestorage.app/external_images/flickr/15403033311.jpg,sunset,2026-05-12 19:35:49.788066+00:00,0,flickr,
2179,flickr,gold,1.0,1.0,train,https://storage.googleapis.com/sunrisesunset-32a25.firebasestorage.app/external_images/flickr/16003960085.jpg,sunset,2026-05-12 19:35:59.312047+00:00,0,flickr,
2185,flickr,gold,1.0,1.0,train,https://storage.googleapis.com/sunrisesunset-32a25.firebasestorage.app/external_images/flickr/4205189285.jpg,sunset,2026-05-12 19:36:05.378074+00:00,0,flickr,
2232,flickr,gold,0.75,0.75,train,https://storage.googleapis.com/sunrisesunset-32a25.firebasestorage.app/external_images/flickr/43892443284.jpg,sunset,2026-05-12 19:36:55.547110+00:00,0,flickr,
2271,flickr,gold,1.0,1.0,train,https://storage.googleapis.com/sunrisesunset-32a25.firebasestorage.app/external_images/flickr/4449881021.jpg,sunset,2026-05-12 19:37:33.694042+00:00,0,flickr,
2302,flickr,gold,0.75,0.75,train,https://storage.googleapis.com/sunrisesunset-32a25.firebasestorage.app/external_images/flickr/22285052889.jpg,sunset,2026-05-12 19:38:09.567708+00:00,0,flickr,
2356,flickr,gold,1.0,1.0,train,https://storage.googleapis.com/sunrisesunset-32a25.firebasestorage.app/external_images/flickr/8711573503.jpg,sunset,2026-05-12 19:39:06.184159+00:00,0,flickr,
802,flickr,gold,1.0,1.0,train,https://storage.googleapis.com/sunrisesunset-32a25.firebasestorage.app/external_images/flickr/26679262483.jpg,sunset,2026-05-12 19:11:35.710910+00:00,0,flickr,
2403,flickr,gold,1.0,1.0,train,https://storage.googleapis.com/sunrisesunset-32a25.firebasestorage.app/external_images/flickr/36137200864.jpg,sunset,2026-05-12 19:39:57.665111+00:00,0,flickr,
2446,flickr,gold,1.0,1.0,train,https://storage.googleapis.com/sunrisesunset-32a25.firebasestorage.app/external_images/flickr/7397783662.jpg,sunset,2026-05-12 19:40:39.437195+00:00,0,flickr,
2634,flickr,gold,0.75,0.75,train,https://storage.googleapis.com/sunrisesunset-32a25.firebasestorage.app/external_images/flickr/2091299026.jpg,sunset,2026-05-12 19:44:00.309316+00:00,0,flickr,
2506,flickr,gold,1.0,1.0,train,https://storage.googleapis.com/sunrisesunset-32a25.firebasestorage.app/external_images/flickr/8012807257.jpg,sunset,2026-05-12 19:41:42.284199+00:00,0,flickr,
2605,flickr,gold,1.0,1.0,train,https://storage.googleapis.com/sunrisesunset-32a25.firebasestorage.app/external_images/flickr/36161251340.jpg,sunset,2026-05-12 19:43:27.974345+00:00,0,flickr,
2630,flickr,gold,1.0,1.0,train,https://storage.googleapis.com/sunrisesunset-32a25.firebasestorage.app/external_images/flickr/34764076730.jpg,sunset,2026-05-12 19:43:56.512294+00:00,0,flickr,
2673,flickr,gold,0.5,0.5,train,https://storage.googleapis.com/sunrisesunset-32a25.firebasestorage.app/external_images/flickr/8296441887.jpg,sunset,2026-05-12 19:44:38.981313+00:00,0,flickr,
2713,flickr,gold,1.0,1.0,train,https://storage.googleapis.com/sunrisesunset-32a25.firebasestorage.app/external_images/flickr/27081114236.jpg,sunset,2026-05-12 19:45:17.861332+00:00,0,flickr,
2524,flickr,gold,1.0,1.0,train,https://storage.googleapis.com/sunrisesunset-32a25.firebasestorage.app/external_images/flickr/16261402111.jpg,sunset,2026-05-12 19:41:59.190406+00:00,0,flickr,
2479,flickr,gold,0.5,0.5,train,https://storage.googleapis.com/sunrisesunset-32a25.firebasestorage.app/external_images/flickr/29270520244.jpg,sunset,2026-05-12 19:41:14.959233+00:00,0,flickr,
3840,flickr,gold,0.75,0.75,train,https://storage.googleapis.com/sunrisesunset-32a25.firebasestorage.app/external_images/flickr/16977182491.jpg,sunset,2026-05-12 20:05:57.047136+00:00,0,flickr,
2858,flickr,gold,1.0,1.0,train,https://storage.googleapis.com/sunrisesunset-32a25.firebasestorage.app/external_images/flickr/53244437569.jpg,sunset,2026-05-12 19:47:57.704362+00:00,0,flickr,
2911,flickr,gold,1.0,1.0,train,https://storage.googleapis.com/sunrisesunset-32a25.firebasestorage.app/external_images/flickr/53968223829.jpg,sunset,2026-05-12 19:48:53.036959+00:00,0,flickr,
2962,flickr,gold,0.75,0.75,train,https://storage.googleapis.com/sunrisesunset-32a25.firebasestorage.app/external_images/flickr/50623389562.jpg,sunset,2026-05-12 19:49:49.471390+00:00,0,flickr,
2973,flickr,gold,1.0,1.0,train,https://storage.googleapis.com/sunrisesunset-32a25.firebasestorage.app/external_images/flickr/48606068832.jpg,sunset,2026-05-12 19:50:01.178475+00:00,0,flickr,
2150,flickr,gold,1.0,1.0,train,https://storage.googleapis.com/sunrisesunset-32a25.firebasestorage.app/external_images/flickr/4656551258.jpg,sunset,2026-05-12 19:35:31.502011+00:00,0,flickr,
3150,flickr,gold,1.0,1.0,train,https://storage.googleapis.com/sunrisesunset-32a25.firebasestorage.app/external_images/flickr/52468471480.jpg,sunset,2026-05-12 19:53:14.701509+00:00,0,flickr,
3198,flickr,gold,0.5,0.5,train,https://storage.googleapis.com/sunrisesunset-32a25.firebasestorage.app/external_images/flickr/29625389965.jpg,sunset,2026-05-12 19:54:09.686181+00:00,0,flickr,
3242,flickr,gold,1.0,1.0,train,https://storage.googleapis.com/sunrisesunset-32a25.firebasestorage.app/external_images/flickr/48989239323.jpg,sunset,2026-05-12 19:54:55.387593+00:00,0,flickr,
2615,flickr,gold,1.0,1.0,train,https://storage.googleapis.com/sunrisesunset-32a25.firebasestorage.app/external_images/flickr/46078831304.jpg,sunset,2026-05-12 19:43:38.194351+00:00,0,flickr,
3289,flickr,gold,0.75,0.75,train,https://storage.googleapis.com/sunrisesunset-32a25.firebasestorage.app/external_images/flickr/54253051400.jpg,sunset,2026-05-12 19:55:45.225661+00:00,0,flickr,
3288,flickr,gold,0.25,0.25,train,https://storage.googleapis.com/sunrisesunset-32a25.firebasestorage.app/external_images/flickr/51882792732.jpg,sunset,2026-05-12 19:55:44.240680+00:00,0,flickr,
3408,flickr,gold,1.0,1.0,train,https://storage.googleapis.com/sunrisesunset-32a25.firebasestorage.app/external_images/flickr/50353995893.jpg,sunset,2026-05-12 19:57:55.513736+00:00,0,flickr,
1835,flickr,gold,1.0,1.0,train,https://storage.googleapis.com/sunrisesunset-32a25.firebasestorage.app/external_images/flickr/15191855144.jpg,sunset,2026-05-12 19:30:01.503972+00:00,0,flickr,
3951,flickr,gold,1.0,1.0,train,https://storage.googleapis.com/sunrisesunset-32a25.firebasestorage.app/external_images/flickr/4054336650.jpg,sunset,2026-05-12 20:07:56.325489+00:00,0,flickr,
1808,flickr,gold,1.0,1.0,train,https://storage.googleapis.com/sunrisesunset-32a25.firebasestorage.app/external_images/flickr/3489696239.jpg,sunset,2026-05-12 19:29:30.214563+00:00,0,flickr,
1778,flickr,gold,1.0,1.0,train,https://storage.googleapis.com/sunrisesunset-32a25.firebasestorage.app/external_images/flickr/55598459.jpg,sunset,2026-05-12 19:29:00.079879+00:00,0,flickr,
1719,flickr,gold,1.0,1.0,train,https://storage.googleapis.com/sunrisesunset-32a25.firebasestorage.app/external_images/flickr/10312288666.jpg,sunset,2026-05-12 19:27:58.817803+00:00,0,flickr,
1717,flickr,gold,1.0,1.0,train,https://storage.googleapis.com/sunrisesunset-32a25.firebasestorage.app/external_images/flickr/50700776437.jpg,sunset,2026-05-12 19:27:56.704806+00:00,0,flickr,
3670,flickr,gold,1.0,1.0,train,https://storage.googleapis.com/sunrisesunset-32a25.firebasestorage.app/external_images/flickr/28602527423.jpg,sunset,2026-05-12 20:02:41.818033+00:00,0,flickr,
1675,flickr,gold,1.0,1.0,train,https://storage.googleapis.com/sunrisesunset-32a25.firebasestorage.app/external_images/flickr/27325189741.jpg,sunset,2026-05-12 19:27:09.799802+00:00,0,flickr,
1646,flickr,gold,1.0,1.0,train,https://storage.googleapis.com/sunrisesunset-32a25.firebasestorage.app/external_images/flickr/16172190566.jpg,sunset,2026-05-12 19:26:41.158832+00:00,0,flickr,
3726,flickr,gold,0.5,0.5,train,https://storage.googleapis.com/sunrisesunset-32a25.firebasestorage.app/external_images/flickr/26705326998.jpg,sunset,2026-05-12 20:03:49.987445+00:00,0,flickr,
3768,flickr,gold,0.75,0.75,train,https://storage.googleapis.com/sunrisesunset-32a25.firebasestorage.app/external_images/flickr/48924027958.jpg,sunset,2026-05-12 20:04:35.391487+00:00,0,flickr,
1608,flickr,gold,1.0,1.0,train,https://storage.googleapis.com/sunrisesunset-32a25.firebasestorage.app/external_images/flickr/26514263541.jpg,sunset,2026-05-12 19:25:56.917742+00:00,0,flickr,
3893,flickr,gold,0.5,0.5,train,https://storage.googleapis.com/sunrisesunset-32a25.firebasestorage.app/external_images/flickr/10370299053.jpg,sunset,2026-05-12 20:06:52.443417+00:00,0,flickr,
3940,flickr,gold,0.75,0.75,train,https://storage.googleapis.com/sunrisesunset-32a25.firebasestorage.app/external_images/flickr/20959732243.jpg,sunset,2026-05-12 20:07:45.055615+00:00,0,flickr,
3883,flickr,gold,1.0,1.0,train,https://storage.googleapis.com/sunrisesunset-32a25.firebasestorage.app/external_images/flickr/6464688535.jpg,sunset,2026-05-12 20:06:42.118516+00:00,0,flickr,
3875,flickr,gold,0.75,0.75,train,https://storage.googleapis.com/sunrisesunset-32a25.firebasestorage.app/external_images/flickr/20922181201.jpg,sunset,2026-05-12 20:06:34.164478+00:00,0,flickr,
3848,flickr,gold,0.5,0.5,train,https://storage.googleapis.com/sunrisesunset-32a25.firebasestorage.app/external_images/flickr/41238456835.jpg,sunset,2026-05-12 20:06:05.428076+00:00,0,flickr,
4213,flickr,gold,1.0,1.0,train,https://storage.googleapis.com/sunrisesunset-32a25.firebasestorage.app/external_images/flickr/6709304989.jpg,sunset,2026-05-12 20:12:58.673670+00:00,0,flickr,
4278,flickr,gold,1.0,1.0,train,https://storage.googleapis.com/sunrisesunset-32a25.firebasestorage.app/external_images/flickr/1545474470.jpg,sunset,2026-05-12 20:14:04.372710+00:00,0,flickr,
4275,flickr,gold,1.0,1.0,train,https://storage.googleapis.com/sunrisesunset-32a25.firebasestorage.app/external_images/flickr/32999639541.jpg,sunset,2026-05-12 20:14:01.391773+00:00,0,flickr,
4438,flickr,gold,1.0,1.0,train,https://storage.googleapis.com/sunrisesunset-32a25.firebasestorage.app/external_images/flickr/2819170257.jpg,sunset,2026-05-12 20:16:55.984858+00:00,0,flickr,
4499,flickr,gold,1.0,1.0,train,https://storage.googleapis.com/sunrisesunset-32a25.firebasestorage.app/external_images/flickr/3030497276.jpg,sunset,2026-05-12 20:18:06.022822+00:00,0,flickr,
4219,flickr,gold,0.25,0.25,train,https://storage.googleapis.com/sunrisesunset-32a25.firebasestorage.app/external_images/flickr/3637025186.jpg,sunset,2026-05-12 20:13:04.456657+00:00,0,flickr,
4667,flickr,gold,1.0,1.0,train,https://storage.googleapis.com/sunrisesunset-32a25.firebasestorage.app/external_images/flickr/6185713208.jpg,sunset,2026-05-12 20:21:36.420794+00:00,0,flickr,
4692,flickr,gold,1.0,1.0,train,https://storage.googleapis.com/sunrisesunset-32a25.firebasestorage.app/external_images/flickr/32144311597.jpg,sunset,2026-05-12 20:22:02.464752+00:00,0,flickr,
5231,flickr,gold,0.5,0.5,train,https://storage.googleapis.com/sunrisesunset-32a25.firebasestorage.app/external_images/flickr/52641984184.jpg,sunset,2026-05-12 20:32:06.128240+00:00,0,flickr,
3551,flickr,gold,1.0,1.0,train,https://storage.googleapis.com/sunrisesunset-32a25.firebasestorage.app/external_images/flickr/33372644564.jpg,sunset,2026-05-12 20:00:32.395787+00:00,0,flickr,
5645,flickr,gold,1.0,1.0,train,https://storage.googleapis.com/sunrisesunset-32a25.firebasestorage.app/external_images/flickr/51296734722.jpg,sunset,2026-05-12 20:39:20.294695+00:00,0,flickr,
5204,flickr,gold,1.0,1.0,train,https://storage.googleapis.com/sunrisesunset-32a25.firebasestorage.app/external_images/flickr/25674676102.jpg,sunset,2026-05-12 20:31:39.345325+00:00,0,flickr,
2684,flickr,gold,0.5,0.5,train,https://storage.googleapis.com/sunrisesunset-32a25.firebasestorage.app/external_images/flickr/8981037862.jpg,sunset,2026-05-12 19:44:49.741328+00:00,0,flickr,
5098,flickr,gold,1.0,1.0,train,https://storage.googleapis.com/sunrisesunset-32a25.firebasestorage.app/external_images/flickr/49367681831.jpg,sunset,2026-05-12 20:29:47.403364+00:00,0,flickr,
5165,flickr,gold,1.0,1.0,train,https://storage.googleapis.com/sunrisesunset-32a25.firebasestorage.app/external_images/flickr/54248833258.jpg,sunset,2026-05-12 20:30:56.960188+00:00,0,flickr,
5166,flickr,gold,1.0,1.0,train,https://storage.googleapis.com/sunrisesunset-32a25.firebasestorage.app/external_images/flickr/2631150539.jpg,sunset,2026-05-12 20:30:58.062164+00:00,0,flickr,
5455,flickr,gold,1.0,1.0,train,https://storage.googleapis.com/sunrisesunset-32a25.firebasestorage.app/external_images/flickr/9487941917.jpg,sunset,2026-05-12 20:35:56.008326+00:00,0,flickr,
5498,flickr,gold,0.5,0.5,train,https://storage.googleapis.com/sunrisesunset-32a25.firebasestorage.app/external_images/flickr/2633838098.jpg,sunset,2026-05-12 20:36:44.496334+00:00,0,flickr,
4054,flickr,gold,1.0,1.0,train,https://storage.googleapis.com/sunrisesunset-32a25.firebasestorage.app/external_images/flickr/85866490.jpg,sunset,2026-05-12 20:09:55.665700+00:00,0,flickr,
5099,flickr,gold,1.0,1.0,train,https://storage.googleapis.com/sunrisesunset-32a25.firebasestorage.app/external_images/flickr/25130014473.jpg,sunset,2026-05-12 20:29:48.368136+00:00,0,flickr,
1451,flickr,gold,0.75,0.75,train,https://storage.googleapis.com/sunrisesunset-32a25.firebasestorage.app/external_images/flickr/4125751400.jpg,sunset,2026-05-12 19:23:08.608774+00:00,0,flickr,
5596,flickr,gold,1.0,1.0,train,https://storage.googleapis.com/sunrisesunset-32a25.firebasestorage.app/external_images/flickr/26501798569.jpg,sunset,2026-05-12 20:38:27.424368+00:00,0,flickr,
5629,flickr,gold,0.5,0.5,train,https://storage.googleapis.com/sunrisesunset-32a25.firebasestorage.app/external_images/flickr/28837732176.jpg,sunset,2026-05-12 20:39:03.165353+00:00,0,flickr,
5713,flickr,gold,0.5,0.5,train,https://storage.googleapis.com/sunrisesunset-32a25.firebasestorage.app/external_images/flickr/40664264140.jpg,sunset,2026-05-12 20:40:35.964489+00:00,0,flickr,
1461,flickr,gold,1.0,1.0,train,https://storage.googleapis.com/sunrisesunset-32a25.firebasestorage.app/external_images/flickr/2727752938.jpg,sunset,2026-05-12 19:23:18.908187+00:00,0,flickr,
162,flickr,gold,0.75,0.75,train,https://storage.googleapis.com/sunrisesunset-32a25.firebasestorage.app/external_images/flickr/34458732555.jpg,sunset,2026-05-12 18:59:49.647423+00:00,0,flickr,
395,flickr,gold,1.0,1.0,train,https://storage.googleapis.com/sunrisesunset-32a25.firebasestorage.app/external_images/flickr/5327892367.jpg,sunset,2026-05-12 19:04:17.603609+00:00,0,flickr,
497,flickr,gold,0.75,0.75,train,https://storage.googleapis.com/sunrisesunset-32a25.firebasestorage.app/external_images/flickr/8673945358.jpg,sunset,2026-05-12 19:06:08.821655+00:00,0,flickr,
489,flickr,gold,1.0,1.0,train,https://storage.googleapis.com/sunrisesunset-32a25.firebasestorage.app/external_images/flickr/23406034449.jpg,sunset,2026-05-12 19:06:00.553639+00:00,0,flickr,
572,flickr,gold,0.75,0.75,train,https://storage.googleapis.com/sunrisesunset-32a25.firebasestorage.app/external_images/flickr/23376142905.jpg,sunset,2026-05-12 19:07:29.166930+00:00,0,flickr,
1520,flickr,gold,1.0,1.0,train,https://storage.googleapis.com/sunrisesunset-32a25.firebasestorage.app/external_images/flickr/5383380556.jpg,sunset,2026-05-12 19:24:22.699334+00:00,0,flickr,
1518,flickr,gold,0.25,0.25,train,https://storage.googleapis.com/sunrisesunset-32a25.firebasestorage.app/external_images/flickr/1842289446.jpg,sunset,2026-05-12 19:24:20.735124+00:00,0,flickr,
597,flickr,gold,1.0,1.0,train,https://storage.googleapis.com/sunrisesunset-32a25.firebasestorage.app/external_images/flickr/8255286958.jpg,sunset,2026-05-12 19:07:55.004704+00:00,0,flickr,
746,flickr,gold,1.0,1.0,train,https://storage.googleapis.com/sunrisesunset-32a25.firebasestorage.app/external_images/flickr/12824210963.jpg,sunset,2026-05-12 19:10:30.544816+00:00,0,flickr,
806,flickr,gold,1.0,1.0,train,https://storage.googleapis.com/sunrisesunset-32a25.firebasestorage.app/external_images/flickr/32906783580.jpg,sunset,2026-05-12 19:11:39.690805+00:00,0,flickr,
836,flickr,gold,1.0,1.0,train,https://storage.googleapis.com/sunrisesunset-32a25.firebasestorage.app/external_images/flickr/50979979606.jpg,sunset,2026-05-12 19:12:13.530814+00:00,0,flickr,
1576,flickr,gold,1.0,1.0,train,https://storage.googleapis.com/sunrisesunset-32a25.firebasestorage.app/external_images/flickr/53482153012.jpg,sunset,2026-05-12 19:25:25.322774+00:00,0,flickr,
869,flickr,gold,1.0,1.0,train,https://storage.googleapis.com/sunrisesunset-32a25.firebasestorage.app/external_images/flickr/9394270551.jpg,sunset,2026-05-12 19:12:48.319444+00:00,0,flickr,
999,flickr,gold,0.75,0.75,train,https://storage.googleapis.com/sunrisesunset-32a25.firebasestorage.app/external_images/flickr/14612760989.jpg,sunset,2026-05-12 19:15:04.105286+00:00,0,flickr,
1212,flickr,gold,1.0,1.0,train,https://storage.googleapis.com/sunrisesunset-32a25.firebasestorage.app/external_images/flickr/14221919358.jpg,sunset,2026-05-12 19:18:51.110649+00:00,0,flickr,
1826,flickr,gold,1.0,1.0,train,https://storage.googleapis.com/sunrisesunset-32a25.firebasestorage.app/external_images/flickr/23941919058.jpg,sunset,2026-05-12 19:29:51.450796+00:00,0,flickr,
1406,flickr,gold,0.75,0.75,train,https://storage.googleapis.com/sunrisesunset-32a25.firebasestorage.app/external_images/flickr/49532082288.jpg,sunset,2026-05-12 19:22:23.231134+00:00,0,flickr,
432,flickr,gold,1.0,1.0,train,https://storage.googleapis.com/sunrisesunset-32a25.firebasestorage.app/external_images/flickr/9509271156.jpg,sunset,2026-05-12 19:04:57.881605+00:00,0,flickr,
2679,flickr,gold,0.75,0.75,train,https://storage.googleapis.com/sunrisesunset-32a25.firebasestorage.app/external_images/flickr/54346335634.jpg,sunset,2026-05-12 19:44:44.800434+00:00,0,flickr,
2039,flickr,gold,1.0,1.0,train,https://storage.googleapis.com/sunrisesunset-32a25.firebasestorage.app/external_images/flickr/10978954873.jpg,sunset,2026-05-12 19:33:36.437029+00:00,0,flickr,
2687,flickr,gold,1.0,1.0,train,https://storage.googleapis.com/sunrisesunset-32a25.firebasestorage.app/external_images/flickr/12147788753.jpg,sunset,2026-05-12 19:44:52.731321+00:00,0,flickr,
2106,flickr,gold,0.75,0.75,train,https://storage.googleapis.com/sunrisesunset-32a25.firebasestorage.app/external_images/flickr/52358421124.jpg,sunset,2026-05-12 19:34:43.437963+00:00,0,flickr,
2222,flickr,gold,1.0,1.0,train,https://storage.googleapis.com/sunrisesunset-32a25.firebasestorage.app/external_images/flickr/1418556944.jpg,sunset,2026-05-12 19:36:45.874193+00:00,0,flickr,
2283,flickr,gold,1.0,1.0,train,https://storage.googleapis.com/sunrisesunset-32a25.firebasestorage.app/external_images/flickr/61459321.jpg,sunset,2026-05-12 19:37:46.903103+00:00,0,flickr,
1370,flickr,gold,0.5,0.5,train,https://storage.googleapis.com/sunrisesunset-32a25.firebasestorage.app/external_images/flickr/32888354940.jpg,sunset,2026-05-12 19:21:42.051045+00:00,0,flickr,
2483,flickr,gold,1.0,1.0,train,https://storage.googleapis.com/sunrisesunset-32a25.firebasestorage.app/external_images/flickr/10289855855.jpg,sunset,2026-05-12 19:41:19.061135+00:00,0,flickr,
1346,flickr,gold,1.0,1.0,train,https://storage.googleapis.com/sunrisesunset-32a25.firebasestorage.app/external_images/flickr/6490703513.jpg,sunset,2026-05-12 19:21:18.198041+00:00,0,flickr,
1337,flickr,gold,1.0,1.0,train,https://storage.googleapis.com/sunrisesunset-32a25.firebasestorage.app/external_images/flickr/2078462921.jpg,sunset,2026-05-12 19:21:09.098092+00:00,0,flickr,
125,flickr,gold,0.75,0.75,train,https://storage.googleapis.com/sunrisesunset-32a25.firebasestorage.app/external_images/flickr/54514676207.jpg,sunset,2026-05-12 18:59:11.100208+00:00,0,flickr,
3233,flickr,gold,1.0,1.0,train,https://storage.googleapis.com/sunrisesunset-32a25.firebasestorage.app/external_images/flickr/52906233745.jpg,sunset,2026-05-12 19:54:45.815785+00:00,0,flickr,
3261,flickr,gold,1.0,1.0,train,https://storage.googleapis.com/sunrisesunset-32a25.firebasestorage.app/external_images/flickr/19289611683.jpg,sunset,2026-05-12 19:55:15.427600+00:00,0,flickr,
3528,flickr,gold,1.0,1.0,train,https://storage.googleapis.com/sunrisesunset-32a25.firebasestorage.app/external_images/flickr/22558072679.jpg,sunset,2026-05-12 20:00:03.644743+00:00,0,flickr,
4536,flickr,gold,0.75,0.75,train,https://storage.googleapis.com/sunrisesunset-32a25.firebasestorage.app/external_images/flickr/31986653764.jpg,sunset,2026-05-12 20:18:57.848607+00:00,0,flickr,
5807,flickr,gold,1.0,1.0,train,https://storage.googleapis.com/sunrisesunset-32a25.firebasestorage.app/external_images/flickr/4894494114.jpg,sunset,2026-05-12 20:42:19.669484+00:00,0,flickr,
5579,flickr,gold,1.0,1.0,train,https://storage.googleapis.com/sunrisesunset-32a25.firebasestorage.app/external_images/flickr/7546995418.jpg,sunset,2026-05-12 20:38:06.661341+00:00,0,flickr,
5709,flickr,gold,1.0,1.0,train,https://storage.googleapis.com/sunrisesunset-32a25.firebasestorage.app/external_images/flickr/10715733895.jpg,sunset,2026-05-12 20:40:31.724423+00:00,0,flickr,
4318,flickr,gold,1.0,1.0,train,https://storage.googleapis.com/sunrisesunset-32a25.firebasestorage.app/external_images/flickr/15122670245.jpg,sunset,2026-05-12 20:14:49.102643+00:00,0,flickr,
